timestamp,vehicle_count,traffic_speed,congestion,noise_db,temperature,humidity,pressure,wind_speed,is_weekend,is_peak_hour,hour_sin,hour_cos,dow_sin,dow_cos,co2,aqi,obs_co2,obs_aqi,obs_noise_db,obs_congestion
2026-03-21 23:00:00,1218.0,38.7,0.141,68.98,25.1,68.0,1012.0,8.49,1,0,-0.25881904510252157,0.9659258262890681,-0.9749279121818236,-0.2225209339563146,405.9122124594624,115.0,0,1,1,1
2026-03-22 00:00:00,1491.0,37.6,0.164,70.05,24.7,71.0,1012.0,11.18,1,0,0.0,1.0,-0.7818314824680299,0.6234898018587334,405.9122124594624,131.0,0,1,1,1
2026-03-22 01:00:00,1643.0,37.8,0.159,70.43,24.0,74.0,1011.0,10.28,1,0,0.25881904510252074,0.9659258262890683,-0.7818314824680299,0.6234898018587334,405.9122124594624,152.0,0,1,1,1
2026-03-22 02:00:00,1605.0,43.5,0.032,69.31,23.6,78.0,1011.0,8.05,1,0,0.49999999999999994,0.8660254037844387,-0.7818314824680299,0.6234898018587334,405.9122124594624,154.0,0,1,1,1
2026-03-22 03:00:00,1477.0,44.4,0.014,68.81,23.0,82.0,1011.0,7.15,1,0,0.7071067811865476,0.7071067811865476,-0.7818314824680299,0.6234898018587334,405.9122124594624,156.0,0,1,1,1
2026-03-22 04:00:00,1155.0,38.0,0.155,68.87,22.9,83.0,1011.0,7.15,1,0,0.8660254037844386,0.5000000000000001,-0.7818314824680299,0.6234898018587334,405.9122124594624,153.0,0,1,1,1
2026-03-22 05:00:00,1599.0,39.0,0.132,70.09,22.5,84.0,1012.0,5.36,1,0,0.9659258262890683,0.25881904510252074,-0.7818314824680299,0.6234898018587334,405.9122124594624,152.0,0,1,1,1
2026-03-22 06:00:00,1574.8,39.16,0.1286,69.99600000000001,23.68,78.6,1012.4,5.898000000000001,1,0,1.0,6.123233995736766e-17,-0.7818314824680299,0.6234898018587334,405.9122124594624,143.6,0,0,0,0
2026-03-22 07:00:00,1550.6,39.32,0.1252,69.902,24.86,73.2,1012.8,6.436,1,0,0.9659258262890683,-0.25881904510252063,-0.7818314824680299,0.6234898018587334,405.9122124594624,135.2,0,0,0,0
2026-03-22 08:00:00,1526.4,39.48,0.1218,69.808,26.04,67.8,1013.2,6.974,1,0,0.8660254037844387,-0.4999999999999998,-0.7818314824680299,0.6234898018587334,405.9122124594624,126.8,0,0,0,0
2026-03-22 09:00:00,,,0.1184,69.714,,,,,1,0,0.7071067811865476,-0.7071067811865475,-0.7818314824680299,0.6234898018587334,405.9122124594624,118.4,0,0,0,0
2026-03-22 10:00:00,1478.0,39.8,0.115,69.62,28.4,57.0,1014.0,8.05,1,0,0.49999999999999994,-0.8660254037844387,-0.7818314824680299,0.6234898018587334,405.9122124594624,110.0,0,1,1,1
2026-03-22 11:00:00,1609.0,40.9,0.091,69.79,28.8,54.0,1013.0,5.81,1,0,0.258819045102521,-0.9659258262890682,-0.7818314824680299,0.6234898018587334,405.9122124594624,82.0,0,1,1,1
2026-03-22 12:00:00,1292.0,38.0,0.156,69.36,29.8,50.0,1012.0,4.02,1,0,1.2246467991473532e-16,-1.0,-0.7818314824680299,0.6234898018587334,405.9122124594624,93.0,0,1,1,1
2026-03-22 13:00:00,1710.0,39.3,0.127,70.35,30.5,44.0,1010.0,4.47,1,0,-0.2588190451025208,-0.9659258262890683,-0.7818314824680299,0.6234898018587334,405.9122124594624,102.0,0,1,1,1
2026-03-22 14:00:00,1396.5,42.35,0.057999999999999996,68.91499999999999,31.35,39.5,1008.0,4.695,1,0,-0.4999999999999997,-0.8660254037844388,-0.7818314824680299,0.6234898018587334,405.9122124594624,68.0,0,1,1,1
2026-03-22 15:00:00,1433.0,38.55,0.14300000000000002,69.66,31.1,41.0,1007.0,5.585,1,0,-0.7071067811865471,-0.7071067811865479,-0.7818314824680299,0.6234898018587334,405.9122124594624,60.0,0,1,1,1
2026-03-22 16:00:00,1267.5,43.0,0.044500000000000005,68.225,30.95,43.5,1007.0,3.09,1,0,-0.8660254037844385,-0.5000000000000004,-0.7818314824680299,0.6234898018587334,405.9122124594624,118.0,0,1,1,1
2026-03-22 17:00:00,1281.0,40.9,0.091,68.795,29.9,46.5,1008.0,4.115,1,0,-0.9659258262890683,-0.25881904510252063,-0.7818314824680299,0.6234898018587334,405.9122124594624,118.0,0,1,1,1
2026-03-22 18:00:00,1394.0,42.6,0.053000000000000005,68.85499999999999,29.1,48.0,1009.0,3.8600000000000003,1,0,-1.0,-1.8369701987210297e-16,-0.7818314824680299,0.6234898018587334,405.9122124594624,151.0,0,1,1,1
2026-03-22 19:00:00,1616.5,41.15,0.08650000000000001,69.775,28.55,51.0,1010.0,2.83,1,0,-0.9659258262890684,0.2588190451025203,-0.7818314824680299,0.6234898018587334,405.9122124594624,140.0,0,1,1,1
2026-03-22 20:00:00,1435.0,38.25,0.1495,69.75,28.3,50.0,1011.0,4.63,1,0,-0.8660254037844386,0.5000000000000001,-0.7818314824680299,0.6234898018587334,405.9122124594624,144.0,0,1,1,1
2026-03-22 21:00:00,1267.5,39.9,0.113,68.91,27.299999999999997,52.5,1012.0,4.84,1,0,-0.7071067811865477,0.7071067811865474,-0.7818314824680299,0.6234898018587334,405.9122124594624,149.0,0,1,1,1
2026-03-22 22:00:00,1288.0,39.3,0.126,69.11,26.0,57.0,1012.0,4.47,1,0,-0.5000000000000004,0.8660254037844384,-0.7818314824680299,0.6234898018587334,405.9122124594624,112.0,0,1,1,1
2026-03-22 23:00:00,1475.125,38.224999999999994,0.15,69.72,25.575,59.125,1012.125,4.3025,1,0,-0.25881904510252157,0.9659258262890681,-0.7818314824680299,0.6234898018587334,405.9122124594624,109.5,0,0,0,0
2026-03-23 00:00:00,1662.25,37.15,0.174,70.33,25.15,61.25,1012.25,4.135,0,0,0.0,1.0,0.0,1.0,405.9122124594624,107.0,0,0,0,0
2026-03-23 01:00:00,1849.375,36.074999999999996,0.198,70.94,24.725,63.375,1012.375,3.9675,0,0,0.25881904510252074,0.9659258262890683,0.0,1.0,405.9122124594624,104.5,0,0,0,0
2026-03-23 02:00:00,,,0.222,71.55,,,,,0,0,0.49999999999999994,0.8660254037844387,0.0,1.0,405.9122124594624,102.0,0,0,0,0
2026-03-23 03:00:00,,,0.246,72.16,,,,,0,0,0.7071067811865476,0.7071067811865476,0.0,1.0,405.9122124594624,99.5,0,0,0,0
2026-03-23 04:00:00,,,0.27,72.77,,,,,0,0,0.8660254037844386,0.5000000000000001,0.0,1.0,405.9122124594624,97.0,0,0,0,0
2026-03-23 05:00:00,,,,,,,,,0,0,0.9659258262890683,0.25881904510252074,0.0,1.0,405.9122124594624,75.51727721196325,0,0,0,0
2026-03-23 06:00:00,2785.0,30.7,0.318,73.99,22.6,74.0,1013.0,3.13,0,0,1.0,6.123233995736766e-17,0.0,1.0,405.9122124594624,92.0,0,1,1,1
2026-03-23 07:00:00,7476.5,9.45,0.7905,85.065,23.15,73.0,1014.0,3.8,0,1,0.9659258262890683,-0.25881904510252063,0.0,1.0,405.9122124594624,96.0,0,1,1,1
2026-03-23 08:00:00,7585.16,8.0,0.823,85.38499999999999,24.799999999999997,70.5,1014.0,3.23,0,1,0.8660254037844387,-0.4999999999999998,0.0,1.0,405.9122124594624,129.0,0,1,1,1
2026-03-23 09:00:00,7110.0,11.3,0.7495,84.5,27.8,58.0,1014.0,2.06,0,1,0.7071067811865476,-0.7071067811865475,0.0,1.0,405.9122124594624,95.0,0,1,1,1
2026-03-23 10:00:00,7402.5,9.05,0.7985,85.08000000000001,29.049999999999997,50.0,1013.0,4.64,0,1,0.49999999999999994,-0.8660254037844387,0.0,1.0,405.9122124594624,124.0,0,1,1,1
2026-03-23 11:00:00,3114.0,25.35,0.4365,75.42500000000001,29.700000000000003,44.5,1013.0,5.12,0,0,0.258819045102521,-0.9659258262890682,0.0,1.0,405.9122124594624,123.0,0,1,1,1
2026-03-23 12:00:00,2830.0,35.2,0.218,73.25,30.2,41.0,1011.0,6.26,0,0,1.2246467991473532e-16,-1.0,0.0,1.0,405.9122124594624,149.0,0,1,1,1
2026-03-23 13:00:00,2682.0,26.200000000000003,0.41800000000000004,74.61500000000001,31.3,37.0,1010.0,7.15,0,0,-0.2588190451025208,-0.9659258262890683,0.0,1.0,405.9122124594624,126.0,0,1,1,1
2026-03-23 14:00:00,2855.5,25.4,0.4345,75.025,31.75,36.0,1009.0,7.15,0,0,-0.4999999999999997,-0.8660254037844388,0.0,1.0,405.9122124594624,206.0,0,1,1,1
2026-03-23 15:00:00,3040.5,28.05,0.3765,74.845,31.7,35.5,1008.0,8.05,0,0,-0.7071067811865471,-0.7071067811865479,0.0,1.0,405.9122124594624,201.5,0,1,1,1
2026-03-23 16:00:00,3156.5,31.15,0.3075,74.445,31.5,36.0,1007.0,8.94,0,0,-0.8660254037844385,-0.5000000000000004,0.0,1.0,405.9122124594624,247.5,0,1,1,1
2026-03-23 17:00:00,6816.0,17.3,0.616,83.26,30.633333333333333,38.0,1008.0,7.6,0,1,-0.9659258262890683,-0.25881904510252063,0.0,1.0,405.9122124594624,227.33333333333334,0,0,1,1
2026-03-23 18:00:00,6406.5,15.100000000000001,0.6639999999999999,83.38,29.766666666666666,40.0,1009.0,6.26,0,1,-1.0,-1.8369701987210297e-16,0.0,1.0,405.9122124594624,207.16666666666666,0,0,1,1
2026-03-23 19:00:00,7124.0,10.100000000000001,0.7765,84.725,28.9,42.0,1010.0,4.92,0,1,-0.9659258262890684,0.2588190451025203,0.0,1.0,405.9122124594624,187.0,0,1,1,1
2026-03-23 20:00:00,7435.5,9.45,0.7905,85.035,27.9,43.0,1011.0,6.26,0,1,-0.8660254037844386,0.5000000000000001,0.0,1.0,405.9122124594624,179.5,0,1,1,1
2026-03-23 21:00:00,2839.0,31.7,0.296,73.9,26.7,46.0,1011.0,7.6,0,0,-0.7071067811865477,0.7071067811865474,0.0,1.0,405.9122124594624,172.0,0,1,1,1
2026-03-23 22:00:00,3037.717391304348,30.684782608695652,0.31854347826086954,74.39195652173913,26.752173913043478,46.108695652173914,1010.9565217391304,7.551521739130434,0,0,-0.5000000000000004,0.8660254037844384,0.0,1.0,405.9122124594624,172.3913043478261,0,0,0,0
2026-03-23 23:00:00,3236.4347826086955,29.669565217391302,0.3410869565217391,74.88391304347827,26.804347826086957,46.21739130434783,1010.9130434782609,7.503043478260869,0,0,-0.25881904510252157,0.9659258262890681,0.0,1.0,405.9122124594624,172.7826086956522,0,0,0,0
2026-03-24 00:00:00,3435.1521739130435,28.654347826086955,0.3636304347826087,75.3758695652174,26.856521739130432,46.32608695652174,1010.8695652173913,7.454565217391304,0,0,0.0,1.0,0.7818314824680298,0.6234898018587336,405.9122124594624,173.17391304347825,0,0,0,0
2026-03-24 01:00:00,,,0.38617391304347826,75.86782608695653,,,,,0,0,0.25881904510252074,0.9659258262890683,0.7818314824680298,0.6234898018587336,405.9122124594624,173.56521739130434,0,0,0,0
2026-03-24 02:00:00,,,0.4087173913043478,76.35978260869567,,,,,0,0,0.49999999999999994,0.8660254037844387,0.7818314824680298,0.6234898018587336,405.9122124594624,173.95652173913044,0,0,0,0
2026-03-24 03:00:00,,,0.4312608695652174,76.8517391304348,,,,,0,0,0.7071067811865476,0.7071067811865476,0.7818314824680298,0.6234898018587336,405.9122124594624,174.34782608695653,0,0,0,0
2026-03-24 04:00:00,,,,,,,,,0,0,0.8660254037844386,0.5000000000000001,0.7818314824680298,0.6234898018587336,405.9122124594624,75.51727721196325,0,0,0,0
2026-03-24 05:00:00,,,,,,,,,0,0,0.9659258262890683,0.25881904510252074,0.7818314824680298,0.6234898018587336,405.9122124594624,75.51727721196325,0,0,0,0
2026-03-24 06:00:00,,,,,,,,,0,0,1.0,6.123233995736766e-17,0.7818314824680298,0.6234898018587336,405.9122124594624,75.51727721196325,0,0,0,0
2026-03-24 07:00:00,,,,,,,,,0,1,0.9659258262890683,-0.25881904510252063,0.7818314824680298,0.6234898018587336,405.9122124594624,75.51727721196325,0,0,0,0
2026-03-24 08:00:00,,,,,,,,,0,1,0.8660254037844387,-0.4999999999999998,0.7818314824680298,0.6234898018587336,405.9122124594624,75.51727721196325,0,0,0,0
2026-03-24 09:00:00,,,,,,,,,0,1,0.7071067811865476,-0.7071067811865475,0.7818314824680298,0.6234898018587336,405.9122124594624,75.51727721196325,0,0,0,0
2026-03-24 10:00:00,,,,,,,,,0,1,0.49999999999999994,-0.8660254037844387,0.7818314824680298,0.6234898018587336,405.9122124594624,75.51727721196325,0,0,0,0
2026-03-24 11:00:00,,,,,,,,,0,0,0.258819045102521,-0.9659258262890682,0.7818314824680298,0.6234898018587336,405.9122124594624,75.51727721196325,0,0,0,0
2026-03-24 12:00:00,,,,,,,,,0,0,1.2246467991473532e-16,-1.0,0.7818314824680298,0.6234898018587336,405.9122124594624,75.51727721196325,0,0,0,0
2026-03-24 13:00:00,,,,,,,,,0,0,-0.2588190451025208,-0.9659258262890683,0.7818314824680298,0.6234898018587336,405.9122124594624,75.51727721196325,0,0,0,0
2026-03-24 14:00:00,,,,,,,,,0,0,-0.4999999999999997,-0.8660254037844388,0.7818314824680298,0.6234898018587336,405.9122124594624,75.51727721196325,0,0,0,0
2026-03-24 15:00:00,,,,,,,,,0,0,-0.7071067811865471,-0.7071067811865479,0.7818314824680298,0.6234898018587336,405.9122124594624,75.51727721196325,0,0,0,0
2026-03-24 16:00:00,,,,,,,,,0,0,-0.8660254037844385,-0.5000000000000004,0.7818314824680298,0.6234898018587336,405.9122124594624,75.51727721196325,0,0,0,0
2026-03-24 17:00:00,,,,,,,,,0,1,-0.9659258262890683,-0.25881904510252063,0.7818314824680298,0.6234898018587336,405.9122124594624,75.51727721196325,0,0,0,0
2026-03-24 18:00:00,,,,,,,,,0,1,-1.0,-1.8369701987210297e-16,0.7818314824680298,0.6234898018587336,405.9122124594624,75.51727721196325,0,0,0,0
2026-03-24 19:00:00,,,,,,,,,0,1,-0.9659258262890684,0.2588190451025203,0.7818314824680298,0.6234898018587336,405.9122124594624,75.51727721196325,0,0,0,0
2026-03-24 20:00:00,7409.5,8.35,0.8145,85.215,27.9,48.5,1010.0,6.484999999999999,0,1,-0.8660254037844386,0.5000000000000001,0.7818314824680298,0.6234898018587336,405.9122124594624,181.0,0,1,1,1
2026-03-24 21:00:00,3041.0,26.55,0.4105,75.10499999999999,26.4,56.0,1011.0,9.165,0,0,-0.7071067811865477,0.7071067811865474,0.7818314824680298,0.6234898018587336,405.9122124594624,181.0,0,1,1,1
2026-03-24 22:00:00,2928.0,27.6,0.3865,74.755,25.35,61.5,1012.0,10.055,0,0,-0.5000000000000004,0.8660254037844384,0.7818314824680298,0.6234898018587336,405.9122124594624,173.5,0,1,1,1
2026-03-24 23:00:00,3052.5,29.4,0.347,74.61500000000001,24.6,65.5,1012.0,7.825,0,0,-0.25881904510252157,0.9659258262890681,0.7818314824680298,0.6234898018587336,405.9122124594624,170.0,0,1,1,1
2026-03-25 00:00:00,3020.5,23.35,0.48050000000000004,75.645,24.0,68.5,1012.0,4.225,0,0,0.0,1.0,0.9749279121818236,-0.22252093395631434,405.9122124594624,167.5,0,1,1,1
2026-03-25 01:00:00,2999.5,28.700000000000003,0.3615,74.66,23.35,73.5,1011.0,3.3449999999999998,0,0,0.25881904510252074,0.9659258262890683,0.9749279121818236,-0.22252093395631434,405.9122124594624,158.5,0,1,1,1
2026-03-25 02:00:00,2825.5,25.0,0.444,75.045,22.9,76.5,1011.0,2.685,0,0,0.49999999999999994,0.8660254037844387,0.9749279121818236,-0.22252093395631434,405.9122124594624,158.0,0,1,1,1
2026-03-25 03:00:00,3028.0,32.65,0.2755,74.01499999999999,22.700000000000003,79.0,1011.0,2.9050000000000002,0,0,0.7071067811865476,0.7071067811865476,0.9749279121818236,-0.22252093395631434,405.9122124594624,147.0,0,1,1,1
2026-03-25 04:00:00,3119.5,30.95,0.3125,74.43,22.3,81.0,1011.0,3.13,0,0,0.8660254037844386,0.5000000000000001,0.9749279121818236,-0.22252093395631434,405.9122124594624,133.5,0,1,1,1
2026-03-25 05:00:00,3069.0,31.4,0.303,74.29,22.1,82.0,1011.0,3.13,0,0,0.9659258262890683,0.25881904510252074,0.9749279121818236,-0.22252093395631434,405.9122124594624,113.0,0,1,1,1
2026-03-25 06:00:00,3390.785714285714,29.849999999999998,0.3374285714285714,75.06,22.607142857142858,78.71428571428571,1010.8571428571429,3.6085714285714285,0,0,1.0,6.123233995736766e-17,0.9749279121818236,-0.22252093395631434,405.9122124594624,116.71428571428571,0,0,0,0
2026-03-25 07:00:00,3712.5714285714284,28.299999999999997,0.3718571428571429,75.83,23.114285714285714,75.42857142857143,1010.7142857142857,4.087142857142857,0,1,0.9659258262890683,-0.25881904510252063,0.9749279121818236,-0.22252093395631434,405.9122124594624,120.42857142857143,0,0,0,0
2026-03-25 08:00:00,4034.357142857143,26.75,0.4062857142857143,76.60000000000001,23.621428571428574,72.14285714285714,1010.5714285714286,4.565714285714286,0,1,0.8660254037844387,-0.4999999999999998,0.9749279121818236,-0.22252093395631434,405.9122124594624,124.14285714285714,0,0,0,0
2026-03-25 09:00:00,,,0.4407142857142857,77.37,,,,,0,1,0.7071067811865476,-0.7071067811865475,0.9749279121818236,-0.22252093395631434,405.9122124594624,127.85714285714286,0,0,0,0
2026-03-25 10:00:00,,,0.47514285714285714,78.14,,,,,0,1,0.49999999999999994,-0.8660254037844387,0.9749279121818236,-0.22252093395631434,405.9122124594624,131.57142857142858,0,0,0,0
2026-03-25 11:00:00,,,0.5095714285714286,78.91000000000001,,,,,0,0,0.258819045102521,-0.9659258262890682,0.9749279121818236,-0.22252093395631434,405.9122124594624,135.28571428571428,0,0,0,0
2026-03-25 12:00:00,,,,,,,,,0,0,1.2246467991473532e-16,-1.0,0.9749279121818236,-0.22252093395631434,405.9122124594624,75.51727721196325,0,0,0,0
2026-03-25 13:00:00,,,,,,,,,0,0,-0.2588190451025208,-0.9659258262890683,0.9749279121818236,-0.22252093395631434,405.9122124594624,75.51727721196325,0,0,0,0
2026-03-25 14:00:00,,,,,,,,,0,0,-0.4999999999999997,-0.8660254037844388,0.9749279121818236,-0.22252093395631434,405.9122124594624,75.51727721196325,0,0,0,0
2026-03-25 15:00:00,,,,,,,,,0,0,-0.7071067811865471,-0.7071067811865479,0.9749279121818236,-0.22252093395631434,405.9122124594624,75.51727721196325,0,0,0,0
2026-03-25 16:00:00,,,,,,,,,0,0,-0.8660254037844385,-0.5000000000000004,0.9749279121818236,-0.22252093395631434,405.9122124594624,75.51727721196325,0,0,0,0
2026-03-25 17:00:00,,,,,,,,,0,1,-0.9659258262890683,-0.25881904510252063,0.9749279121818236,-0.22252093395631434,405.9122124594624,75.51727721196325,0,0,0,0
2026-03-25 18:00:00,,,,,,,,,0,1,-1.0,-1.8369701987210297e-16,0.9749279121818236,-0.22252093395631434,405.9122124594624,75.51727721196325,0,0,0,0
2026-03-25 19:00:00,7574.0,9.7,0.785,85.07,29.2,36.0,1009.0,9.83,0,1,-0.9659258262890684,0.2588190451025203,0.9749279121818236,-0.22252093395631434,405.9122124594624,165.0,0,1,1,1
2026-03-25 20:00:00,7269.5,8.9,0.8025,85.035,28.35,38.0,1010.0,9.39,0,1,-0.8660254037844386,0.5000000000000001,0.9749279121818236,-0.22252093395631434,405.9122124594624,156.5,0,1,1,1
2026-03-25 21:00:00,3029.0,29.4,0.347,74.59,26.950000000000003,45.0,1011.0,11.4,0,0,-0.7071067811865477,0.7071067811865474,0.9749279121818236,-0.22252093395631434,405.9122124594624,143.0,0,1,1,1
2026-03-25 22:00:00,2755.0,28.15,0.3745,74.395,25.9,51.5,1012.0,11.175,0,0,-0.5000000000000004,0.8660254037844384,0.9749279121818236,-0.22252093395631434,405.9122124594624,127.0,0,1,1,1
2026-03-25 23:00:00,2883.0,28.700000000000003,0.3625,74.5,25.0,56.0,1012.0,8.72,0,0,-0.25881904510252157,0.9659258262890681,0.9749279121818236,-0.22252093395631434,405.9122124594624,118.0,0,1,1,1
2026-03-26 00:00:00,3044.5,27.6,0.3865,74.925,24.1,61.0,1012.0,6.705,0,0,0.0,1.0,0.43388373911755823,-0.900968867902419,405.9122124594624,116.5,0,1,1,1
2026-03-26 01:00:00,2930.5,24.799999999999997,0.4495,75.265,23.35,64.5,1012.0,6.26,0,0,0.25881904510252074,0.9659258262890683,0.43388373911755823,-0.900968867902419,405.9122124594624,112.0,0,1,1,1
2026-03-26 02:00:00,3096.0,27.9,0.38,74.94,22.6,69.0,1011.0,5.140000000000001,0,0,0.49999999999999994,0.8660254037844387,0.43388373911755823,-0.900968867902419,405.9122124594624,104.0,0,1,1,1
2026-03-26 03:00:00,3168.5,29.45,0.34550000000000003,74.75999999999999,21.75,72.5,1011.0,4.915,0,0,0.7071067811865476,0.7071067811865476,0.43388373911755823,-0.900968867902419,405.9122124594624,95.0,0,1,1,1
2026-03-26 04:00:00,2949.5,29.700000000000003,0.33899999999999997,74.39500000000001,21.299999999999997,76.0,1011.0,4.244999999999999,0,0,0.8660254037844386,0.5000000000000001,0.43388373911755823,-0.900968867902419,405.9122124594624,91.0,0,1,1,1
2026-03-26 05:00:00,2727.5,25.1,0.4425,74.89500000000001,20.8,81.0,1012.0,3.355,0,0,0.9659258262890683,0.25881904510252074,0.43388373911755823,-0.900968867902419,405.9122124594624,87.0,0,1,1,1
2026-03-26 06:00:00,4274.166666666667,18.650000000000002,0.5858333333333334,78.48166666666667,21.883333333333333,78.33333333333333,1012.6666666666666,4.025,0,0,1.0,6.123233995736766e-17,0.43388373911755823,-0.900968867902419,405.9122124594624,91.66666666666667,0,0,0,0
2026-03-26 07:00:00,5820.833333333334,12.200000000000001,0.7291666666666667,82.06833333333334,22.96666666666667,75.66666666666667,1013.3333333333334,4.695,0,1,0.9659258262890683,-0.25881904510252063,0.43388373911755823,-0.900968867902419,405.9122124594624,96.33333333333333,0,0,0,0
2026-03-26 08:00:00,7367.5,5.75,0.8725,85.655,24.05,73.0,1014.0,5.365,0,1,0.8660254037844387,-0.4999999999999998,0.43388373911755823,-0.900968867902419,405.9122124594624,101.0,0,1,1,1
2026-03-26 09:00:00,7220.0,7.35,0.8365,85.275,25.9,64.0,1014.0,2.57,0,1,0.7071067811865476,-0.7071067811865475,0.43388373911755823,-0.900968867902419,405.9122124594624,90.0,0,1,1,1
2026-03-26 10:00:00,6171.416666666666,12.9625,0.7117916666666667,82.58208333333334,27.775,53.91666666666667,1013.0,5.0575,0,1,0.49999999999999994,-0.8660254037844387,0.43388373911755823,-0.900968867902419,405.9122124594624,83.25,0,0,0,0
2026-03-26 11:00:00,5122.833333333333,18.575000000000003,0.5870833333333333,79.88916666666667,29.65,43.833333333333336,1012.0,7.545,0,0,0.258819045102521,-0.9659258262890682,0.43388373911755823,-0.900968867902419,405.9122124594624,76.5,0,0,0,0
2026-03-26 12:00:00,4074.2499999999995,24.1875,0.462375,77.19624999999999,31.525,33.75,1011.0,10.0325,0,0,1.2246467991473532e-16,-1.0,0.43388373911755823,-0.900968867902419,405.9122124594624,69.75,0,0,0,0
2026-03-26 13:00:00,3025.6666666666665,29.8,0.3376666666666666,74.50333333333333,33.4,23.666666666666668,1010.0,12.520000000000001,0,0,-0.2588190451025208,-0.9659258262890683,0.43388373911755823,-0.900968867902419,405.9122124594624,63.0,0,1,1,1
2026-03-26 14:00:00,4148.125,24.6125,0.45299999999999996,77.16624999999999,33.025,25.0,1009.75,12.24,0,0,-0.4999999999999997,-0.8660254037844388,0.43388373911755823,-0.900968867902419,405.9122124594624,63.0,0,0,0,0
2026-03-26 15:00:00,5270.583333333334,19.425,0.5683333333333334,79.82916666666667,32.65,26.333333333333336,1009.5,11.96,0,0,-0.7071067811865471,-0.7071067811865479,0.43388373911755823,-0.900968867902419,405.9122124594624,63.0,0,0,0,0
2026-03-26 16:00:00,6393.041666666667,14.2375,0.6836666666666666,82.49208333333334,32.275,27.666666666666668,1009.25,11.68,0,0,-0.8660254037844385,-0.5000000000000004,0.43388373911755823,-0.900968867902419,405.9122124594624,63.0,0,0,0,0
2026-03-26 17:00:00,7515.5,9.05,0.799,85.155,31.9,29.0,1009.0,11.399999999999999,0,1,-0.9659258262890683,-0.25881904510252063,0.43388373911755823,-0.900968867902419,405.9122124594624,63.0,0,1,1,1
2026-03-26 18:00:00,7585.16,7.35,0.837,85.515,30.5,31.0,1010.0,9.16,0,1,-1.0,-1.8369701987210297e-16,0.43388373911755823,-0.900968867902419,405.9122124594624,63.0,0,1,1,1
2026-03-26 19:00:00,7378.0,6.85,0.8480000000000001,85.465,29.450000000000003,33.0,1011.0,7.154999999999999,0,1,-0.9659258262890684,0.2588190451025203,0.43388373911755823,-0.900968867902419,405.9122124594624,101.5,0,1,1,1
2026-03-26 20:00:00,7459.5,8.7,0.8069999999999999,85.18,27.9,36.5,1012.0,8.045,0,1,-0.8660254037844386,0.5000000000000001,0.43388373911755823,-0.900968867902419,405.9122124594624,124.0,0,1,1,1
2026-03-26 21:00:00,2909.5,29.5,0.34450000000000003,74.39,26.549999999999997,41.0,1013.0,8.49,0,0,-0.7071067811865477,0.7071067811865474,0.43388373911755823,-0.900968867902419,405.9122124594624,124.0,0,1,1,1
2026-03-26 22:00:00,3212.0,25.4,0.4355,75.545,25.950000000000003,48.0,1014.0,7.825,0,0,-0.5000000000000004,0.8660254037844384,0.43388373911755823,-0.900968867902419,405.9122124594624,144.5,0,1,1,1
2026-03-26 23:00:00,3141.0,25.7,0.42900000000000005,75.395,25.1,54.5,1013.0,6.93,0,0,-0.25881904510252157,0.9659258262890681,0.43388373911755823,-0.900968867902419,405.9122124594624,126.5,0,1,1,1
2026-03-27 00:00:00,3036.5,30.85,0.314,74.33500000000001,24.0,60.0,1013.0,5.365,0,0,0.0,1.0,-0.433883739117558,-0.9009688679024191,405.9122124594624,123.0,0,1,1,1
2026-03-27 01:00:00,2961.5,29.55,0.3435,74.46000000000001,23.200000000000003,65.0,1012.0,4.244999999999999,0,0,0.25881904510252074,0.9659258262890683,-0.433883739117558,-0.9009688679024191,405.9122124594624,121.5,0,1,1,1
2026-03-27 02:00:00,2951.0,29.4,0.34650000000000003,74.47,22.450000000000003,69.0,1012.0,3.355,0,0,0.49999999999999994,0.8660254037844387,-0.433883739117558,-0.9009688679024191,405.9122124594624,126.0,0,1,1,1
2026-03-27 03:00:00,2902.0,28.549999999999997,0.366,74.555,21.95,71.0,1012.0,2.68,0,0,0.7071067811865476,0.7071067811865476,-0.433883739117558,-0.9009688679024191,405.9122124594624,121.0,0,1,1,1
2026-03-27 04:00:00,2814.0,27.6,0.387,74.59,21.1,74.0,1012.0,2.68,0,0,0.8660254037844386,0.5000000000000001,-0.433883739117558,-0.9009688679024191,405.9122124594624,119.0,0,1,1,1
2026-03-27 05:00:00,3147.6071428571427,26.185714285714287,0.4184285714285714,75.35892857142858,21.871428571428574,70.67857142857143,1011.6428571428571,3.0635714285714286,0,0,0.9659258262890683,0.25881904510252074,-0.433883739117558,-0.9009688679024191,405.9122124594624,114.64285714285714,0,0,0,0
2026-03-27 06:00:00,3481.214285714286,24.771428571428572,0.44985714285714284,76.12785714285714,22.642857142857142,67.35714285714286,1011.2857142857143,3.4471428571428575,0,0,1.0,6.123233995736766e-17,-0.433883739117558,-0.9009688679024191,405.9122124594624,110.28571428571429,0,0,0,0
2026-03-27 07:00:00,3814.8214285714284,23.357142857142858,0.4812857142857143,76.89678571428571,23.414285714285715,64.03571428571428,1010.9285714285714,3.8307142857142864,0,1,0.9659258262890683,-0.25881904510252063,-0.433883739117558,-0.9009688679024191,405.9122124594624,105.92857142857143,0,0,0,0
2026-03-27 08:00:00,,,0.5127142857142857,77.66571428571429,,,,,0,1,0.8660254037844387,-0.4999999999999998,-0.433883739117558,-0.9009688679024191,405.9122124594624,101.57142857142857,0,0,0,0
2026-03-27 09:00:00,,,0.5441428571428572,78.43464285714285,,,,,0,1,0.7071067811865476,-0.7071067811865475,-0.433883739117558,-0.9009688679024191,405.9122124594624,97.21428571428572,0,0,0,0
2026-03-27 10:00:00,,,0.5755714285714286,79.20357142857142,,,,,0,1,0.49999999999999994,-0.8660254037844387,-0.433883739117558,-0.9009688679024191,405.9122124594624,92.85714285714286,0,0,0,0
2026-03-27 11:00:00,,,,,,,,,0,0,0.258819045102521,-0.9659258262890682,-0.433883739117558,-0.9009688679024191,405.9122124594624,75.51727721196325,0,0,0,0
2026-03-27 12:00:00,,,,,,,,,0,0,1.2246467991473532e-16,-1.0,-0.433883739117558,-0.9009688679024191,405.9122124594624,75.51727721196325,0,0,0,0
2026-03-27 13:00:00,,,,,,,,,0,0,-0.2588190451025208,-0.9659258262890683,-0.433883739117558,-0.9009688679024191,405.9122124594624,75.51727721196325,0,0,0,0
2026-03-27 14:00:00,,,,,,,,,0,0,-0.4999999999999997,-0.8660254037844388,-0.433883739117558,-0.9009688679024191,405.9122124594624,75.51727721196325,0,0,0,0
2026-03-27 15:00:00,,,,,,,,,0,0,-0.7071067811865471,-0.7071067811865479,-0.433883739117558,-0.9009688679024191,405.9122124594624,75.51727721196325,0,0,0,0
2026-03-27 16:00:00,,,,,,,,,0,0,-0.8660254037844385,-0.5000000000000004,-0.433883739117558,-0.9009688679024191,405.9122124594624,75.51727721196325,0,0,0,0
2026-03-27 17:00:00,,,,,,,,,0,1,-0.9659258262890683,-0.25881904510252063,-0.433883739117558,-0.9009688679024191,405.9122124594624,75.51727721196325,0,0,0,0
2026-03-27 18:00:00,7484.5,7.800000000000001,0.827,85.35499999999999,31.9,27.5,1007.0,8.05,0,1,-1.0,-1.8369701987210297e-16,-0.433883739117558,-0.9009688679024191,405.9122124594624,58.0,0,1,1,1
2026-03-27 19:00:00,7215.5,10.95,0.757,84.635,30.4,30.5,1009.0,6.93,0,1,-0.9659258262890684,0.2588190451025203,-0.433883739117558,-0.9009688679024191,405.9122124594624,58.0,0,1,1,1
2026-03-27 20:00:00,7307.5,7.699999999999999,0.829,85.265,29.549999999999997,35.5,1010.0,5.585,0,1,-0.8660254037844386,0.5000000000000001,-0.433883739117558,-0.9009688679024191,405.9122124594624,58.0,0,1,1,1
2026-03-27 21:00:00,3017.0,22.1,0.5085000000000001,75.85,27.9,40.5,1011.0,6.26,0,0,-0.7071067811865477,0.7071067811865474,-0.433883739117558,-0.9009688679024191,405.9122124594624,58.0,0,1,1,1
2026-03-27 22:00:00,2985.0,27.0,0.399,74.94,27.4,45.0,1012.0,6.71,0,0,-0.5000000000000004,0.8660254037844384,-0.433883739117558,-0.9009688679024191,405.9122124594624,152.0,0,1,1,1
2026-03-27 23:00:00,2814.125,28.9375,0.356125,74.265,26.737499999999997,50.625,1012.0,6.12875,0,0,-0.25881904510252157,0.9659258262890681,-0.433883739117558,-0.9009688679024191,405.9122124594624,151.875,0,0,0,0
2026-03-28 00:00:00,2643.25,30.875,0.31325000000000003,73.59,26.075,56.25,1012.0,5.547499999999999,1,0,0.0,1.0,-0.9749279121818236,-0.2225209339563146,405.9122124594624,151.75,0,0,0,0
2026-03-28 01:00:00,2472.375,32.8125,0.27037500000000003,72.915,25.4125,61.875,1012.0,4.96625,1,0,0.25881904510252074,0.9659258262890683,-0.9749279121818236,-0.2225209339563146,405.9122124594624,151.625,0,0,0,0
2026-03-28 02:00:00,,,0.22750000000000004,72.24000000000001,,,,,1,0,0.49999999999999994,0.8660254037844387,-0.9749279121818236,-0.2225209339563146,405.9122124594624,151.5,0,0,0,0
2026-03-28 03:00:00,,,0.18462500000000004,71.56500000000001,,,,,1,0,0.7071067811865476,0.7071067811865476,-0.9749279121818236,-0.2225209339563146,405.9122124594624,151.375,0,0,0,0
2026-03-28 04:00:00,,,0.14175000000000001,70.89,,,,,1,0,0.8660254037844386,0.5000000000000001,-0.9749279121818236,-0.2225209339563146,405.9122124594624,151.25,0,0,0,0
2026-03-28 05:00:00,,,,,,,,,1,0,0.9659258262890683,0.25881904510252074,-0.9749279121818236,-0.2225209339563146,405.9122124594624,75.51727721196325,0,0,0,0
2026-03-28 06:00:00,1618.0,42.5,0.056,69.54,22.1,90.0,1012.0,2.06,1,0,1.0,6.123233995736766e-17,-0.9749279121818236,-0.2225209339563146,405.9122124594624,151.0,0,1,1,1
2026-03-28 07:00:00,1502.0,42.75,0.0505,69.17,23.05,86.5,1012.5,3.005,1,0,0.9659258262890683,-0.25881904510252063,-0.9749279121818236,-0.2225209339563146,405.9122124594624,152.0,0,1,1,1
2026-03-28 08:00:00,1438.5,37.55,0.16549999999999998,69.875,25.299999999999997,80.0,1014.5,2.57,1,0,0.8660254037844387,-0.4999999999999998,-0.9749279121818236,-0.2225209339563146,405.9122124594624,156.0,0,1,1,1
2026-03-28 09:00:00,1435.75,40.449999999999996,0.10149999999999999,69.365,27.4,67.25,1014.0,3.7424999999999997,1,0,0.7071067811865476,-0.7071067811865475,-0.9749279121818236,-0.2225209339563146,405.9122124594624,157.25,0,0,0,0
2026-03-28 10:00:00,1433.0,43.349999999999994,0.037500000000000006,68.85499999999999,29.5,54.5,1013.5,4.915,1,0,0.49999999999999994,-0.8660254037844387,-0.9749279121818236,-0.2225209339563146,405.9122124594624,158.5,0,1,1,1
2026-03-28 11:00:00,1466.5,43.1,0.056,70.295,30.85,44.5,1012.0,6.484999999999999,1,0,0.258819045102521,-0.9659258262890682,-0.9749279121818236,-0.2225209339563146,405.9122124594624,157.5,0,1,1,1
2026-03-28 12:00:00,1496.0,41.9,0.078,70.16,31.533333333333335,41.666666666666664,1010.0,5.353333333333333,1,0,1.2246467991473532e-16,-1.0,-0.9749279121818236,-0.2225209339563146,405.9122124594624,156.66666666666666,0,0,0,0
2026-03-28 13:00:00,1525.5,40.7,0.1,70.025,32.21666666666667,38.833333333333336,1008.0,4.221666666666666,1,0,-0.2588190451025208,-0.9659258262890683,-0.9749279121818236,-0.2225209339563146,405.9122124594624,155.83333333333334,0,0,0,0
2026-03-28 14:00:00,1555.0,39.5,0.122,69.89,32.9,36.0,1006.0,3.09,1,0,-0.4999999999999997,-0.8660254037844388,-0.9749279121818236,-0.2225209339563146,405.9122124594624,155.0,0,1,1,1
2026-03-28 15:00:00,1697.0,42.25,0.0615,69.785,32.85,35.5,1005.0,1.7999999999999998,1,0,-0.7071067811865471,-0.7071067811865479,-0.9749279121818236,-0.2225209339563146,405.9122124594624,155.0,0,1,1,1
2026-03-28 16:00:00,1484.0,37.5,0.16599999999999998,70.03999999999999,33.05,35.0,1006.0,3.085,1,0,-0.8660254037844385,-0.5000000000000004,-0.9749279121818236,-0.2225209339563146,405.9122124594624,152.0,0,1,1,1
2026-03-28 17:00:00,1360.0,40.7,0.095,69.1,32.2,36.0,1006.0,3.09,1,0,-0.9659258262890683,-0.25881904510252063,-0.9749279121818236,-0.2225209339563146,405.9122124594624,151.0,0,1,1,1
2026-03-28 18:00:00,1044.5,39.45,0.1235,67.345,31.2,40.0,1006.0,2.57,1,0,-1.0,-1.8369701987210297e-16,-0.9749279121818236,-0.2225209339563146,405.9122124594624,140.0,0,1,1,1
2026-03-28 19:00:00,1270.0,42.650000000000006,0.0695,69.75999999999999,31.05,40.5,1007.0,1.73,1,0,-0.9659258262890684,0.2588190451025203,-0.9749279121818236,-0.2225209339563146,405.9122124594624,154.0,0,1,1,1
2026-03-28 20:00:00,1542.0,40.25,0.1065,69.58000000000001,30.450000000000003,43.0,1008.0,0.9,1,0,-0.8660254037844386,0.5000000000000001,-0.9749279121818236,-0.2225209339563146,405.9122124594624,156.0,0,1,1,1
2026-03-28 21:00:00,1563.0,44.05,0.022,70.315,27.2,53.5,1009.0,1.54,1,0,-0.7071067811865477,0.7071067811865474,-0.9749279121818236,-0.2225209339563146,405.9122124594624,152.0,0,1,1,1
2026-03-28 22:00:00,1456.5,40.75,0.0955,69.39,25.950000000000003,59.5,1010.0,3.9349999999999996,1,0,-0.5000000000000004,0.8660254037844384,-0.9749279121818236,-0.2225209339563146,405.9122124594624,151.5,0,1,1,1
2026-03-28 23:00:00,1445.3076923076924,40.46153846153846,0.10176923076923076,69.40538461538462,26.28461538461539,58.46153846153846,1010.0,4.319999999999999,1,0,-0.25881904510252157,0.9659258262890681,-0.9749279121818236,-0.2225209339563146,405.9122124594624,151.53846153846155,0,0,0,0
2026-03-29 00:00:00,1434.1153846153845,40.17307692307692,0.10803846153846154,69.42076923076924,26.61923076923077,57.42307692307692,1010.0,4.705,1,0,0.0,1.0,-0.7818314824680299,0.6234898018587334,405.9122124594624,151.57692307692307,0,0,0,0
2026-03-29 01:00:00,1422.923076923077,39.88461538461539,0.1143076923076923,69.43615384615384,26.953846153846158,56.38461538461539,1010.0,5.09,1,0,0.25881904510252074,0.9659258262890683,-0.7818314824680299,0.6234898018587334,405.9122124594624,151.6153846153846,0,0,0,0
2026-03-29 02:00:00,,,0.12057692307692307,69.45153846153846,,,,,1,0,0.49999999999999994,0.8660254037844387,-0.7818314824680299,0.6234898018587334,405.9122124594624,151.65384615384616,0,0,0,0
2026-03-29 03:00:00,,,0.12684615384615383,69.46692307692308,,,,,1,0,0.7071067811865476,0.7071067811865476,-0.7818314824680299,0.6234898018587334,405.9122124594624,151.69230769230768,0,0,0,0
2026-03-29 04:00:00,,,0.1331153846153846,69.48230769230769,,,,,1,0,0.8660254037844386,0.5000000000000001,-0.7818314824680299,0.6234898018587334,405.9122124594624,151.73076923076923,0,0,0,0
2026-03-29 05:00:00,,,,,,,,,1,0,0.9659258262890683,0.25881904510252074,-0.7818314824680299,0.6234898018587334,405.9122124594624,75.51727721196325,0,0,0,0
2026-03-29 06:00:00,,,,,,,,,1,0,1.0,6.123233995736766e-17,-0.7818314824680299,0.6234898018587334,405.9122124594624,75.51727721196325,0,0,0,0
2026-03-29 07:00:00,,,,,,,,,1,0,0.9659258262890683,-0.25881904510252063,-0.7818314824680299,0.6234898018587334,405.9122124594624,75.51727721196325,0,0,0,0
2026-03-29 08:00:00,,,,,,,,,1,0,0.8660254037844387,-0.4999999999999998,-0.7818314824680299,0.6234898018587334,405.9122124594624,75.51727721196325,0,0,0,0
2026-03-29 09:00:00,,,,,,,,,1,0,0.7071067811865476,-0.7071067811865475,-0.7818314824680299,0.6234898018587334,405.9122124594624,75.51727721196325,0,0,0,0
2026-03-29 10:00:00,,,,,,,,,1,0,0.49999999999999994,-0.8660254037844387,-0.7818314824680299,0.6234898018587334,405.9122124594624,75.51727721196325,0,0,0,0
2026-03-29 11:00:00,1311.0,37.0,0.177,69.59,30.3,46.0,1010.0,8.94,1,0,0.258819045102521,-0.9659258262890682,-0.7818314824680299,0.6234898018587334,405.9122124594624,152.0,0,1,1,1
2026-03-29 12:00:00,1602.0,40.8,0.0935,69.795,30.549999999999997,45.5,1009.5,8.045,1,0,1.2246467991473532e-16,-1.0,-0.7818314824680299,0.6234898018587334,405.9122124594624,153.0,0,1,1,1
2026-03-29 13:00:00,1150.0,42.0,0.068,68.15,31.1,44.0,1008.0,7.15,1,0,-0.2588190451025208,-0.9659258262890683,-0.7818314824680299,0.6234898018587334,405.9122124594624,154.0,0,1,1,1
2026-03-29 14:00:00,1189.0,36.3,0.194,69.3,31.7,41.0,1007.0,7.15,1,0,-0.4999999999999997,-0.8660254037844388,-0.7818314824680299,0.6234898018587334,405.9122124594624,131.0,0,1,1,1
2026-03-29 15:00:00,1690.0,42.45,0.0565,69.73,32.150000000000006,39.0,1006.0,2.06,1,0,-0.7071067811865471,-0.7071067811865479,-0.7818314824680299,0.6234898018587334,405.9122124594624,128.0,0,1,1,1
2026-03-29 16:00:00,1329.0,36.400000000000006,0.1905,69.75999999999999,31.049999999999997,42.5,1007.0,3.295,1,0,-0.8660254037844385,-0.5000000000000004,-0.7818314824680299,0.6234898018587334,405.9122124594624,138.5,0,1,1,1
2026-03-29 17:00:00,1418.0,40.0,0.11199999999999999,69.41,30.9,42.0,1007.0,5.140000000000001,1,0,-0.9659258262890683,-0.25881904510252063,-0.7818314824680299,0.6234898018587334,405.9122124594624,133.5,0,1,1,1
2026-03-29 18:00:00,1428.5,39.35,0.12625,69.545,29.25,50.25,1008.25,6.4825,1,0,-1.0,-1.8369701987210297e-16,-0.7818314824680299,0.6234898018587334,405.9122124594624,137.25,0,0,0,0
2026-03-29 19:00:00,1439.0,38.7,0.1405,69.68,27.6,58.5,1009.5,7.825,1,0,-0.9659258262890684,0.2588190451025203,-0.7818314824680299,0.6234898018587334,405.9122124594624,141.0,0,1,1,1
2026-03-29 20:00:00,1450.5,40.95,0.09,69.335,24.25,76.5,1010.0,7.380000000000001,1,0,-0.8660254037844386,0.5000000000000001,-0.7818314824680299,0.6234898018587334,405.9122124594624,145.0,0,1,1,1
2026-03-29 21:00:00,1492.5,36.05,0.1985,70.255,23.65,76.0,1011.0,7.375,1,0,-0.7071067811865477,0.7071067811865474,-0.7818314824680299,0.6234898018587334,405.9122124594624,148.0,0,1,1,1
2026-03-29 22:00:00,1426.0,32.8,0.272,70.72,24.1,73.0,1010.0,7.15,1,0,-0.5000000000000004,0.8660254037844384,-0.7818314824680299,0.6234898018587334,405.9122124594624,151.0,0,1,1,1
2026-03-29 23:00:00,1470.1666666666667,32.90416666666666,0.26964583333333336,70.79458333333334,24.195833333333333,72.5,1010.0416666666666,7.075416666666667,1,0,-0.25881904510252157,0.9659258262890681,-0.7818314824680299,0.6234898018587334,405.9122124594624,151.04166666666666,0,0,0,0
2026-03-30 00:00:00,1514.3333333333333,33.00833333333333,0.2672916666666667,70.86916666666667,24.291666666666668,72.0,1010.0833333333334,7.0008333333333335,0,0,0.0,1.0,0.0,1.0,405.9122124594624,151.08333333333334,0,0,0,0
2026-03-30 01:00:00,1558.5,33.1125,0.26493750000000005,70.94375,24.387500000000003,71.5,1010.125,6.9262500000000005,0,0,0.25881904510252074,0.9659258262890683,0.0,1.0,405.9122124594624,151.125,0,0,0,0
2026-03-30 02:00:00,,,0.2625833333333334,71.01833333333333,,,,,0,0,0.49999999999999994,0.8660254037844387,0.0,1.0,405.9122124594624,151.16666666666666,0,0,0,0
2026-03-30 03:00:00,,,0.26022916666666673,71.09291666666667,,,,,0,0,0.7071067811865476,0.7071067811865476,0.0,1.0,405.9122124594624,151.20833333333334,0,0,0,0
2026-03-30 04:00:00,,,0.257875,71.16749999999999,,,,,0,0,0.8660254037844386,0.5000000000000001,0.0,1.0,405.9122124594624,151.25,0,0,0,0
2026-03-30 05:00:00,,,,,,,,,0,0,0.9659258262890683,0.25881904510252074,0.0,1.0,405.9122124594624,75.51727721196325,0,0,0,0
2026-03-30 06:00:00,,,,,,,,,0,0,1.0,6.123233995736766e-17,0.0,1.0,405.9122124594624,75.51727721196325,0,0,0,0
2026-03-30 07:00:00,,,,,,,,,0,1,0.9659258262890683,-0.25881904510252063,0.0,1.0,405.9122124594624,75.51727721196325,0,0,0,0
2026-03-30 08:00:00,,,,,,,,,0,1,0.8660254037844387,-0.4999999999999998,0.0,1.0,405.9122124594624,75.51727721196325,0,0,0,0
2026-03-30 09:00:00,,,,,,,,,0,1,0.7071067811865476,-0.7071067811865475,0.0,1.0,405.9122124594624,75.51727721196325,0,0,0,0
2026-03-30 10:00:00,,,,,,,,,0,1,0.49999999999999994,-0.8660254037844387,0.0,1.0,405.9122124594624,75.51727721196325,0,0,0,0
2026-03-30 11:00:00,,,,,,,,,0,0,0.258819045102521,-0.9659258262890682,0.0,1.0,405.9122124594624,75.51727721196325,0,0,0,0
2026-03-30 12:00:00,,,,,,,,,0,0,1.2246467991473532e-16,-1.0,0.0,1.0,405.9122124594624,75.51727721196325,0,0,0,0
2026-03-30 13:00:00,,,,,,,,,0,0,-0.2588190451025208,-0.9659258262890683,0.0,1.0,405.9122124594624,75.51727721196325,0,0,0,0
2026-03-30 14:00:00,,,,,,,,,0,0,-0.4999999999999997,-0.8660254037844388,0.0,1.0,405.9122124594624,75.51727721196325,0,0,0,0
2026-03-30 15:00:00,,,,,,,,,0,0,-0.7071067811865471,-0.7071067811865479,0.0,1.0,405.9122124594624,75.51727721196325,0,0,0,0
2026-03-30 16:00:00,,,,,,,,,0,0,-0.8660254037844385,-0.5000000000000004,0.0,1.0,405.9122124594624,75.51727721196325,0,0,0,0
2026-03-30 17:00:00,,,,,,,,,0,1,-0.9659258262890683,-0.25881904510252063,0.0,1.0,405.9122124594624,75.51727721196325,0,0,0,0
2026-03-30 18:00:00,,,,,,,,,0,1,-1.0,-1.8369701987210297e-16,0.0,1.0,405.9122124594624,75.51727721196325,0,0,0,0
2026-03-30 19:00:00,,,,,,,,,0,1,-0.9659258262890684,0.2588190451025203,0.0,1.0,405.9122124594624,75.51727721196325,0,0,0,0
2026-03-30 20:00:00,,,,,,,,,0,1,-0.8660254037844386,0.5000000000000001,0.0,1.0,405.9122124594624,75.51727721196325,0,0,0,0
2026-03-30 21:00:00,,,,,,,,,0,0,-0.7071067811865477,0.7071067811865474,0.0,1.0,405.9122124594624,75.51727721196325,0,0,0,0
2026-03-30 22:00:00,2486.0,35.3,0.21550000000000002,72.50999999999999,26.4,61.0,1011.0,5.36,0,0,-0.5000000000000004,0.8660254037844384,0.0,1.0,405.9122124594624,152.0,0,1,1,1
2026-03-30 23:00:00,2901.5,25.0,0.44399999999999995,75.175,25.8,61.5,1011.0,3.295,0,0,-0.25881904510252157,0.9659258262890681,0.0,1.0,405.9122124594624,149.5,0,1,1,1
2026-03-31 00:00:00,3102.0,31.2,0.307,74.36500000000001,25.2,63.0,1011.0,4.695,0,0,0.0,1.0,0.7818314824680298,0.6234898018587336,405.9122124594624,151.5,0,1,1,1
2026-03-31 01:00:00,3124.0,27.9,0.3795,74.96000000000001,24.3,65.5,1010.0,3.13,0,0,0.25881904510252074,0.9659258262890683,0.7818314824680298,0.6234898018587336,405.9122124594624,139.0,0,1,1,1
2026-03-31 02:00:00,2709.0,30.7,0.3185,73.87,23.85,68.5,1010.0,1.185,0,0,0.49999999999999994,0.8660254037844387,0.7818314824680298,0.6234898018587336,405.9122124594624,142.0,0,1,1,1
2026-03-31 03:00:00,2880.0,29.950000000000003,0.3345,74.25999999999999,23.3,70.5,1010.0,2.015,0,0,0.7071067811865476,0.7071067811865476,0.7818314824680298,0.6234898018587336,405.9122124594624,149.5,0,1,1,1
2026-03-31 04:00:00,2995.0,32.5,0.2775,73.97999999999999,22.75,72.5,1010.0,1.79,0,0,0.8660254037844386,0.5000000000000001,0.7818314824680298,0.6234898018587336,405.9122124594624,145.0,0,1,1,1
2026-03-31 05:00:00,3019.0,26.4,0.412,75.09,22.0,78.0,1011.0,2.68,0,0,0.9659258262890683,0.25881904510252074,0.7818314824680298,0.6234898018587336,405.9122124594624,149.0,0,1,1,1
2026-03-31 06:00:00,3370.243076923077,24.903846153846153,0.4453076923076923,75.89576923076923,22.68076923076923,74.8076923076923,1010.6923076923077,3.2988461538461538,0,0,1.0,6.123233995736766e-17,0.7818314824680298,0.6234898018587336,405.9122124594624,146.8846153846154,0,0,0,0
2026-03-31 07:00:00,3721.4861538461537,23.407692307692308,0.4786153846153846,76.70153846153846,23.361538461538462,71.61538461538461,1010.3846153846154,3.917692307692308,0,1,0.9659258262890683,-0.25881904510252063,0.7818314824680298,0.6234898018587336,405.9122124594624,144.76923076923077,0,0,0,0
2026-03-31 08:00:00,4072.7292307692305,21.91153846153846,0.5119230769230769,77.50730769230769,24.04230769230769,68.42307692307692,1010.0769230769231,4.536538461538462,0,1,0.8660254037844387,-0.4999999999999998,0.7818314824680298,0.6234898018587336,405.9122124594624,142.65384615384616,0,0,0,0
2026-03-31 09:00:00,,,0.5452307692307692,78.31307692307692,,,,,0,1,0.7071067811865476,-0.7071067811865475,0.7818314824680298,0.6234898018587336,405.9122124594624,140.53846153846155,0,0,0,0
2026-03-31 10:00:00,,,0.5785384615384616,79.11884615384615,,,,,0,1,0.49999999999999994,-0.8660254037844387,0.7818314824680298,0.6234898018587336,405.9122124594624,138.42307692307693,0,0,0,0
2026-03-31 11:00:00,,,0.6118461538461538,79.92461538461538,,,,,0,0,0.258819045102521,-0.9659258262890682,0.7818314824680298,0.6234898018587336,405.9122124594624,136.30769230769232,0,0,0,0
2026-03-31 12:00:00,,,,,,,,,0,0,1.2246467991473532e-16,-1.0,0.7818314824680298,0.6234898018587336,405.9122124594624,75.51727721196325,0,0,0,0
2026-03-31 13:00:00,,,,,,,,,0,0,-0.2588190451025208,-0.9659258262890683,0.7818314824680298,0.6234898018587336,405.9122124594624,75.51727721196325,0,0,0,0
2026-03-31 14:00:00,,,,,,,,,0,0,-0.4999999999999997,-0.8660254037844388,0.7818314824680298,0.6234898018587336,405.9122124594624,75.51727721196325,0,0,0,0
2026-03-31 15:00:00,,,,,,,,,0,0,-0.7071067811865471,-0.7071067811865479,0.7818314824680298,0.6234898018587336,405.9122124594624,75.51727721196325,0,0,0,0
2026-03-31 16:00:00,,,,,,,,,0,0,-0.8660254037844385,-0.5000000000000004,0.7818314824680298,0.6234898018587336,405.9122124594624,75.51727721196325,0,0,0,0
2026-03-31 17:00:00,,,,,,,,,0,1,-0.9659258262890683,-0.25881904510252063,0.7818314824680298,0.6234898018587336,405.9122124594624,75.51727721196325,0,0,0,0
2026-03-31 18:00:00,7585.16,6.95,0.845,85.565,30.85,36.5,1007.0,10.725,0,1,-1.0,-1.8369701987210297e-16,0.7818314824680298,0.6234898018587336,405.9122124594624,121.5,0,1,1,1
2026-03-31 19:00:00,7585.16,5.6,0.876,85.92,30.049999999999997,38.0,1009.0,7.6,0,1,-0.9659258262890684,0.2588190451025203,0.7818314824680298,0.6234898018587336,405.9122124594624,130.0,0,1,1,1
2026-03-31 20:00:00,7501.0,12.3,0.726,84.56,29.1,42.0,1010.0,6.484999999999999,0,1,-0.8660254037844386,0.5000000000000001,0.7818314824680298,0.6234898018587336,405.9122124594624,143.5,0,1,1,1
2026-03-31 21:00:00,3022.5,22.9,0.4905,75.72,27.5,49.5,1011.0,7.375,0,0,-0.7071067811865477,0.7071067811865474,0.7818314824680298,0.6234898018587336,405.9122124594624,125.5,0,1,1,1
2026-03-31 22:00:00,2956.5,24.95,0.446,75.27,26.2,56.0,1011.5,7.154999999999999,0,0,-0.5000000000000004,0.8660254037844384,0.7818314824680298,0.6234898018587336,405.9122124594624,106.0,0,1,1,1
2026-03-31 23:00:00,3026.5,29.0,0.35550000000000004,74.63499999999999,25.25,61.5,1012.0,6.48,0,0,-0.25881904510252157,0.9659258262890681,0.7818314824680298,0.6234898018587336,405.9122124594624,140.0,0,1,1,1
2026-04-01 00:00:00,3122.5,23.85,0.46950000000000003,75.695,24.55,66.5,1012.0,4.915,0,0,0.0,1.0,0.9749279121818236,-0.22252093395631434,405.9122124594624,152.5,0,1,1,1
2026-04-01 01:00:00,3063.0,28.65,0.363,74.765,24.1,70.5,1011.0,4.02,0,0,0.25881904510252074,0.9659258262890683,0.9749279121818236,-0.22252093395631434,405.9122124594624,160.5,0,1,1,1
2026-04-01 02:00:00,3091.5,32.35,0.2815,74.155,23.4,76.5,1011.0,4.244999999999999,0,0,0.49999999999999994,0.8660254037844387,0.9749279121818236,-0.22252093395631434,405.9122124594624,153.0,0,1,1,1
2026-04-01 03:00:00,3071.5,29.599999999999998,0.3425,74.61,22.75,83.0,1011.0,4.47,0,0,0.7071067811865476,0.7071067811865476,0.9749279121818236,-0.22252093395631434,405.9122124594624,118.0,0,1,1,1
2026-04-01 04:00:00,1614.5,30.7,0.318,69.9,22.1,86.0,1011.0,3.13,0,0,0.8660254037844386,0.5000000000000001,0.9749279121818236,-0.22252093395631434,405.9122124594624,115.0,0,1,1,1
2026-04-01 05:00:00,1723.6527777777778,30.202777777777776,0.32905555555555555,70.34555555555556,23.0,81.375,1010.6666666666666,3.5770833333333334,0,0,0.9659258262890683,0.25881904510252074,0.9749279121818236,-0.22252093395631434,405.9122124594624,115.66666666666667,0,0,0,0
2026-04-01 06:00:00,1832.8055555555557,29.705555555555556,0.34011111111111114,70.79111111111112,23.900000000000002,76.75,1010.3333333333334,4.024166666666667,0,0,1.0,6.123233995736766e-17,0.9749279121818236,-0.22252093395631434,405.9122124594624,116.33333333333333,0,0,0,0
2026-04-01 07:00:00,1941.9583333333335,29.208333333333332,0.3511666666666667,71.23666666666668,24.8,72.125,1010.0,4.47125,0,1,0.9659258262890683,-0.25881904510252063,0.9749279121818236,-0.22252093395631434,405.9122124594624,117.0,0,0,0,0
2026-04-01 08:00:00,,,0.3622222222222222,71.68222222222224,,,,,0,1,0.8660254037844387,-0.4999999999999998,0.9749279121818236,-0.22252093395631434,405.9122124594624,117.66666666666667,0,0,0,0
2026-04-01 09:00:00,,,0.3732777777777778,72.1277777777778,,,,,0,1,0.7071067811865476,-0.7071067811865475,0.9749279121818236,-0.22252093395631434,405.9122124594624,118.33333333333333,0,0,0,0
2026-04-01 10:00:00,,,0.38433333333333336,72.57333333333334,,,,,0,1,0.49999999999999994,-0.8660254037844387,0.9749279121818236,-0.22252093395631434,405.9122124594624,119.0,0,0,0,0
2026-04-01 11:00:00,,,,,,,,,0,0,0.258819045102521,-0.9659258262890682,0.9749279121818236,-0.22252093395631434,405.9122124594624,75.51727721196325,0,0,0,0
2026-04-01 12:00:00,,,,,,,,,0,0,1.2246467991473532e-16,-1.0,0.9749279121818236,-0.22252093395631434,405.9122124594624,75.51727721196325,0,0,0,0
2026-04-01 13:00:00,,,,,,,,,0,0,-0.2588190451025208,-0.9659258262890683,0.9749279121818236,-0.22252093395631434,405.9122124594624,75.51727721196325,0,0,0,0
2026-04-01 14:00:00,,,,,,,,,0,0,-0.4999999999999997,-0.8660254037844388,0.9749279121818236,-0.22252093395631434,405.9122124594624,75.51727721196325,0,0,0,0
2026-04-01 15:00:00,,,,,,,,,0,0,-0.7071067811865471,-0.7071067811865479,0.9749279121818236,-0.22252093395631434,405.9122124594624,75.51727721196325,0,0,0,0
2026-04-01 16:00:00,2924.3333333333335,24.733333333333334,0.4506666666666667,75.24666666666667,32.9,30.5,1007.0,8.495000000000001,0,0,-0.8660254037844385,-0.5000000000000004,0.9749279121818236,-0.22252093395631434,405.9122124594624,123.0,0,1,1,1
2026-04-01 17:00:00,7546.0,8.25,0.8175,85.315,31.85,32.5,1007.0,10.055,0,1,-0.9659258262890683,-0.25881904510252063,0.9749279121818236,-0.22252093395631434,405.9122124594624,106.0,0,1,1,1
2026-04-01 18:00:00,7478.5,8.8,0.8049999999999999,85.175,30.950000000000003,33.5,1008.0,10.055,0,1,-1.0,-1.8369701987210297e-16,0.9749279121818236,-0.22252093395631434,405.9122124594624,104.5,0,1,1,1
2026-04-01 19:00:00,7558.5,10.2,0.774,84.975,29.85,34.5,1010.0,8.27,0,1,-0.9659258262890684,0.2588190451025203,0.9749279121818236,-0.22252093395631434,405.9122124594624,99.5,0,1,1,1
2026-04-01 20:00:00,7585.16,9.55,0.7875000000000001,85.11,29.0,37.0,1011.0,8.05,0,1,-0.8660254037844386,0.5000000000000001,0.9749279121818236,-0.22252093395631434,405.9122124594624,116.5,0,1,1,1
2026-04-01 21:00:00,3167.0,28.1,0.3755,75.00999999999999,26.9,42.5,1012.0,7.6,0,0,-0.7071067811865477,0.7071067811865474,0.9749279121818236,-0.22252093395631434,405.9122124594624,117.5,0,1,1,1
2026-04-01 22:00:00,3009.5,27.15,0.397,74.96000000000001,25.85,46.5,1012.0,6.035,0,0,-0.5000000000000004,0.8660254037844384,0.9749279121818236,-0.22252093395631434,405.9122124594624,107.0,0,1,1,1
2026-04-01 23:00:00,2918.5,25.200000000000003,0.44,75.16999999999999,24.9,52.5,1012.0,4.47,0,0,-0.25881904510252157,0.9659258262890681,0.9749279121818236,-0.22252093395631434,405.9122124594624,107.0,0,1,1,1
2026-04-02 00:00:00,3205.0,29.15,0.3525,74.875,24.05,58.5,1012.0,3.355,0,0,0.0,1.0,0.43388373911755823,-0.900968867902419,405.9122124594624,106.5,0,1,1,1
2026-04-02 01:00:00,2943.0,30.85,0.3145,74.195,23.450000000000003,63.5,1012.0,3.355,0,0,0.25881904510252074,0.9659258262890683,0.43388373911755823,-0.900968867902419,405.9122124594624,89.5,0,1,1,1
2026-04-02 02:00:00,3177.5,30.5,0.3215,74.59,22.549999999999997,70.0,1011.0,3.58,0,0,0.49999999999999994,0.8660254037844387,0.43388373911755823,-0.900968867902419,405.9122124594624,78.0,0,1,1,1
2026-04-02 03:00:00,3179.5,31.8,0.2935,74.37,21.9,74.5,1011.0,3.58,0,0,0.7071067811865476,0.7071067811865476,0.43388373911755823,-0.900968867902419,405.9122124594624,74.5,0,1,1,1
2026-04-02 04:00:00,2932.0,24.799999999999997,0.449,75.265,20.9,77.5,1011.0,3.13,0,0,0.8660254037844386,0.5000000000000001,0.43388373911755823,-0.900968867902419,405.9122124594624,78.0,0,1,1,1
2026-04-02 05:00:00,2875.0,29.2,0.352,74.4,21.0,82.0,1012.0,3.13,0,0,0.9659258262890683,0.25881904510252074,0.43388373911755823,-0.900968867902419,405.9122124594624,84.0,0,1,1,1
2026-04-02 06:00:00,2861.7083333333335,29.06458333333333,0.35491666666666666,74.39812500000001,21.34375,79.46875,1012.0625,3.21375,0,0,1.0,6.123233995736766e-17,0.43388373911755823,-0.900968867902419,405.9122124594624,88.3125,0,0,0,0
2026-04-02 07:00:00,2848.4166666666665,28.929166666666667,0.35783333333333334,74.39625000000001,21.6875,76.9375,1012.125,3.2975,0,1,0.9659258262890683,-0.25881904510252063,0.43388373911755823,-0.900968867902419,405.9122124594624,92.625,0,0,0,0
2026-04-02 08:00:00,2835.125,28.79375,0.36074999999999996,74.394375,22.03125,74.40625,1012.1875,3.3812499999999996,0,1,0.8660254037844387,-0.4999999999999998,0.43388373911755823,-0.900968867902419,405.9122124594624,96.9375,0,0,0,0
2026-04-02 09:00:00,,,0.36366666666666664,74.3925,,,,,0,1,0.7071067811865476,-0.7071067811865475,0.43388373911755823,-0.900968867902419,405.9122124594624,101.25,0,0,0,0
2026-04-02 10:00:00,,,0.3665833333333333,74.390625,,,,,0,1,0.49999999999999994,-0.8660254037844387,0.43388373911755823,-0.900968867902419,405.9122124594624,105.5625,0,0,0,0
2026-04-02 11:00:00,,,0.3695,74.38875,,,,,0,0,0.258819045102521,-0.9659258262890682,0.43388373911755823,-0.900968867902419,405.9122124594624,109.875,0,0,0,0
2026-04-02 12:00:00,,,,,,,,,0,0,1.2246467991473532e-16,-1.0,0.43388373911755823,-0.900968867902419,405.9122124594624,75.51727721196325,0,0,0,0
2026-04-02 13:00:00,,,,,,,,,0,0,-0.2588190451025208,-0.9659258262890683,0.43388373911755823,-0.900968867902419,405.9122124594624,75.51727721196325,0,0,0,0
2026-04-02 14:00:00,,,,,,,,,0,0,-0.4999999999999997,-0.8660254037844388,0.43388373911755823,-0.900968867902419,405.9122124594624,75.51727721196325,0,0,0,0
2026-04-02 15:00:00,,,,,,,,,0,0,-0.7071067811865471,-0.7071067811865479,0.43388373911755823,-0.900968867902419,405.9122124594624,75.51727721196325,0,0,0,0
2026-04-02 16:00:00,,,,,,,,,0,0,-0.8660254037844385,-0.5000000000000004,0.43388373911755823,-0.900968867902419,405.9122124594624,75.51727721196325,0,0,0,0
2026-04-02 17:00:00,,,,,,,,,0,1,-0.9659258262890683,-0.25881904510252063,0.43388373911755823,-0.900968867902419,405.9122124594624,75.51727721196325,0,0,0,0
2026-04-02 18:00:00,,,,,,,,,0,1,-1.0,-1.8369701987210297e-16,0.43388373911755823,-0.900968867902419,405.9122124594624,75.51727721196325,0,0,0,0
2026-04-02 19:00:00,,,,,,,,,0,1,-0.9659258262890684,0.2588190451025203,0.43388373911755823,-0.900968867902419,405.9122124594624,75.51727721196325,0,0,0,0
2026-04-02 20:00:00,,,,,,,,,0,1,-0.8660254037844386,0.5000000000000001,0.43388373911755823,-0.900968867902419,405.9122124594624,75.51727721196325,0,0,0,0
2026-04-02 21:00:00,2662.3333333333335,27.03333333333333,0.39866666666666667,74.36999999999999,26.5,41.5,1013.0,4.47,0,0,-0.7071067811865477,0.7071067811865474,0.43388373911755823,-0.900968867902419,405.9122124594624,153.0,0,1,1,1
2026-04-02 22:00:00,2985.5,29.799999999999997,0.3375,74.44999999999999,26.05,44.5,1014.0,4.915,0,0,-0.5000000000000004,0.8660254037844384,0.43388373911755823,-0.900968867902419,405.9122124594624,154.5,0,1,1,1
2026-04-02 23:00:00,3038.0,29.4,0.34650000000000003,74.595,24.7,49.0,1014.0,5.8100000000000005,0,0,-0.25881904510252157,0.9659258262890681,0.43388373911755823,-0.900968867902419,405.9122124594624,156.0,0,1,1,1
2026-04-03 00:00:00,3054.5,25.1,0.442,75.38,24.1,51.5,1013.5,4.915,0,0,0.0,1.0,-0.433883739117558,-0.9009688679024191,405.9122124594624,116.0,0,1,1,1
2026-04-03 01:00:00,2833.5,29.85,0.3365,74.215,23.5,53.5,1013.5,3.355,0,0,0.25881904510252074,0.9659258262890683,-0.433883739117558,-0.9009688679024191,405.9122124594624,90.0,0,1,1,1
2026-04-03 02:00:00,2954.5,27.049999999999997,0.399,74.88,23.25,58.0,1012.5,2.24,0,0,0.49999999999999994,0.8660254037844387,-0.433883739117558,-0.9009688679024191,405.9122124594624,90.0,0,1,1,1
2026-04-03 03:00:00,3067.5,26.7,0.40700000000000003,75.12,23.0,58.5,1011.0,2.24,0,0,0.7071067811865476,0.7071067811865476,-0.433883739117558,-0.9009688679024191,405.9122124594624,106.0,0,1,1,1
2026-04-03 04:00:00,3068.5,27.45,0.39,74.99000000000001,22.6,64.5,1012.0,2.68,0,0,0.8660254037844386,0.5000000000000001,-0.433883739117558,-0.9009688679024191,405.9122124594624,128.0,0,1,1,1
2026-04-03 05:00:00,3191.0,28.75,0.362,74.935,21.9,75.0,1012.0,2.015,0,0,0.9659258262890683,0.25881904510252074,-0.433883739117558,-0.9009688679024191,405.9122124594624,128.0,0,1,1,1
2026-04-03 06:00:00,2954.0,25.35,0.436,75.19,22.05,78.0,1013.0,1.665,0,0,1.0,6.123233995736766e-17,-0.433883739117558,-0.9009688679024191,405.9122124594624,120.5,0,1,1,1
2026-04-03 07:00:00,7585.16,7.6,0.8315,85.565,22.9,86.0,1014.0,3.09,0,1,0.9659258262890683,-0.25881904510252063,-0.433883739117558,-0.9009688679024191,405.9122124594624,113.0,0,1,1,1
2026-04-03 08:00:00,7506.0,7.85,0.8245,85.35,24.9,78.5,1014.0,4.449999999999999,0,1,0.8660254037844387,-0.4999999999999998,-0.433883739117558,-0.9009688679024191,405.9122124594624,105.5,0,1,1,1
2026-04-03 09:00:00,7582.0,5.65,0.875,85.795,26.25,71.5,1015.0,6.484999999999999,0,1,0.7071067811865476,-0.7071067811865475,-0.433883739117558,-0.9009688679024191,405.9122124594624,106.5,0,1,1,1
2026-04-03 10:00:00,7261.0,7.15,0.8405,85.33500000000001,28.65,58.5,1014.0,7.15,0,1,0.49999999999999994,-0.8660254037844387,-0.433883739117558,-0.9009688679024191,405.9122124594624,112.5,0,1,1,1
2026-04-03 11:00:00,3143.0,28.4,0.368,74.92,29.75,52.0,1012.0,4.675,0,0,0.258819045102521,-0.9659258262890682,-0.433883739117558,-0.9009688679024191,405.9122124594624,71.0,0,1,1,1
2026-04-03 12:00:00,3119.0,29.15,0.352,74.75,30.8,45.0,1011.0,5.140000000000001,0,0,1.2246467991473532e-16,-1.0,-0.433883739117558,-0.9009688679024191,405.9122124594624,27.5,0,1,1,1
2026-04-03 13:00:00,2976.0,29.049999999999997,0.35350000000000004,74.565,31.549999999999997,42.0,1009.0,3.13,0,0,-0.2588190451025208,-0.9659258262890683,-0.433883739117558,-0.9009688679024191,405.9122124594624,57.0,0,1,1,1
2026-04-03 14:00:00,3139.0,31.4,0.302,74.38499999999999,32.5,37.5,1008.0,2.68,0,0,-0.4999999999999997,-0.8660254037844388,-0.433883739117558,-0.9009688679024191,405.9122124594624,63.5,0,1,1,1
2026-04-03 15:00:00,2917.0,26.200000000000003,0.4175,74.985,33.3,35.0,1007.0,2.46,0,0,-0.7071067811865471,-0.7071067811865479,-0.433883739117558,-0.9009688679024191,405.9122124594624,58.5,0,1,1,1
2026-04-03 16:00:00,3003.5,30.4,0.32399999999999995,74.37,33.0,35.0,1007.0,2.9050000000000002,0,0,-0.8660254037844385,-0.5000000000000004,-0.433883739117558,-0.9009688679024191,405.9122124594624,66.0,0,1,1,1
2026-04-03 17:00:00,7585.16,8.55,0.81,85.28999999999999,31.85,37.5,1007.0,4.244999999999999,0,1,-0.9659258262890683,-0.25881904510252063,-0.433883739117558,-0.9009688679024191,405.9122124594624,66.0,0,1,1,1
2026-04-03 18:00:00,7585.16,8.850000000000001,0.804,85.295,31.1,41.0,1007.0,4.47,0,1,-1.0,-1.8369701987210297e-16,-0.433883739117558,-0.9009688679024191,405.9122124594624,63.0,0,1,1,1
2026-04-03 19:00:00,7315.0,9.05,0.799,85.035,30.45,43.5,1008.0,3.32,0,1,-0.9659258262890684,0.2588190451025203,-0.433883739117558,-0.9009688679024191,405.9122124594624,68.0,0,1,1,1
2026-04-03 20:00:00,7335.0,8.7,0.8075,85.115,30.200000000000003,45.0,1010.0,1.375,0,1,-0.8660254037844386,0.5000000000000001,-0.433883739117558,-0.9009688679024191,405.9122124594624,68.0,0,1,1,1
2026-04-03 21:00:00,3303.5,25.5,0.4335,75.625,29.55,48.0,1011.0,2.205,0,0,-0.7071067811865477,0.7071067811865474,-0.433883739117558,-0.9009688679024191,405.9122124594624,76.0,0,1,1,1
2026-04-03 22:00:00,2959.5,26.85,0.40349999999999997,74.93,29.299999999999997,50.0,1011.0,0.74,0,0,-0.5000000000000004,0.8660254037844384,-0.433883739117558,-0.9009688679024191,405.9122124594624,89.0,0,1,1,1
2026-04-03 23:00:00,3025.0,25.7,0.428,75.23,27.049999999999997,58.5,1011.0,2.83,0,0,-0.25881904510252157,0.9659258262890681,-0.433883739117558,-0.9009688679024191,405.9122124594624,82.5,0,1,1,1
2026-04-04 00:00:00,2819.7,27.27,0.3932,74.44,27.005,59.65,1011.1,2.907,1,0,0.0,1.0,-0.9749279121818236,-0.2225209339563146,405.9122124594624,80.15,0,0,0,0
2026-04-04 01:00:00,2614.4,28.84,0.3584,73.65,26.959999999999997,60.8,1011.2,2.984,1,0,0.25881904510252074,0.9659258262890683,-0.9749279121818236,-0.2225209339563146,405.9122124594624,77.8,0,0,0,0
2026-04-04 02:00:00,2409.1,30.41,0.3236,72.86000000000001,26.915,61.95,1011.3,3.061,1,0,0.49999999999999994,0.8660254037844387,-0.9749279121818236,-0.2225209339563146,405.9122124594624,75.45,0,0,0,0
2026-04-04 03:00:00,,,0.2888,72.07000000000001,,,,,1,0,0.7071067811865476,0.7071067811865476,-0.9749279121818236,-0.2225209339563146,405.9122124594624,73.1,0,0,0,0
2026-04-04 04:00:00,,,0.254,71.28000000000002,,,,,1,0,0.8660254037844386,0.5000000000000001,-0.9749279121818236,-0.2225209339563146,405.9122124594624,70.75,0,0,0,0
2026-04-04 05:00:00,,,0.2192,70.49000000000001,,,,,1,0,0.9659258262890683,0.25881904510252074,-0.9749279121818236,-0.2225209339563146,405.9122124594624,68.4,0,0,0,0
2026-04-04 06:00:00,,,,,,,,,1,0,1.0,6.123233995736766e-17,-0.9749279121818236,-0.2225209339563146,405.9122124594624,75.51727721196325,0,0,0,0
2026-04-04 07:00:00,,,,,,,,,1,0,0.9659258262890683,-0.25881904510252063,-0.9749279121818236,-0.2225209339563146,405.9122124594624,75.51727721196325,0,0,0,0
2026-04-04 08:00:00,,,,,,,,,1,0,0.8660254037844387,-0.4999999999999998,-0.9749279121818236,-0.2225209339563146,405.9122124594624,75.51727721196325,0,0,0,0
2026-04-04 09:00:00,972.0,41.4,0.08,67.33000000000001,26.6,70.0,1012.0,3.6,1,0,0.7071067811865476,-0.7071067811865475,-0.9749279121818236,-0.2225209339563146,405.9122124594624,59.0,0,1,1,1
2026-04-04 10:00:00,1271.5,36.05,0.19899999999999998,69.635,29.35,56.0,1012.0,3.27,1,0,0.49999999999999994,-0.8660254037844387,-0.9749279121818236,-0.2225209339563146,405.9122124594624,50.5,0,1,1,1
2026-04-04 11:00:00,1740.5,39.85,0.1265,71.61500000000001,29.950000000000003,53.0,1011.0,2.5549999999999997,1,0,0.258819045102521,-0.9659258262890682,-0.9749279121818236,-0.2225209339563146,405.9122124594624,38.0,0,1,1,1
2026-04-04 12:00:00,1432.5,39.0,0.134,69.61,29.85,52.5,1009.5,2.83,1,0,1.2246467991473532e-16,-1.0,-0.9749279121818236,-0.2225209339563146,405.9122124594624,67.5,0,1,1,1
2026-04-04 13:00:00,1493.0,37.85,0.16,70.02,30.4,51.0,1008.0,2.57,1,0,-0.2588190451025208,-0.9659258262890683,-0.9749279121818236,-0.2225209339563146,405.9122124594624,62.5,0,1,1,1
2026-04-04 14:00:00,1232.5,39.95,0.112,68.60499999999999,31.15,48.5,1007.0,3.09,1,0,-0.4999999999999997,-0.8660254037844388,-0.9749279121818236,-0.2225209339563146,405.9122124594624,55.0,0,1,1,1
2026-04-04 15:00:00,1151.5,41.9,0.069,68.09,31.200000000000003,48.5,1006.0,2.0549999999999997,1,0,-0.7071067811865471,-0.7071067811865479,-0.9749279121818236,-0.2225209339563146,405.9122124594624,56.0,0,1,1,1
2026-04-04 16:00:00,1161.2592592592594,41.8,0.07118518518518518,68.14333333333333,31.185185185185187,48.2962962962963,1006.0370370370371,2.1444444444444444,1,0,-0.8660254037844385,-0.5000000000000004,-0.9749279121818236,-0.2225209339563146,405.9122124594624,55.74074074074074,0,0,0,0
2026-04-04 17:00:00,1171.0185185185185,41.699999999999996,0.07337037037037038,68.19666666666667,31.170370370370375,48.092592592592595,1006.074074074074,2.2338888888888886,1,0,-0.9659258262890683,-0.25881904510252063,-0.9749279121818236,-0.2225209339563146,405.9122124594624,55.48148148148148,0,0,0,0
2026-04-04 18:00:00,1180.7777777777778,41.6,0.07555555555555556,68.25,31.15555555555556,47.888888888888886,1006.1111111111111,2.3233333333333333,1,0,-1.0,-1.8369701987210297e-16,-0.9749279121818236,-0.2225209339563146,405.9122124594624,55.22222222222222,0,0,0,0
2026-04-04 19:00:00,,,0.07774074074074074,68.30333333333333,,,,,1,0,-0.9659258262890684,0.2588190451025203,-0.9749279121818236,-0.2225209339563146,405.9122124594624,54.96296296296296,0,0,0,0
2026-04-04 20:00:00,,,0.07992592592592593,68.35666666666667,,,,,1,0,-0.8660254037844386,0.5000000000000001,-0.9749279121818236,-0.2225209339563146,405.9122124594624,54.7037037037037,0,0,0,0
2026-04-04 21:00:00,,,0.08211111111111111,68.41,,,,,1,0,-0.7071067811865477,0.7071067811865474,-0.9749279121818236,-0.2225209339563146,405.9122124594624,54.44444444444444,0,0,0,0
2026-04-04 22:00:00,,,,,,,,,1,0,-0.5000000000000004,0.8660254037844384,-0.9749279121818236,-0.2225209339563146,405.9122124594624,75.51727721196325,0,0,0,0
2026-04-04 23:00:00,,,,,,,,,1,0,-0.25881904510252157,0.9659258262890681,-0.9749279121818236,-0.2225209339563146,405.9122124594624,75.51727721196325,0,0,0,0
2026-04-05 00:00:00,,,,,,,,,1,0,0.0,1.0,-0.7818314824680299,0.6234898018587334,405.9122124594624,75.51727721196325,0,0,0,0
2026-04-05 01:00:00,,,,,,,,,1,0,0.25881904510252074,0.9659258262890683,-0.7818314824680299,0.6234898018587334,405.9122124594624,75.51727721196325,0,0,0,0
2026-04-05 02:00:00,,,,,,,,,1,0,0.49999999999999994,0.8660254037844387,-0.7818314824680299,0.6234898018587334,405.9122124594624,75.51727721196325,0,0,0,0
2026-04-05 03:00:00,,,,,,,,,1,0,0.7071067811865476,0.7071067811865476,-0.7818314824680299,0.6234898018587334,405.9122124594624,75.51727721196325,0,0,0,0
2026-04-05 04:00:00,,,,,,,,,1,0,0.8660254037844386,0.5000000000000001,-0.7818314824680299,0.6234898018587334,405.9122124594624,75.51727721196325,0,0,0,0
2026-04-05 05:00:00,,,,,,,,,1,0,0.9659258262890683,0.25881904510252074,-0.7818314824680299,0.6234898018587334,405.9122124594624,75.51727721196325,0,0,0,0
2026-04-05 06:00:00,,,,,,,,,1,0,1.0,6.123233995736766e-17,-0.7818314824680299,0.6234898018587334,405.9122124594624,75.51727721196325,0,0,0,0
2026-04-05 07:00:00,,,,,,,,,1,0,0.9659258262890683,-0.25881904510252063,-0.7818314824680299,0.6234898018587334,405.9122124594624,75.51727721196325,0,0,0,0
2026-04-05 08:00:00,,,,,,,,,1,0,0.8660254037844387,-0.4999999999999998,-0.7818314824680299,0.6234898018587334,405.9122124594624,75.51727721196325,0,0,0,0
2026-04-05 09:00:00,,,,,,,,,1,0,0.7071067811865476,-0.7071067811865475,-0.7818314824680299,0.6234898018587334,405.9122124594624,75.51727721196325,0,0,0,0
2026-04-05 10:00:00,,,,,,,,,1,0,0.49999999999999994,-0.8660254037844387,-0.7818314824680299,0.6234898018587334,405.9122124594624,75.51727721196325,0,0,0,0
2026-04-05 11:00:00,,,,,,,,,1,0,0.258819045102521,-0.9659258262890682,-0.7818314824680299,0.6234898018587334,405.9122124594624,75.51727721196325,0,0,0,0
2026-04-05 12:00:00,,,,,,,,,1,0,1.2246467991473532e-16,-1.0,-0.7818314824680299,0.6234898018587334,405.9122124594624,75.51727721196325,0,0,0,0
2026-04-05 13:00:00,,,,,,,,,1,0,-0.2588190451025208,-0.9659258262890683,-0.7818314824680299,0.6234898018587334,405.9122124594624,75.51727721196325,0,0,0,0
2026-04-05 14:00:00,,,,,,,,,1,0,-0.4999999999999997,-0.8660254037844388,-0.7818314824680299,0.6234898018587334,405.9122124594624,75.51727721196325,0,0,0,0
2026-04-05 15:00:00,,,,,,,,,1,0,-0.7071067811865471,-0.7071067811865479,-0.7818314824680299,0.6234898018587334,405.9122124594624,75.51727721196325,0,0,0,0
2026-04-05 16:00:00,,,,,,,,,1,0,-0.8660254037844385,-0.5000000000000004,-0.7818314824680299,0.6234898018587334,405.9122124594624,75.51727721196325,0,0,0,0
2026-04-05 17:00:00,,,,,,,,,1,0,-0.9659258262890683,-0.25881904510252063,-0.7818314824680299,0.6234898018587334,405.9122124594624,75.51727721196325,0,0,0,0
2026-04-05 18:00:00,1415.0,39.2,0.128,69.53,30.8,43.0,1007.0,4.47,1,0,-1.0,-1.8369701987210297e-16,-0.7818314824680299,0.6234898018587334,405.9122124594624,49.0,0,1,1,1
2026-04-05 19:00:00,1650.0,37.7,0.162,70.455,29.950000000000003,45.5,1009.0,3.355,1,0,-0.9659258262890684,0.2588190451025203,-0.7818314824680299,0.6234898018587334,405.9122124594624,50.5,0,1,1,1
2026-04-05 20:00:00,1398.0,40.5,0.10049999999999999,69.25,28.549999999999997,49.5,1010.0,4.025,1,0,-0.8660254037844386,0.5000000000000001,-0.7818314824680299,0.6234898018587334,405.9122124594624,61.0,0,1,1,1
2026-04-05 21:00:00,1559.0,43.55,0.032,69.175,27.7,53.5,1011.0,4.244999999999999,1,0,-0.7071067811865477,0.7071067811865474,-0.7818314824680299,0.6234898018587334,405.9122124594624,67.5,0,1,1,1
2026-04-05 22:00:00,1563.5,38.9,0.1355,69.965,26.700000000000003,56.0,1011.0,2.9050000000000002,1,0,-0.5000000000000004,0.8660254037844384,-0.7818314824680299,0.6234898018587334,405.9122124594624,66.5,0,1,1,1
2026-04-05 23:00:00,1449.0,38.4,0.146,69.78,26.9,57.0,1011.0,4.02,1,0,-0.25881904510252157,0.9659258262890681,-0.7818314824680299,0.6234898018587334,405.9122124594624,66.0,0,1,1,1
2026-04-06 00:00:00,1735.9285714285713,36.904761904761905,0.17928571428571427,70.52833333333334,27.00952380952381,56.333333333333336,1010.952380952381,3.956190476190476,0,0,0.0,1.0,0.0,1.0,405.9122124594624,65.4047619047619,0,0,0,0
2026-04-06 01:00:00,2022.8571428571427,35.40952380952381,0.21257142857142858,71.27666666666667,27.119047619047617,55.666666666666664,1010.9047619047619,3.892380952380952,0,0,0.25881904510252074,0.9659258262890683,0.0,1.0,405.9122124594624,64.80952380952381,0,0,0,0
2026-04-06 02:00:00,2309.785714285714,33.91428571428571,0.24585714285714283,72.025,27.228571428571428,55.0,1010.8571428571429,3.8285714285714283,0,0,0.49999999999999994,0.8660254037844387,0.0,1.0,405.9122124594624,64.21428571428571,0,0,0,0
2026-04-06 03:00:00,,,0.27914285714285714,72.77333333333334,,,,,0,0,0.7071067811865476,0.7071067811865476,0.0,1.0,405.9122124594624,63.61904761904762,0,0,0,0
2026-04-06 04:00:00,,,0.3124285714285714,73.52166666666668,,,,,0,0,0.8660254037844386,0.5000000000000001,0.0,1.0,405.9122124594624,63.023809523809526,0,0,0,0
2026-04-06 05:00:00,,,0.3457142857142857,74.27000000000001,,,,,0,0,0.9659258262890683,0.25881904510252074,0.0,1.0,405.9122124594624,62.42857142857143,0,0,0,0
2026-04-06 06:00:00,,,,,,,,,0,0,1.0,6.123233995736766e-17,0.0,1.0,405.9122124594624,75.51727721196325,0,0,0,0
2026-04-06 07:00:00,,,,,,,,,0,1,0.9659258262890683,-0.25881904510252063,0.0,1.0,405.9122124594624,75.51727721196325,0,0,0,0
2026-04-06 08:00:00,,,,,,,,,0,1,0.8660254037844387,-0.4999999999999998,0.0,1.0,405.9122124594624,75.51727721196325,0,0,0,0
2026-04-06 09:00:00,,,,,,,,,0,1,0.7071067811865476,-0.7071067811865475,0.0,1.0,405.9122124594624,75.51727721196325,0,0,0,0
2026-04-06 10:00:00,,,,,,,,,0,1,0.49999999999999994,-0.8660254037844387,0.0,1.0,405.9122124594624,75.51727721196325,0,0,0,0
2026-04-06 11:00:00,,,,,,,,,0,0,0.258819045102521,-0.9659258262890682,0.0,1.0,405.9122124594624,75.51727721196325,0,0,0,0
2026-04-06 12:00:00,,,,,,,,,0,0,1.2246467991473532e-16,-1.0,0.0,1.0,405.9122124594624,75.51727721196325,0,0,0,0
2026-04-06 13:00:00,,,,,,,,,0,0,-0.2588190451025208,-0.9659258262890683,0.0,1.0,405.9122124594624,75.51727721196325,0,0,0,0
2026-04-06 14:00:00,,,,,,,,,0,0,-0.4999999999999997,-0.8660254037844388,0.0,1.0,405.9122124594624,75.51727721196325,0,0,0,0
2026-04-06 15:00:00,,,,,,,,,0,0,-0.7071067811865471,-0.7071067811865479,0.0,1.0,405.9122124594624,75.51727721196325,0,0,0,0
2026-04-06 16:00:00,,,,,,,,,0,0,-0.8660254037844385,-0.5000000000000004,0.0,1.0,405.9122124594624,75.51727721196325,0,0,0,0
2026-04-06 17:00:00,,,,,,,,,0,1,-0.9659258262890683,-0.25881904510252063,0.0,1.0,405.9122124594624,75.51727721196325,0,0,0,0
2026-04-06 18:00:00,,,,,,,,,0,1,-1.0,-1.8369701987210297e-16,0.0,1.0,405.9122124594624,75.51727721196325,0,0,0,0
2026-04-06 19:00:00,,,,,,,,,0,1,-0.9659258262890684,0.2588190451025203,0.0,1.0,405.9122124594624,75.51727721196325,0,0,0,0
2026-04-06 20:00:00,7474.5,7.0,0.845,85.495,29.200000000000003,43.0,1010.0,2.68,0,1,-0.8660254037844386,0.5000000000000001,0.0,1.0,405.9122124594624,53.5,0,1,1,1
2026-04-06 21:00:00,2908.5,24.0,0.46699999999999997,75.37,27.8,47.0,1011.0,2.46,0,0,-0.7071067811865477,0.7071067811865474,0.0,1.0,405.9122124594624,63.0,0,1,1,1
2026-04-06 22:00:00,3139.0,27.0,0.4,75.16499999999999,27.0,51.5,1013.0,1.54,0,0,-0.5000000000000004,0.8660254037844384,0.0,1.0,405.9122124594624,76.0,0,1,1,1
2026-04-06 23:00:00,2776.0,27.05,0.399,74.625,26.8,51.5,1013.0,2.625,0,0,-0.25881904510252157,0.9659258262890681,0.0,1.0,405.9122124594624,86.0,0,1,1,1
2026-04-07 00:00:00,2975.0,33.25,0.261,73.82,26.450000000000003,51.5,1012.0,3.04,0,0,0.0,1.0,0.7818314824680298,0.6234898018587336,405.9122124594624,87.5,0,1,1,1
2026-04-07 01:00:00,3066.0,32.65,0.275,74.065,25.4,57.0,1012.0,5.8100000000000005,0,0,0.25881904510252074,0.9659258262890683,0.7818314824680298,0.6234898018587336,405.9122124594624,81.0,0,1,1,1
2026-04-07 02:00:00,2787.0,28.65,0.3635,74.345,23.75,65.5,1011.0,6.26,0,0,0.49999999999999994,0.8660254037844387,0.7818314824680298,0.6234898018587336,405.9122124594624,72.0,0,1,1,1
2026-04-07 03:00:00,2951.0,26.6,0.4085,74.97,22.65,68.5,1011.0,2.885,0,0,0.7071067811865476,0.7071067811865476,0.7818314824680298,0.6234898018587336,405.9122124594624,57.0,0,1,1,1
2026-04-07 04:00:00,3075.0,25.1,0.4425,75.41499999999999,22.049999999999997,72.5,1012.0,2.68,0,0,0.8660254037844386,0.5000000000000001,0.7818314824680298,0.6234898018587336,405.9122124594624,45.0,0,1,1,1
2026-04-07 05:00:00,3318.875,24.26875,0.46096875,75.97156249999999,22.434374999999996,70.21875,1011.875,2.705625,0,0,0.9659258262890683,0.25881904510252074,0.7818314824680298,0.6234898018587336,405.9122124594624,44.5,0,0,0,0
2026-04-07 06:00:00,3562.75,23.4375,0.4794375,76.52812499999999,22.818749999999998,67.9375,1011.75,2.73125,0,0,1.0,6.123233995736766e-17,0.7818314824680298,0.6234898018587336,405.9122124594624,44.0,0,0,0,0
2026-04-07 07:00:00,3806.625,22.606250000000003,0.49790625,77.08468749999999,23.203124999999996,65.65625,1011.625,2.756875,0,1,0.9659258262890683,-0.25881904510252063,0.7818314824680298,0.6234898018587336,405.9122124594624,43.5,0,0,0,0
2026-04-07 08:00:00,,,0.516375,77.64124999999999,,,,,0,1,0.8660254037844387,-0.4999999999999998,0.7818314824680298,0.6234898018587336,405.9122124594624,43.0,0,0,0,0
2026-04-07 09:00:00,,,0.53484375,78.19781249999998,,,,,0,1,0.7071067811865476,-0.7071067811865475,0.7818314824680298,0.6234898018587336,405.9122124594624,42.5,0,0,0,0
2026-04-07 10:00:00,,,0.5533125,78.75437499999998,,,,,0,1,0.49999999999999994,-0.8660254037844387,0.7818314824680298,0.6234898018587336,405.9122124594624,42.0,0,0,0,0
2026-04-07 11:00:00,,,,,,,,,0,0,0.258819045102521,-0.9659258262890682,0.7818314824680298,0.6234898018587336,405.9122124594624,75.51727721196325,0,0,0,0
2026-04-07 12:00:00,,,,,,,,,0,0,1.2246467991473532e-16,-1.0,0.7818314824680298,0.6234898018587336,405.9122124594624,75.51727721196325,0,0,0,0
2026-04-07 13:00:00,,,,,,,,,0,0,-0.2588190451025208,-0.9659258262890683,0.7818314824680298,0.6234898018587336,405.9122124594624,75.51727721196325,0,0,0,0
2026-04-07 14:00:00,,,,,,,,,0,0,-0.4999999999999997,-0.8660254037844388,0.7818314824680298,0.6234898018587336,405.9122124594624,75.51727721196325,0,0,0,0
2026-04-07 15:00:00,,,,,,,,,0,0,-0.7071067811865471,-0.7071067811865479,0.7818314824680298,0.6234898018587336,405.9122124594624,75.51727721196325,0,0,0,0
2026-04-07 16:00:00,,,,,,,,,0,0,-0.8660254037844385,-0.5000000000000004,0.7818314824680298,0.6234898018587336,405.9122124594624,75.51727721196325,0,0,0,0
2026-04-07 17:00:00,,,,,,,,,0,1,-0.9659258262890683,-0.25881904510252063,0.7818314824680298,0.6234898018587336,405.9122124594624,75.51727721196325,0,0,0,0
2026-04-07 18:00:00,,,,,,,,,0,1,-1.0,-1.8369701987210297e-16,0.7818314824680298,0.6234898018587336,405.9122124594624,75.51727721196325,0,0,0,0
2026-04-07 19:00:00,,,,,,,,,0,1,-0.9659258262890684,0.2588190451025203,0.7818314824680298,0.6234898018587336,405.9122124594624,75.51727721196325,0,0,0,0
2026-04-07 20:00:00,6977.0,11.8,0.738,84.32,28.2,36.0,1010.0,3.09,0,1,-0.8660254037844386,0.5000000000000001,0.7818314824680298,0.6234898018587336,405.9122124594624,37.0,0,1,1,1
2026-04-07 21:00:00,3022.0,26.65,0.4075,75.055,26.85,38.0,1011.0,3.5549999999999997,0,0,-0.7071067811865477,0.7071067811865474,0.7818314824680298,0.6234898018587336,405.9122124594624,58.5,0,1,1,1
2026-04-07 22:00:00,3044.5,27.5,0.389,74.945,26.75,42.0,1011.0,3.355,0,0,-0.5000000000000004,0.8660254037844384,0.7818314824680298,0.6234898018587336,405.9122124594624,63.5,0,1,1,1
2026-04-07 23:00:00,3010.5,27.9,0.38,74.82,25.65,45.5,1012.0,4.695,0,0,-0.25881904510252157,0.9659258262890681,0.7818314824680298,0.6234898018587336,405.9122124594624,64.0,0,1,1,1
2026-04-08 00:00:00,2744.0,23.950000000000003,0.4675,75.11500000000001,25.15,51.5,1011.5,4.244999999999999,0,0,0.0,1.0,0.9749279121818236,-0.22252093395631434,405.9122124594624,55.0,0,1,1,1
2026-04-08 01:00:00,2995.722222222222,23.013888888888893,0.4883055555555556,75.68361111111112,25.525,50.47222222222222,1011.3055555555555,4.555277777777777,0,0,0.25881904510252074,0.9659258262890683,0.9749279121818236,-0.22252093395631434,405.9122124594624,54.888888888888886,0,0,0,0
2026-04-08 02:00:00,3247.4444444444443,22.07777777777778,0.5091111111111112,76.25222222222223,25.9,49.44444444444444,1011.1111111111111,4.865555555555555,0,0,0.49999999999999994,0.8660254037844387,0.9749279121818236,-0.22252093395631434,405.9122124594624,54.77777777777778,0,0,0,0
2026-04-08 03:00:00,3499.1666666666665,21.14166666666667,0.5299166666666667,76.82083333333334,26.275,48.416666666666664,1010.9166666666666,5.175833333333332,0,0,0.7071067811865476,0.7071067811865476,0.9749279121818236,-0.22252093395631434,405.9122124594624,54.666666666666664,0,0,0,0
2026-04-08 04:00:00,,,0.5507222222222222,77.38944444444445,,,,,0,0,0.8660254037844386,0.5000000000000001,0.9749279121818236,-0.22252093395631434,405.9122124594624,54.55555555555556,0,0,0,0
2026-04-08 05:00:00,,,0.5715277777777779,77.95805555555556,,,,,0,0,0.9659258262890683,0.25881904510252074,0.9749279121818236,-0.22252093395631434,405.9122124594624,54.44444444444444,0,0,0,0
2026-04-08 06:00:00,,,0.5923333333333334,78.52666666666667,,,,,0,0,1.0,6.123233995736766e-17,0.9749279121818236,-0.22252093395631434,405.9122124594624,54.333333333333336,0,0,0,0
2026-04-08 07:00:00,,,,,,,,,0,1,0.9659258262890683,-0.25881904510252063,0.9749279121818236,-0.22252093395631434,405.9122124594624,75.51727721196325,0,0,0,0
2026-04-08 08:00:00,,,,,,,,,0,1,0.8660254037844387,-0.4999999999999998,0.9749279121818236,-0.22252093395631434,405.9122124594624,75.51727721196325,0,0,0,0
2026-04-08 09:00:00,,,,,,,,,0,1,0.7071067811865476,-0.7071067811865475,0.9749279121818236,-0.22252093395631434,405.9122124594624,75.51727721196325,0,0,0,0
2026-04-08 10:00:00,,,,,,,,,0,1,0.49999999999999994,-0.8660254037844387,0.9749279121818236,-0.22252093395631434,405.9122124594624,75.51727721196325,0,0,0,0
2026-04-08 11:00:00,,,,,,,,,0,0,0.258819045102521,-0.9659258262890682,0.9749279121818236,-0.22252093395631434,405.9122124594624,75.51727721196325,0,0,0,0
2026-04-08 12:00:00,,,,,,,,,0,0,1.2246467991473532e-16,-1.0,0.9749279121818236,-0.22252093395631434,405.9122124594624,75.51727721196325,0,0,0,0
2026-04-08 13:00:00,,,,,,,,,0,0,-0.2588190451025208,-0.9659258262890683,0.9749279121818236,-0.22252093395631434,405.9122124594624,75.51727721196325,0,0,0,0
2026-04-08 14:00:00,,,,,,,,,0,0,-0.4999999999999997,-0.8660254037844388,0.9749279121818236,-0.22252093395631434,405.9122124594624,75.51727721196325,0,0,0,0
2026-04-08 15:00:00,,,,,,,,,0,0,-0.7071067811865471,-0.7071067811865479,0.9749279121818236,-0.22252093395631434,405.9122124594624,75.51727721196325,0,0,0,0
2026-04-08 16:00:00,,,,,,,,,0,0,-0.8660254037844385,-0.5000000000000004,0.9749279121818236,-0.22252093395631434,405.9122124594624,75.51727721196325,0,0,0,0
2026-04-08 17:00:00,,,,,,,,,0,1,-0.9659258262890683,-0.25881904510252063,0.9749279121818236,-0.22252093395631434,405.9122124594624,75.51727721196325,0,0,0,0
2026-04-08 18:00:00,7275.0,7.1,0.842,85.35,31.9,33.0,1008.0,9.83,0,1,-1.0,-1.8369701987210297e-16,0.9749279121818236,-0.22252093395631434,405.9122124594624,53.0,0,1,1,1
2026-04-08 19:00:00,7179.5,7.3,0.837,85.255,31.4,33.0,1009.0,8.045,0,1,-0.9659258262890684,0.2588190451025203,0.9749279121818236,-0.22252093395631434,405.9122124594624,58.5,0,1,1,1
2026-04-08 20:00:00,7248.0,12.600000000000001,0.7195,84.35499999999999,30.5,35.0,1010.0,7.6,0,1,-0.8660254037844386,0.5000000000000001,0.9749279121818236,-0.22252093395631434,405.9122124594624,72.5,0,1,1,1
2026-04-08 21:00:00,3178.0,21.15,0.5295,76.25,28.9,38.5,1011.0,6.484999999999999,0,0,-0.7071067811865477,0.7071067811865474,0.9749279121818236,-0.22252093395631434,405.9122124594624,81.5,0,1,1,1
2026-04-08 22:00:00,2940.0,27.1,0.3985,74.87,28.55,43.5,1012.0,3.11,0,0,-0.5000000000000004,0.8660254037844384,0.9749279121818236,-0.22252093395631434,405.9122124594624,88.5,0,1,1,1
2026-04-08 23:00:00,2729.0,29.65,0.34099999999999997,74.08000000000001,27.6,51.0,1012.0,4.035,0,0,-0.25881904510252157,0.9659258262890681,0.9749279121818236,-0.22252093395631434,405.9122124594624,100.0,0,1,1,1
2026-04-09 00:00:00,3240.0,26.8,0.405,75.35,27.2,57.0,1011.0,3.58,0,0,0.0,1.0,0.43388373911755823,-0.900968867902419,405.9122124594624,99.0,0,1,1,1
2026-04-09 01:00:00,3186.0,26.125,0.41975,75.3925,26.6375,61.25,1011.0,3.2,0,0,0.25881904510252074,0.9659258262890683,0.43388373911755823,-0.900968867902419,405.9122124594624,90.875,0,0,0,0
2026-04-09 02:00:00,3132.0,25.450000000000003,0.4345,75.435,26.075000000000003,65.5,1011.0,2.8200000000000003,0,0,0.49999999999999994,0.8660254037844387,0.43388373911755823,-0.900968867902419,405.9122124594624,82.75,0,0,0,0
2026-04-09 03:00:00,3078.0,24.775000000000002,0.44925,75.4775,25.512500000000003,69.75,1011.0,2.44,0,0,0.7071067811865476,0.7071067811865476,0.43388373911755823,-0.900968867902419,405.9122124594624,74.625,0,0,0,0
2026-04-09 04:00:00,3024.0,24.1,0.46399999999999997,75.52000000000001,24.950000000000003,74.0,1011.0,2.06,0,0,0.8660254037844386,0.5000000000000001,0.43388373911755823,-0.900968867902419,405.9122124594624,66.5,0,1,1,1
2026-04-09 05:00:00,2850.0,28.9,0.358,74.41499999999999,24.35,79.5,1012.0,4.64,0,0,0.9659258262890683,0.25881904510252074,0.43388373911755823,-0.900968867902419,405.9122124594624,64.0,0,1,1,1
2026-04-09 06:00:00,2863.818181818182,28.445454545454545,0.368,74.51545454545453,25.181818181818183,75.63636363636364,1011.5454545454545,4.868181818181818,0,0,1.0,6.123233995736766e-17,0.43388373911755823,-0.900968867902419,405.9122124594624,59.54545454545455,0,0,0,0
2026-04-09 07:00:00,2877.6363636363635,27.99090909090909,0.378,74.61590909090908,26.013636363636365,71.77272727272727,1011.0909090909091,5.096363636363636,0,1,0.9659258262890683,-0.25881904510252063,0.43388373911755823,-0.900968867902419,405.9122124594624,55.09090909090909,0,0,0,0
2026-04-09 08:00:00,2891.4545454545455,27.536363636363635,0.388,74.71636363636362,26.845454545454547,67.9090909090909,1010.6363636363636,5.324545454545454,0,1,0.8660254037844387,-0.4999999999999998,0.43388373911755823,-0.900968867902419,405.9122124594624,50.63636363636364,0,0,0,0
2026-04-09 09:00:00,,,0.398,74.81681818181818,,,,,0,1,0.7071067811865476,-0.7071067811865475,0.43388373911755823,-0.900968867902419,405.9122124594624,46.18181818181819,0,0,0,0
2026-04-09 10:00:00,,,0.40800000000000003,74.91727272727272,,,,,0,1,0.49999999999999994,-0.8660254037844387,0.43388373911755823,-0.900968867902419,405.9122124594624,41.72727272727273,0,0,0,0
2026-04-09 11:00:00,,,0.41800000000000004,75.01772727272726,,,,,0,0,0.258819045102521,-0.9659258262890682,0.43388373911755823,-0.900968867902419,405.9122124594624,37.27272727272727,0,0,0,0
2026-04-09 12:00:00,,,,,,,,,0,0,1.2246467991473532e-16,-1.0,0.43388373911755823,-0.900968867902419,405.9122124594624,75.51727721196325,0,0,0,0
2026-04-09 13:00:00,,,,,,,,,0,0,-0.2588190451025208,-0.9659258262890683,0.43388373911755823,-0.900968867902419,405.9122124594624,75.51727721196325,0,0,0,0
2026-04-09 14:00:00,,,,,,,,,0,0,-0.4999999999999997,-0.8660254037844388,0.43388373911755823,-0.900968867902419,405.9122124594624,75.51727721196325,0,0,0,0
2026-04-09 15:00:00,,,,,,,,,0,0,-0.7071067811865471,-0.7071067811865479,0.43388373911755823,-0.900968867902419,405.9122124594624,75.51727721196325,0,0,0,0
2026-04-09 16:00:00,3002.0,23.9,0.468,75.52,33.5,37.0,1007.0,7.15,0,0,-0.8660254037844385,-0.5000000000000004,0.43388373911755823,-0.900968867902419,405.9122124594624,15.0,0,1,1,1
2026-04-09 17:00:00,7570.0,8.95,0.801,85.195,32.75,37.5,1007.0,8.27,0,1,-0.9659258262890683,-0.25881904510252063,0.43388373911755823,-0.900968867902419,405.9122124594624,15.0,0,1,1,1
2026-04-09 18:00:00,7523.0,8.2,0.8180000000000001,85.305,32.05,39.0,1009.0,4.914999999999999,0,1,-1.0,-1.8369701987210297e-16,0.43388373911755823,-0.900968867902419,405.9122124594624,15.0,0,1,1,1
2026-04-09 19:00:00,7437.5,8.75,0.806,85.16,31.15,41.0,1010.0,3.13,0,1,-0.9659258262890684,0.2588190451025203,0.43388373911755823,-0.900968867902419,405.9122124594624,66.0,0,1,1,1
2026-04-09 20:00:00,7585.16,11.05,0.755,84.875,29.950000000000003,47.0,1012.0,3.6550000000000002,0,1,-0.8660254037844386,0.5000000000000001,0.43388373911755823,-0.900968867902419,405.9122124594624,66.0,0,1,1,1
2026-04-09 21:00:00,3096.0,26.7,0.406,75.155,28.35,55.5,1012.0,2.665,0,0,-0.7071067811865477,0.7071067811865474,0.43388373911755823,-0.900968867902419,405.9122124594624,76.0,0,1,1,1
2026-04-09 22:00:00,3039.5,32.2,0.2845,74.095,27.35,60.0,1013.0,4.47,0,0,-0.5000000000000004,0.8660254037844384,0.43388373911755823,-0.900968867902419,405.9122124594624,86.0,0,1,1,1
2026-04-09 23:00:00,2990.0,28.950000000000003,0.35650000000000004,74.605,26.65,65.5,1013.0,5.365,0,0,-0.25881904510252157,0.9659258262890681,0.43388373911755823,-0.900968867902419,405.9122124594624,83.5,0,1,1,1
2026-04-10 00:00:00,2954.0,29.5,0.345,74.465,25.950000000000003,69.0,1012.0,8.495000000000001,0,0,0.0,1.0,-0.433883739117558,-0.9009688679024191,405.9122124594624,78.0,0,1,1,1
2026-04-10 01:00:00,2936.5,25.35,0.437,75.17,25.35,72.0,1012.0,8.715,0,0,0.25881904510252074,0.9659258262890683,-0.433883739117558,-0.9009688679024191,405.9122124594624,73.0,0,1,1,1
2026-04-10 02:00:00,3174.5,26.700000000000003,0.4065,75.27,24.45,75.5,1011.0,5.585,0,0,0.49999999999999994,0.8660254037844387,-0.433883739117558,-0.9009688679024191,405.9122124594624,69.5,0,1,1,1
2026-04-10 03:00:00,3025.5,31.95,0.2905,74.13,24.4,76.5,1011.0,4.695,0,0,0.7071067811865476,0.7071067811865476,-0.433883739117558,-0.9009688679024191,405.9122124594624,57.0,0,1,1,1
2026-04-10 04:00:00,3066.5,33.4,0.2585,73.93,24.049999999999997,79.0,1012.0,4.92,0,0,0.8660254037844386,0.5000000000000001,-0.433883739117558,-0.9009688679024191,405.9122124594624,69.0,0,1,1,1
2026-04-10 05:00:00,3076.0,25.6,0.432,75.34,23.5,83.0,1012.0,4.47,0,0,0.9659258262890683,0.25881904510252074,-0.433883739117558,-0.9009688679024191,405.9122124594624,73.0,0,1,1,1
2026-04-10 06:00:00,3085.7272727272725,25.554545454545455,0.4329090909090909,75.36045454545454,24.463636363636365,78.9090909090909,1011.5454545454545,5.018636363636364,0,0,1.0,6.123233995736766e-17,-0.433883739117558,-0.9009688679024191,405.9122124594624,71.9090909090909,0,0,0,0
2026-04-10 07:00:00,3095.4545454545455,25.50909090909091,0.4338181818181818,75.3809090909091,25.427272727272726,74.81818181818181,1011.0909090909091,5.5672727272727265,0,1,0.9659258262890683,-0.25881904510252063,-0.433883739117558,-0.9009688679024191,405.9122124594624,70.81818181818181,0,0,0,0
2026-04-10 08:00:00,3105.181818181818,25.463636363636365,0.43472727272727274,75.40136363636364,26.39090909090909,70.72727272727273,1010.6363636363636,6.11590909090909,0,1,0.8660254037844387,-0.4999999999999998,-0.433883739117558,-0.9009688679024191,405.9122124594624,69.72727272727273,0,0,0,0
2026-04-10 09:00:00,,,0.43563636363636365,75.42181818181818,,,,,0,1,0.7071067811865476,-0.7071067811865475,-0.433883739117558,-0.9009688679024191,405.9122124594624,68.63636363636364,0,0,0,0
2026-04-10 10:00:00,,,0.43654545454545457,75.44227272727272,,,,,0,1,0.49999999999999994,-0.8660254037844387,-0.433883739117558,-0.9009688679024191,405.9122124594624,67.54545454545455,0,0,0,0
2026-04-10 11:00:00,,,0.4374545454545455,75.46272727272728,,,,,0,0,0.258819045102521,-0.9659258262890682,-0.433883739117558,-0.9009688679024191,405.9122124594624,66.45454545454545,0,0,0,0
2026-04-10 12:00:00,,,,,,,,,0,0,1.2246467991473532e-16,-1.0,-0.433883739117558,-0.9009688679024191,405.9122124594624,75.51727721196325,0,0,0,0
2026-04-10 13:00:00,,,,,,,,,0,0,-0.2588190451025208,-0.9659258262890683,-0.433883739117558,-0.9009688679024191,405.9122124594624,75.51727721196325,0,0,0,0
2026-04-10 14:00:00,,,,,,,,,0,0,-0.4999999999999997,-0.8660254037844388,-0.433883739117558,-0.9009688679024191,405.9122124594624,75.51727721196325,0,0,0,0
2026-04-10 15:00:00,,,,,,,,,0,0,-0.7071067811865471,-0.7071067811865479,-0.433883739117558,-0.9009688679024191,405.9122124594624,75.51727721196325,0,0,0,0
2026-04-10 16:00:00,3183.0,25.1,0.442,75.565,34.099999999999994,38.0,1007.0,10.504999999999999,0,0,-0.8660254037844385,-0.5000000000000004,-0.433883739117558,-0.9009688679024191,405.9122124594624,61.0,0,1,1,1
2026-04-10 17:00:00,7513.5,7.7,0.8295,85.39500000000001,31.549999999999997,49.0,1007.0,11.844999999999999,0,1,-0.9659258262890683,-0.25881904510252063,-0.433883739117558,-0.9009688679024191,405.9122124594624,64.0,0,1,1,1
2026-04-10 18:00:00,7585.16,5.55,0.877,85.845,30.85,51.5,1009.0,9.835,0,1,-1.0,-1.8369701987210297e-16,-0.433883739117558,-0.9009688679024191,405.9122124594624,84.5,0,1,1,1
2026-04-10 19:00:00,7578.5,8.75,0.8049999999999999,85.235,30.35,52.5,1010.0,4.93,0,1,-0.9659258262890684,0.2588190451025203,-0.433883739117558,-0.9009688679024191,405.9122124594624,78.0,0,1,1,1
2026-04-10 20:00:00,7371.0,6.35,0.858,85.54,29.299999999999997,55.0,1011.0,3.3449999999999998,0,1,-0.8660254037844386,0.5000000000000001,-0.433883739117558,-0.9009688679024191,405.9122124594624,88.0,0,1,1,1
2026-04-10 21:00:00,2921.0,27.950000000000003,0.378,74.675,28.1,60.0,1013.0,3.6,0,0,-0.7071067811865477,0.7071067811865474,-0.433883739117558,-0.9009688679024191,405.9122124594624,85.5,0,1,1,1
2026-04-10 22:00:00,3000.0,30.5,0.322,74.32499999999999,27.8,59.5,1014.0,3.6,0,0,-0.5000000000000004,0.8660254037844384,-0.433883739117558,-0.9009688679024191,405.9122124594624,82.0,0,1,1,1
2026-04-10 23:00:00,2937.0,28.85,0.359,74.545,27.0,63.5,1014.0,3.085,0,0,-0.25881904510252157,0.9659258262890681,-0.433883739117558,-0.9009688679024191,405.9122124594624,82.0,0,1,1,1
2026-04-11 00:00:00,1450.0,42.05,0.065,69.13499999999999,26.25,69.5,1013.0,3.8,1,0,0.0,1.0,-0.9749279121818236,-0.2225209339563146,405.9122124594624,84.5,0,1,1,1
2026-04-11 01:00:00,1422.5,43.0,0.0635,70.225,25.25,77.0,1012.0,4.915,1,0,0.25881904510252074,0.9659258262890683,-0.9749279121818236,-0.2225209339563146,405.9122124594624,81.5,0,1,1,1
2026-04-11 02:00:00,1666.0,38.5,0.14400000000000002,70.36500000000001,24.95,84.5,1012.0,4.92,1,0,0.49999999999999994,0.8660254037844387,-0.9749279121818236,-0.2225209339563146,405.9122124594624,79.5,0,1,1,1
2026-04-11 03:00:00,1792.5,41.1,0.0865,70.225,24.4,85.5,1011.0,5.140000000000001,1,0,0.7071067811865476,0.7071067811865476,-0.9749279121818236,-0.2225209339563146,405.9122124594624,72.5,0,1,1,1
2026-04-11 04:00:00,1219.0,40.9,0.0915,68.545,24.2,86.0,1011.0,5.585,1,0,0.8660254037844386,0.5000000000000001,-0.9749279121818236,-0.2225209339563146,405.9122124594624,69.0,0,1,1,1
2026-04-11 05:00:00,1502.0,41.2,0.084,69.44,24.1,86.0,1012.0,6.26,1,0,0.9659258262890683,0.25881904510252074,-0.9749279121818236,-0.2225209339563146,405.9122124594624,62.0,0,1,1,1
2026-04-11 06:00:00,1493.2307692307693,40.9923076923077,0.08861538461538462,69.45076923076923,24.73846153846154,82.46153846153847,1011.6923076923077,6.363076923076923,1,0,1.0,6.123233995736766e-17,-0.9749279121818236,-0.2225209339563146,405.9122124594624,62.46153846153846,0,0,0,0
2026-04-11 07:00:00,1484.4615384615386,40.784615384615385,0.09323076923076923,69.46153846153845,25.376923076923077,78.92307692307692,1011.3846153846154,6.466153846153846,1,0,0.9659258262890683,-0.25881904510252063,-0.9749279121818236,-0.2225209339563146,405.9122124594624,62.92307692307692,0,0,0,0
2026-04-11 08:00:00,1475.6923076923076,40.57692307692308,0.09784615384615385,69.4723076923077,26.015384615384615,75.38461538461539,1011.0769230769231,6.569230769230769,1,0,0.8660254037844387,-0.4999999999999998,-0.9749279121818236,-0.2225209339563146,405.9122124594624,63.38461538461539,0,0,0,0
2026-04-11 09:00:00,,,0.10246153846153847,69.48307692307692,,,,,1,0,0.7071067811865476,-0.7071067811865475,-0.9749279121818236,-0.2225209339563146,405.9122124594624,63.84615384615385,0,0,0,0
2026-04-11 10:00:00,,,0.10707692307692307,69.49384615384615,,,,,1,0,0.49999999999999994,-0.8660254037844387,-0.9749279121818236,-0.2225209339563146,405.9122124594624,64.3076923076923,0,0,0,0
2026-04-11 11:00:00,,,0.11169230769230769,69.50461538461539,,,,,1,0,0.258819045102521,-0.9659258262890682,-0.9749279121818236,-0.2225209339563146,405.9122124594624,64.76923076923077,0,0,0,0
2026-04-11 12:00:00,,,,,,,,,1,0,1.2246467991473532e-16,-1.0,-0.9749279121818236,-0.2225209339563146,405.9122124594624,75.51727721196325,0,0,0,0
2026-04-11 13:00:00,,,,,,,,,1,0,-0.2588190451025208,-0.9659258262890683,-0.9749279121818236,-0.2225209339563146,405.9122124594624,75.51727721196325,0,0,0,0
2026-04-11 14:00:00,,,,,,,,,1,0,-0.4999999999999997,-0.8660254037844388,-0.9749279121818236,-0.2225209339563146,405.9122124594624,75.51727721196325,0,0,0,0
2026-04-11 15:00:00,,,,,,,,,1,0,-0.7071067811865471,-0.7071067811865479,-0.9749279121818236,-0.2225209339563146,405.9122124594624,75.51727721196325,0,0,0,0
2026-04-11 16:00:00,,,,,,,,,1,0,-0.8660254037844385,-0.5000000000000004,-0.9749279121818236,-0.2225209339563146,405.9122124594624,75.51727721196325,0,0,0,0
2026-04-11 17:00:00,,,,,,,,,1,0,-0.9659258262890683,-0.25881904510252063,-0.9749279121818236,-0.2225209339563146,405.9122124594624,75.51727721196325,0,0,0,0
2026-04-11 18:00:00,1388.0,38.5,0.144,69.58,32.4,40.0,1008.0,7.6,1,0,-1.0,-1.8369701987210297e-16,-0.9749279121818236,-0.2225209339563146,405.9122124594624,68.0,0,1,1,1
2026-04-11 19:00:00,1347.5,39.0,0.133,69.21000000000001,31.8,40.0,1009.0,5.365,1,0,-0.9659258262890684,0.2588190451025203,-0.9749279121818236,-0.2225209339563146,405.9122124594624,79.0,0,1,1,1
2026-04-11 20:00:00,1583.5,37.6,0.164,70.305,31.0,43.0,1010.0,5.140000000000001,1,0,-0.8660254037844386,0.5000000000000001,-0.9749279121818236,-0.2225209339563146,405.9122124594624,88.0,0,1,1,1
2026-04-11 21:00:00,1509.0,34.8,0.22649999999999998,70.455,29.25,50.0,1011.0,7.15,1,0,-0.7071067811865477,0.7071067811865474,-0.9749279121818236,-0.2225209339563146,405.9122124594624,88.0,0,1,1,1
2026-04-11 22:00:00,1297.5,39.3,0.1265,68.655,28.1,56.0,1012.0,7.825,1,0,-0.5000000000000004,0.8660254037844384,-0.9749279121818236,-0.2225209339563146,405.9122124594624,83.5,0,1,1,1
2026-04-11 23:00:00,843.0,41.849999999999994,0.06999999999999999,66.795,27.15,58.5,1012.0,6.484999999999999,1,0,-0.25881904510252157,0.9659258262890681,-0.9749279121818236,-0.2225209339563146,405.9122124594624,77.0,0,1,1,1
2026-04-12 00:00:00,636.5,42.0,0.066,65.52,26.5,61.5,1012.0,6.26,1,0,0.0,1.0,-0.7818314824680299,0.6234898018587334,405.9122124594624,75.0,0,1,1,1
2026-04-12 01:00:00,1055.5,42.650000000000006,0.054,68.85499999999999,25.9,65.5,1011.0,6.26,1,0,0.25881904510252074,0.9659258262890683,-0.7818314824680299,0.6234898018587334,405.9122124594624,87.0,0,1,1,1
2026-04-12 02:00:00,1025.5,41.5,0.0775,67.725,25.25,67.5,1010.0,6.035,1,0,0.49999999999999994,0.8660254037844387,-0.7818314824680299,0.6234898018587334,405.9122124594624,86.0,0,1,1,1
2026-04-12 03:00:00,752.0,39.2,0.1285,66.79,24.95,70.0,1010.0,5.140000000000001,1,0,0.7071067811865476,0.7071067811865476,-0.7818314824680299,0.6234898018587334,405.9122124594624,83.0,0,1,1,1
2026-04-12 04:00:00,530.5,40.8,0.0925,64.92,24.65,72.5,1010.0,4.47,1,0,0.8660254037844386,0.5000000000000001,-0.7818314824680299,0.6234898018587334,405.9122124594624,77.0,0,1,1,1
2026-04-12 05:00:00,936.5,42.0,0.066,67.185,24.35,73.5,1010.0,3.58,1,0,0.9659258262890683,0.25881904510252074,-0.7818314824680299,0.6234898018587334,405.9122124594624,79.0,0,1,1,1
2026-04-12 06:00:00,747.5,39.7,0.1175,66.475,24.2,75.0,1011.0,2.68,1,0,1.0,6.123233995736766e-17,-0.7818314824680299,0.6234898018587334,405.9122124594624,85.0,0,1,1,1
2026-04-12 07:00:00,980.0,39.150000000000006,0.1295,67.94999999999999,25.6,70.0,1012.0,3.5749999999999997,1,0,0.9659258262890683,-0.25881904510252063,-0.7818314824680299,0.6234898018587334,405.9122124594624,86.5,0,1,1,1
2026-04-12 08:00:00,858.0,37.7,0.16199999999999998,67.55,27.2,63.0,1012.0,6.035,1,0,0.8660254037844387,-0.4999999999999998,-0.7818314824680299,0.6234898018587334,405.9122124594624,88.5,0,1,1,1
2026-04-12 09:00:00,736.5,37.05,0.17700000000000002,67.02000000000001,30.0,51.0,1012.0,3.9349999999999996,1,0,0.7071067811865476,-0.7071067811865475,-0.7818314824680299,0.6234898018587334,405.9122124594624,82.0,0,1,1,1
2026-04-12 10:00:00,738.0,40.8,0.094,66.375,31.1,46.0,1011.0,5.140000000000001,1,0,0.49999999999999994,-0.8660254037844387,-0.7818314824680299,0.6234898018587334,405.9122124594624,72.5,0,1,1,1
2026-04-12 11:00:00,1319.0,42.45,0.056999999999999995,68.175,31.8,43.5,1010.0,6.48,1,0,0.258819045102521,-0.9659258262890682,-0.7818314824680299,0.6234898018587334,405.9122124594624,133.5,0,1,1,1
2026-04-12 12:00:00,7585.16,9.65,0.7855000000000001,83.315,32.75,41.0,1009.0,8.495000000000001,1,0,1.2246467991473532e-16,-1.0,-0.7818314824680299,0.6234898018587334,405.9122124594624,73.0,0,1,1,1
2026-04-12 13:00:00,4406.5,24.05,0.465,77.14,33.1,40.0,1007.0,6.015,1,0,-0.2588190451025208,-0.9659258262890683,-0.7818314824680299,0.6234898018587334,405.9122124594624,73.0,0,1,1,1
2026-04-12 14:00:00,1681.0,41.4,0.079,69.89,33.6,38.0,1006.0,9.83,1,0,-0.4999999999999997,-0.8660254037844388,-0.7818314824680299,0.6234898018587334,405.9122124594624,73.0,0,1,1,1
2026-04-12 15:00:00,1621.0,33.85,0.247,70.935,34.05,37.0,1005.0,8.940000000000001,1,0,-0.7071067811865471,-0.7071067811865479,-0.7818314824680299,0.6234898018587334,405.9122124594624,73.0,0,1,1,1
2026-04-12 16:00:00,1162.5,40.900000000000006,0.0905,68.275,33.55,37.0,1005.0,9.165,1,0,-0.8660254037844385,-0.5000000000000004,-0.7818314824680299,0.6234898018587334,405.9122124594624,73.0,0,1,1,1
2026-04-12 17:00:00,1315.5,38.6,0.1425,69.31,32.849999999999994,37.5,1006.0,7.23,1,0,-0.9659258262890683,-0.25881904510252063,-0.7818314824680299,0.6234898018587334,405.9122124594624,73.0,0,1,1,1
2026-04-12 18:00:00,1185.0,41.25,0.0885,69.58500000000001,32.3,38.0,1007.0,8.715,1,0,-1.0,-1.8369701987210297e-16,-0.7818314824680299,0.6234898018587334,403.69500000000005,82.5,1,1,1,1
2026-04-12 19:00:00,1019.5,37.85,0.1595,68.325,31.5,40.5,1008.0,7.375,1,0,-0.9659258262890684,0.2588190451025203,-0.7818314824680299,0.6234898018587334,404.085,82.5,1,1,1,1
2026-04-12 20:00:00,1261.5,43.3,0.055,69.595,30.4,43.5,1009.0,10.059999999999999,1,0,-0.8660254037844386,0.5000000000000001,-0.7818314824680299,0.6234898018587334,405.445,85.0,1,1,1,1
2026-04-12 21:00:00,859.0,43.45,0.0345,66.56,28.65,49.0,1010.0,9.835,1,0,-0.7071067811865477,0.7071067811865474,-0.7818314824680299,0.6234898018587334,404.875,87.5,1,1,1,1
2026-04-12 22:00:00,1073.0,38.45,0.145,68.28999999999999,28.0,51.0,1011.0,8.27,1,0,-0.5000000000000004,0.8660254037844384,-0.7818314824680299,0.6234898018587334,404.865,84.5,1,1,1,1
2026-04-12 23:00:00,972.0,37.55,0.16499999999999998,68.195,27.0,56.5,1012.0,6.035,1,0,-0.25881904510252157,0.9659258262890681,-0.7818314824680299,0.6234898018587334,404.02,77.5,1,1,1,1
2026-04-13 00:00:00,1730.0,39.4,0.124,70.35499999999999,26.25,60.5,1011.0,5.36,0,0,0.0,1.0,0.0,1.0,404.03999999999996,74.5,1,1,1,1
2026-04-13 01:00:00,1168.5,40.85,0.0925,68.41499999999999,25.8,63.0,1011.0,4.025,0,0,0.25881904510252074,0.9659258262890683,0.0,1.0,403.07,74.0,1,1,1,1
2026-04-13 02:00:00,1536.0,41.150000000000006,0.08499999999999999,69.545,25.35,64.0,1010.0,2.9050000000000002,0,0,0.49999999999999994,0.8660254037844387,0.0,1.0,403.595,71.0,1,1,1,1
2026-04-13 03:00:00,1707.0,39.15,0.1295,70.295,24.700000000000003,66.5,1010.0,2.46,0,0,0.7071067811865476,0.7071067811865476,0.0,1.0,403.99,67.0,1,1,1,1
2026-04-13 04:00:00,1721.0,34.15,0.24,71.02,23.85,69.5,1012.0,2.24,0,0,0.8660254037844386,0.5000000000000001,0.0,1.0,403.35,74.0,1,1,1,1
2026-04-13 05:00:00,2388.5,35.15,0.2185,72.44,23.7,73.0,1012.0,2.68,0,0,0.9659258262890683,0.25881904510252074,0.0,1.0,404.51,66.0,1,1,1,1
2026-04-13 06:00:00,1607.0,34.8,0.226,70.87,23.0,85.0,1013.0,2.68,0,0,1.0,6.123233995736766e-17,0.0,1.0,403.5,62.0,1,1,1,1
2026-04-13 07:00:00,3743.5,33.0,0.267,77.87,24.75,81.5,1014.0,2.9050000000000002,0,1,0.9659258262890683,-0.25881904510252063,0.0,1.0,403.52,67.0,1,1,1,1
2026-04-13 08:00:00,4042.5,19.0,0.5775,80.685,26.75,72.5,1015.0,4.915,0,1,0.8660254037844387,-0.4999999999999998,0.0,1.0,403.62,69.0,1,1,1,1
2026-04-13 09:00:00,5871.5,13.55,0.698,83.275,28.700000000000003,61.0,1015.0,6.705,0,1,0.7071067811865476,-0.7071067811865475,0.0,1.0,405.24,70.0,1,1,1,1
2026-04-13 10:00:00,4645.0,14.35,0.6815,82.12,30.450000000000003,51.5,1012.0,6.26,0,1,0.49999999999999994,-0.8660254037844387,0.0,1.0,404.16,69.0,1,1,1,1
2026-04-13 11:00:00,2546.5,35.35,0.214,72.63,32.1,45.0,1012.0,1.34,0,0,0.258819045102521,-0.9659258262890682,0.0,1.0,403.94,68.0,1,1,1,1
2026-04-13 12:00:00,1822.5,38.05,0.154,70.83500000000001,33.099999999999994,39.0,1010.0,3.075,0,0,1.2246467991473532e-16,-1.0,0.0,1.0,404.35,67.0,1,1,1,1
2026-04-13 13:00:00,1665.0,44.4,0.017,70.55,34.7,33.5,1009.0,5.585,0,0,-0.2588190451025208,-0.9659258262890683,0.0,1.0,404.39,70.0,1,1,1,1
2026-04-13 14:00:00,2236.5,33.95,0.2455,72.345,35.55,29.5,1008.0,6.484999999999999,0,0,-0.4999999999999997,-0.8660254037844388,0.0,1.0,404.66499999999996,73.5,1,1,1,1
2026-04-13 15:00:00,2116.5,36.15,0.196,71.77,35.75,27.5,1007.0,8.27,0,0,-0.7071067811865471,-0.7071067811865479,0.0,1.0,404.9,67.0,1,1,1,1
2026-04-13 16:00:00,1926.5,42.45,0.057,70.3,35.599999999999994,26.0,1006.0,9.61,0,0,-0.8660254037844385,-0.5000000000000004,0.0,1.0,404.08000000000004,75.0,1,1,1,1
2026-04-13 17:00:00,4682.5,16.7,0.629,81.735,34.8,28.0,1007.0,8.495000000000001,0,1,-0.9659258262890683,-0.25881904510252063,0.0,1.0,404.24,67.0,1,1,1,1
2026-04-13 18:00:00,4477.0,17.2,0.618,81.44999999999999,33.15,31.5,1008.0,6.93,0,1,-1.0,-1.8369701987210297e-16,0.0,1.0,404.24,67.0,1,1,1,1
2026-04-13 19:00:00,6022.5,14.75,0.6735,83.18,32.4,32.5,1009.5,7.825,0,1,-0.9659258262890684,0.2588190451025203,0.0,1.0,405.43,77.0,1,1,1,1
2026-04-13 20:00:00,7585.16,7.9,0.824,87.005,31.1,38.0,1011.0,10.055,0,1,-0.8660254037844386,0.5000000000000001,0.0,1.0,410.14,76.0,1,1,1,1
2026-04-13 21:00:00,4366.5,12.25,0.7284999999999999,79.23,29.1,49.5,1011.0,9.835,0,0,-0.7071067811865477,0.7071067811865474,0.0,1.0,409.9,83.0,1,1,1,1
2026-04-13 22:00:00,5998.0,21.15,0.5295,77.52,28.0,52.0,1012.0,6.705,0,0,-0.5000000000000004,0.8660254037844384,0.0,1.0,413.29999999999995,76.5,1,1,1,1
2026-04-13 23:00:00,1870.5,37.9,0.157,70.975,26.950000000000003,55.5,1012.0,4.295,0,0,-0.25881904510252157,0.9659258262890681,0.0,1.0,403.86,87.0,1,1,1,1
2026-04-14 00:00:00,4195.5,18.6,0.5865,77.915,26.15,59.5,1012.0,4.02,0,0,0.0,1.0,0.7818314824680298,0.6234898018587336,409.18,76.0,1,1,1,1
2026-04-14 01:00:00,1491.0,41.2,0.085,69.415,25.700000000000003,61.5,1011.0,4.02,0,0,0.25881904510252074,0.9659258262890683,0.7818314824680298,0.6234898018587336,403.94,73.0,1,1,1,1
2026-04-14 02:00:00,1879.5,33.8,0.2495,71.67,25.55,62.0,1010.0,3.355,0,0,0.49999999999999994,0.8660254037844387,0.7818314824680298,0.6234898018587336,403.77,70.0,1,1,1,1
2026-04-14 03:00:00,1936.0,34.05,0.2425,71.78999999999999,24.549999999999997,66.0,1010.0,2.68,0,0,0.7071067811865476,0.7071067811865476,0.7818314824680298,0.6234898018587336,404.39,68.0,1,1,1,1
2026-04-14 04:00:00,1443.5,41.150000000000006,0.0975,70.485,23.950000000000003,70.0,1010.0,1.73,0,0,0.8660254037844386,0.5000000000000001,0.7818314824680298,0.6234898018587336,403.42,68.0,1,1,1,1
2026-04-14 05:00:00,1435.5,36.15,0.1965,70.095,23.549999999999997,73.0,1011.0,1.115,0,0,0.9659258262890683,0.25881904510252074,0.7818314824680298,0.6234898018587336,403.28,68.0,1,1,1,1
2026-04-14 06:00:00,1661.5,39.5,0.1225,70.165,23.549999999999997,72.5,1013.0,1.79,0,0,1.0,6.123233995736766e-17,0.7818314824680298,0.6234898018587336,403.42,65.0,1,1,1,1
2026-04-14 07:00:00,3650.5,16.45,0.6355,80.67500000000001,24.950000000000003,74.0,1014.0,1.955,0,1,0.9659258262890683,-0.25881904510252063,0.7818314824680298,0.6234898018587336,403.40999999999997,70.5,1,1,1,1
2026-04-14 08:00:00,4259.0,13.7,0.696,81.86,26.85,70.5,1014.5,3.5749999999999997,0,1,0.8660254037844387,-0.4999999999999998,0.7818314824680298,0.6234898018587336,403.77,72.0,1,1,1,1
2026-04-14 09:00:00,5012.0,14.0,0.689,82.515,29.25,59.5,1015.0,4.244999999999999,0,1,0.7071067811865476,-0.7071067811865475,0.7818314824680298,0.6234898018587336,404.6,71.0,1,1,1,1
2026-04-14 10:00:00,4114.5,14.45,0.6795,81.575,31.45,45.0,1014.0,3.11,0,1,0.49999999999999994,-0.8660254037844387,0.7818314824680298,0.6234898018587336,403.86,76.0,1,1,1,1
2026-04-14 11:00:00,2066.3333333333335,29.033333333333335,0.355,73.97,32.833333333333336,37.0,1012.0,3.4599999999999995,0,0,0.258819045102521,-0.9659258262890682,0.7818314824680298,0.6234898018587336,404.1000000000001,77.0,1,1,1,1
2026-04-14 12:00:00,2380.0,35.4,0.213,72.47,33.6,32.0,1011.0,5.36,0,0,1.2246467991473532e-16,-1.0,0.7818314824680298,0.6234898018587336,404.52,78.0,1,1,1,1
2026-04-14 13:00:00,2447.0,31.416666666666668,0.30166666666666664,73.295,34.31666666666667,29.166666666666668,1009.6666666666666,6.701666666666667,0,0,-0.2588190451025208,-0.9659258262890683,0.7818314824680298,0.6234898018587336,405.0283333333333,75.0,0,0,0,0
2026-04-14 14:00:00,2514.0,27.433333333333334,0.3903333333333333,74.11999999999999,35.03333333333333,26.333333333333336,1008.3333333333334,8.043333333333333,0,0,-0.4999999999999997,-0.8660254037844388,0.7818314824680298,0.6234898018587336,405.53666666666663,72.0,0,0,0,0
2026-04-14 15:00:00,2581.0,23.450000000000003,0.479,74.945,35.75,23.5,1007.0,9.385,0,0,-0.7071067811865471,-0.7071067811865479,0.7818314824680298,0.6234898018587336,406.04499999999996,69.0,1,1,1,1
2026-04-14 16:00:00,2388.0,24.5,0.456,74.42,35.25,23.5,1006.0,9.83,0,0,-0.8660254037844385,-0.5000000000000004,0.7818314824680298,0.6234898018587336,405.35,77.0,1,1,1,1
2026-04-14 17:00:00,6562.5,14.8,0.671,83.53999999999999,34.3,24.5,1007.0,9.39,0,1,-0.9659258262890683,-0.25881904510252063,0.7818314824680298,0.6234898018587336,405.02,67.0,1,1,1,1
2026-04-14 18:00:00,6306.0,15.5,0.6555,83.245,33.05,28.0,1008.0,8.94,0,1,-1.0,-1.8369701987210297e-16,0.7818314824680298,0.6234898018587336,405.85,60.0,1,1,1,1
2026-04-14 19:00:00,3353.5,21.85,0.5145,73.905,31.8,30.0,1009.0,8.715,0,1,-0.9659258262890684,0.2588190451025203,0.7818314824680298,0.6234898018587336,405.85,60.0,1,1,1,1
2026-04-14 20:00:00,3363.5,28.5,0.3665,73.065,30.25,32.5,1010.0,10.504999999999999,0,1,-0.8660254037844386,0.5000000000000001,0.7818314824680298,0.6234898018587336,405.85,60.0,1,1,1,1
2026-04-14 21:00:00,2035.5,36.75,0.1825,71.535,29.35,35.5,1011.0,10.504999999999999,0,0,-0.7071067811865477,0.7071067811865474,0.7818314824680298,0.6234898018587336,405.85,60.0,1,1,1,1
2026-04-14 22:00:00,1949.0,35.5,0.2115,71.58500000000001,27.950000000000003,41.0,1011.0,7.6000000000000005,0,0,-0.5000000000000004,0.8660254037844384,0.7818314824680298,0.6234898018587336,405.83000000000004,57.0,1,1,1,1
2026-04-14 23:00:00,335.0,40.55,0.0985,62.400000000000006,27.0,47.0,1011.0,5.81,0,0,-0.25881904510252157,0.9659258262890681,0.7818314824680298,0.6234898018587336,405.31,62.5,1,1,1,1
2026-04-15 00:00:00,220.5,43.75,0.033,61.78,25.950000000000003,51.5,1010.0,5.140000000000001,0,0,0.0,1.0,0.9749279121818236,-0.22252093395631434,405.97,75.0,1,1,1,1
2026-04-15 01:00:00,571.0,40.25,0.106,65.15,25.049999999999997,53.5,1010.0,4.12,0,0,0.25881904510252074,0.9659258262890683,0.9749279121818236,-0.22252093395631434,405.95,69.0,1,1,1,1
2026-04-15 02:00:00,629.0,40.55,0.099,65.77000000000001,24.9,55.0,1009.0,3.625,0,0,0.49999999999999994,0.8660254037844387,0.9749279121818236,-0.22252093395631434,405.58,64.0,1,1,1,1
2026-04-15 03:00:00,447.0,43.650000000000006,0.0305,63.114999999999995,24.200000000000003,58.0,1009.0,3.3449999999999998,0,0,0.7071067811865476,0.7071067811865476,0.9749279121818236,-0.22252093395631434,406.03,64.0,1,1,1,1
2026-04-15 04:00:00,346.5,43.6,0.0315,61.120000000000005,23.65,67.5,1010.5,3.13,0,0,0.8660254037844386,0.5000000000000001,0.9749279121818236,-0.22252093395631434,405.9,54.0,1,1,1,1
2026-04-15 05:00:00,617.0,39.1,0.131,65.95,23.2,76.0,1011.0,3.58,0,0,0.9659258262890683,0.25881904510252074,0.9749279121818236,-0.22252093395631434,404.68,54.0,1,1,1,1
2026-04-15 06:00:00,1114.7257142857143,36.87857142857143,0.18042857142857144,67.35000000000001,23.84642857142857,73.03571428571429,1010.7142857142857,3.7714285714285714,0,0,1.0,6.123233995736766e-17,0.9749279121818236,-0.22252093395631434,404.6957258064516,55.357142857142854,0,0,0,0
2026-04-15 07:00:00,1612.4514285714286,34.65714285714286,0.22985714285714284,68.75,24.492857142857144,70.07142857142857,1010.4285714285714,3.9628571428571426,0,1,0.9659258262890683,-0.25881904510252063,0.9749279121818236,-0.22252093395631434,404.7114516129032,56.714285714285715,0,0,0,0
2026-04-15 08:00:00,2110.177142857143,32.43571428571428,0.27928571428571425,70.15,25.139285714285712,67.10714285714286,1010.1428571428571,4.154285714285714,0,1,0.8660254037844387,-0.4999999999999998,0.9749279121818236,-0.22252093395631434,404.72717741935486,58.07142857142857,0,0,0,0
2026-04-15 09:00:00,,,0.3287142857142857,71.55000000000001,,,,,0,1,0.7071067811865476,-0.7071067811865475,0.9749279121818236,-0.22252093395631434,404.74290322580646,59.42857142857143,0,0,0,0
2026-04-15 10:00:00,,,0.3781428571428571,72.95,,,,,0,1,0.49999999999999994,-0.8660254037844387,0.9749279121818236,-0.22252093395631434,404.75862903225806,60.785714285714285,0,0,0,0
2026-04-15 11:00:00,,,0.4275714285714285,74.35000000000001,,,,,0,0,0.258819045102521,-0.9659258262890682,0.9749279121818236,-0.22252093395631434,404.7743548387097,62.14285714285714,0,0,0,0
2026-04-15 12:00:00,,,,,,,,,0,0,1.2246467991473532e-16,-1.0,0.9749279121818236,-0.22252093395631434,404.7900806451613,75.51727721196325,0,0,0,0
2026-04-15 13:00:00,,,,,,,,,0,0,-0.2588190451025208,-0.9659258262890683,0.9749279121818236,-0.22252093395631434,404.8058064516129,75.51727721196325,0,0,0,0
2026-04-15 14:00:00,,,,,,,,,0,0,-0.4999999999999997,-0.8660254037844388,0.9749279121818236,-0.22252093395631434,404.8215322580645,75.51727721196325,0,0,0,0
2026-04-15 15:00:00,,,,,,,,,0,0,-0.7071067811865471,-0.7071067811865479,0.9749279121818236,-0.22252093395631434,405.9122124594624,75.51727721196325,0,0,0,0
2026-04-15 16:00:00,,,,,,,,,0,0,-0.8660254037844385,-0.5000000000000004,0.9749279121818236,-0.22252093395631434,405.9122124594624,75.51727721196325,0,0,0,0
2026-04-15 17:00:00,,,,,,,,,0,1,-0.9659258262890683,-0.25881904510252063,0.9749279121818236,-0.22252093395631434,405.9122124594624,75.51727721196325,0,0,0,0
2026-04-15 18:00:00,,,,,,,,,0,1,-1.0,-1.8369701987210297e-16,0.9749279121818236,-0.22252093395631434,405.9122124594624,75.51727721196325,0,0,0,0
2026-04-15 19:00:00,7585.16,8.0,0.823,85.55,32.25,34.5,1007.0,6.26,0,1,-0.9659258262890684,0.2588190451025203,0.9749279121818236,-0.22252093395631434,405.9122124594624,73.0,0,1,1,1
2026-04-15 20:00:00,7585.16,8.100000000000001,0.82,85.38499999999999,31.35,36.0,1008.0,7.82,0,1,-0.8660254037844386,0.5000000000000001,0.9749279121818236,-0.22252093395631434,405.9122124594624,73.0,0,1,1,1
2026-04-15 21:00:00,2999.5,36.25,0.1945,73.32499999999999,30.0,37.5,1009.0,8.715,0,0,-0.7071067811865477,0.7071067811865474,0.9749279121818236,-0.22252093395631434,405.9122124594624,73.0,0,1,1,1
2026-04-15 22:00:00,2815.5,21.65,0.5185,75.63499999999999,28.950000000000003,42.0,1010.0,6.035,0,0,-0.5000000000000004,0.8660254037844384,0.9749279121818236,-0.22252093395631434,405.9122124594624,73.0,0,1,1,1
2026-04-15 23:00:00,3103.5,29.0,0.355,74.76,27.9,47.0,1010.0,4.695,0,0,-0.25881904510252157,0.9659258262890681,0.9749279121818236,-0.22252093395631434,405.9122124594624,73.0,0,1,1,1
2026-04-16 00:00:00,3217.5,25.549999999999997,0.4315,75.52000000000001,27.25,51.0,1009.0,3.355,0,0,0.0,1.0,0.43388373911755823,-0.900968867902419,405.9122124594624,73.0,0,1,1,1
2026-04-16 01:00:00,2760.5,27.45,0.38949999999999996,74.515,26.450000000000003,54.5,1009.0,2.68,0,0,0.25881904510252074,0.9659258262890683,0.43388373911755823,-0.900968867902419,405.9122124594624,73.0,0,1,1,1
2026-04-16 02:00:00,3130.5,25.65,0.43,75.39,25.2,62.5,1008.0,3.355,0,0,0.49999999999999994,0.8660254037844387,0.43388373911755823,-0.900968867902419,405.9122124594624,73.0,0,1,1,1
2026-04-16 03:00:00,2927.5,30.4,0.324,74.25,25.0,67.0,1008.0,3.355,0,0,0.7071067811865476,0.7071067811865476,0.43388373911755823,-0.900968867902419,405.9122124594624,73.0,0,1,1,1
2026-04-16 04:00:00,2939.5,26.049999999999997,0.4205,75.045,24.2,76.0,1008.0,2.625,0,0,0.8660254037844386,0.5000000000000001,0.43388373911755823,-0.900968867902419,405.9122124594624,73.0,0,1,1,1
2026-04-16 05:00:00,693.0,41.9,0.069,65.96,24.82857142857143,73.0,1007.8571428571429,2.916785714285714,0,0,0.9659258262890683,0.25881904510252074,0.43388373911755823,-0.900968867902419,405.9122124594624,73.0,0,0,1,1
2026-04-16 06:00:00,1217.3076923076924,39.22692307692308,0.12842307692307692,67.46230769230769,25.457142857142856,70.0,1007.7142857142857,3.2085714285714286,0,0,1.0,6.123233995736766e-17,0.43388373911755823,-0.900968867902419,405.9122124594624,73.0,0,0,0,0
2026-04-16 07:00:00,1741.6153846153848,36.55384615384615,0.18784615384615386,68.96461538461539,26.085714285714285,67.0,1007.5714285714286,3.5003571428571427,0,1,0.9659258262890683,-0.25881904510252063,0.43388373911755823,-0.900968867902419,405.9122124594624,73.0,0,0,0,0
2026-04-16 08:00:00,2265.923076923077,33.88076923076923,0.24726923076923077,70.46692307692308,,,,,0,1,0.8660254037844387,-0.4999999999999998,0.43388373911755823,-0.900968867902419,405.9122124594624,73.0,0,0,0,0
2026-04-16 09:00:00,,,0.3066923076923077,71.96923076923078,,,,,0,1,0.7071067811865476,-0.7071067811865475,0.43388373911755823,-0.900968867902419,405.9122124594624,73.0,0,0,0,0
2026-04-16 10:00:00,,,0.3661153846153846,73.47153846153847,,,,,0,1,0.49999999999999994,-0.8660254037844387,0.43388373911755823,-0.900968867902419,405.9122124594624,73.0,0,0,0,0
2026-04-16 11:00:00,,,0.42553846153846153,74.97384615384615,,,,,0,0,0.258819045102521,-0.9659258262890682,0.43388373911755823,-0.900968867902419,405.9122124594624,75.51727721196325,0,0,0,0
2026-04-16 12:00:00,,,,,,,,,0,0,1.2246467991473532e-16,-1.0,0.43388373911755823,-0.900968867902419,405.9122124594624,75.51727721196325,0,0,0,0
2026-04-16 13:00:00,,,,,,,,,0,0,-0.2588190451025208,-0.9659258262890683,0.43388373911755823,-0.900968867902419,405.9122124594624,75.51727721196325,0,0,0,0
2026-04-16 14:00:00,,,,,,,,,0,0,-0.4999999999999997,-0.8660254037844388,0.43388373911755823,-0.900968867902419,405.9122124594624,75.51727721196325,0,0,0,0
2026-04-16 15:00:00,,,,,,,,,0,0,-0.7071067811865471,-0.7071067811865479,0.43388373911755823,-0.900968867902419,405.9122124594624,75.51727721196325,0,0,0,0
2026-04-16 16:00:00,,,,,,,,,0,0,-0.8660254037844385,-0.5000000000000004,0.43388373911755823,-0.900968867902419,405.9122124594624,75.51727721196325,0,0,0,0
2026-04-16 17:00:00,,,,,,,,,0,1,-0.9659258262890683,-0.25881904510252063,0.43388373911755823,-0.900968867902419,405.9122124594624,75.51727721196325,0,0,0,0
2026-04-16 18:00:00,7509.0,7.15,0.8414999999999999,85.49000000000001,33.0,34.0,1006.0,6.71,0,1,-1.0,-1.8369701987210297e-16,0.43388373911755823,-0.900968867902419,405.9122124594624,73.0,0,1,1,1
2026-04-16 19:00:00,7479.5,8.25,0.8165,85.275,31.55,39.0,1007.0,8.72,0,1,-0.9659258262890684,0.2588190451025203,0.43388373911755823,-0.900968867902419,405.9122124594624,73.0,0,1,1,1
2026-04-16 20:00:00,7447.5,8.2,0.8175,85.26,31.0,39.5,1009.0,9.61,0,1,-0.8660254037844386,0.5000000000000001,0.43388373911755823,-0.900968867902419,405.9122124594624,73.0,0,1,1,1
2026-04-16 21:00:00,2999.5,26.9,0.403,74.995,29.200000000000003,48.0,1010.0,10.055,0,0,-0.7071067811865477,0.7071067811865474,0.43388373911755823,-0.900968867902419,405.9122124594624,73.0,0,1,1,1
2026-04-16 22:00:00,3093.5,26.7,0.4065,75.155,28.0,56.0,1010.0,7.825,0,0,-0.5000000000000004,0.8660254037844384,0.43388373911755823,-0.900968867902419,405.9122124594624,73.0,0,1,1,1
2026-04-16 23:00:00,2824.0,28.35,0.3705,74.46000000000001,27.6,60.0,1011.0,6.035,0,0,-0.25881904510252157,0.9659258262890681,0.43388373911755823,-0.900968867902419,405.9122124594624,73.0,0,1,1,1
2026-04-17 00:00:00,2824.0,30.55,0.3215,74.075,27.0,63.0,1010.0,4.025,0,0,0.0,1.0,-0.433883739117558,-0.9009688679024191,405.9122124594624,73.0,0,1,1,1
2026-04-17 01:00:00,3035.5,26.049999999999997,0.421,75.185,26.4,65.5,1010.0,2.68,0,0,0.25881904510252074,0.9659258262890683,-0.433883739117558,-0.9009688679024191,405.9122124594624,73.0,0,1,1,1
2026-04-17 02:00:00,2842.5,27.65,0.385,74.62,25.7,67.5,1009.0,2.9050000000000002,0,0,0.49999999999999994,0.8660254037844387,-0.433883739117558,-0.9009688679024191,405.9122124594624,73.0,0,1,1,1
2026-04-17 03:00:00,3145.5,24.1,0.46499999999999997,75.695,24.8,72.0,1009.0,2.46,0,0,0.7071067811865476,0.7071067811865476,-0.433883739117558,-0.9009688679024191,405.9122124594624,73.0,0,1,1,1
2026-04-17 04:00:00,3060.5,26.85,0.403,75.08,23.85,76.5,1009.0,2.46,0,0,0.8660254037844386,0.5000000000000001,-0.433883739117558,-0.9009688679024191,405.9122124594624,73.0,0,1,1,1
2026-04-17 05:00:00,3355.9166666666665,25.62261904761905,0.43023809523809525,75.77761904761904,24.505952380952383,72.98809523809524,1008.9285714285714,2.731190476190476,0,0,0.9659258262890683,0.25881904510252074,-0.433883739117558,-0.9009688679024191,405.9122124594624,73.14285714285714,0,0,0,0
2026-04-17 06:00:00,3651.3333333333335,24.395238095238096,0.4574761904761905,76.4752380952381,25.16190476190476,69.47619047619048,1008.8571428571429,3.0023809523809524,0,0,1.0,6.123233995736766e-17,-0.433883739117558,-0.9009688679024191,405.9122124594624,73.28571428571429,0,0,0,0
2026-04-17 07:00:00,3946.75,23.167857142857144,0.48471428571428576,77.17285714285714,25.817857142857143,65.96428571428571,1008.7857142857143,3.2735714285714286,0,1,0.9659258262890683,-0.25881904510252063,-0.433883739117558,-0.9009688679024191,405.9122124594624,73.42857142857143,0,0,0,0
2026-04-17 08:00:00,,,0.511952380952381,77.87047619047618,,,,,0,1,0.8660254037844387,-0.4999999999999998,-0.433883739117558,-0.9009688679024191,405.9122124594624,73.57142857142857,0,0,0,0
2026-04-17 09:00:00,,,0.5391904761904762,78.56809523809524,,,,,0,1,0.7071067811865476,-0.7071067811865475,-0.433883739117558,-0.9009688679024191,405.9122124594624,73.71428571428571,0,0,0,0
2026-04-17 10:00:00,,,0.5664285714285715,79.26571428571428,,,,,0,1,0.49999999999999994,-0.8660254037844387,-0.433883739117558,-0.9009688679024191,405.9122124594624,73.85714285714286,0,0,0,0
2026-04-17 11:00:00,,,,,,,,,0,0,0.258819045102521,-0.9659258262890682,-0.433883739117558,-0.9009688679024191,405.9122124594624,75.51727721196325,0,0,0,0
2026-04-17 12:00:00,,,,,,,,,0,0,1.2246467991473532e-16,-1.0,-0.433883739117558,-0.9009688679024191,405.9122124594624,75.51727721196325,0,0,0,0
2026-04-17 13:00:00,,,,,,,,,0,0,-0.2588190451025208,-0.9659258262890683,-0.433883739117558,-0.9009688679024191,405.9122124594624,75.51727721196325,0,0,0,0
2026-04-17 14:00:00,,,,,,,,,0,0,-0.4999999999999997,-0.8660254037844388,-0.433883739117558,-0.9009688679024191,405.9122124594624,75.51727721196325,0,0,0,0
2026-04-17 15:00:00,,,,,,,,,0,0,-0.7071067811865471,-0.7071067811865479,-0.433883739117558,-0.9009688679024191,405.9122124594624,75.51727721196325,0,0,0,0
2026-04-17 16:00:00,,,,,,,,,0,0,-0.8660254037844385,-0.5000000000000004,-0.433883739117558,-0.9009688679024191,405.9122124594624,75.51727721196325,0,0,0,0
2026-04-17 17:00:00,,,,,,,,,0,1,-0.9659258262890683,-0.25881904510252063,-0.433883739117558,-0.9009688679024191,405.9122124594624,75.51727721196325,0,0,0,0
2026-04-17 18:00:00,7196.333333333333,9.666666666666666,0.7843333333333334,84.84666666666666,33.03333333333333,27.333333333333332,1008.0,6.256666666666667,0,1,-1.0,-1.8369701987210297e-16,-0.433883739117558,-0.9009688679024191,405.9122124594624,75.0,0,1,1,1
2026-04-17 19:00:00,6487.0,12.55,0.7210000000000001,83.88499999999999,32.65,28.5,1009.0,4.37,0,1,-0.9659258262890684,0.2588190451025203,-0.433883739117558,-0.9009688679024191,405.655,64.0,1,1,1,1
2026-04-17 20:00:00,3491.5,25.3,0.43699999999999994,74.015,30.15,34.0,1010.0,3.6,0,1,-0.8660254037844386,0.5000000000000001,-0.433883739117558,-0.9009688679024191,405.52,64.0,1,1,1,1
2026-04-17 21:00:00,1000.0,38.6,0.143,65.50999999999999,30.049999999999997,40.0,1011.0,3.3449999999999998,0,0,-0.7071067811865477,0.7071067811865474,-0.433883739117558,-0.9009688679024191,405.655,62.5,1,1,1,1
2026-04-17 22:00:00,1164.5,33.8,0.249,66.51,28.6,50.0,1011.0,4.12,0,0,-0.5000000000000004,0.8660254037844384,-0.433883739117558,-0.9009688679024191,406.48,83.5,1,1,1,1
2026-04-17 23:00:00,556.5,42.2,0.062,64.925,27.6,56.0,1012.0,3.09,0,0,-0.25881904510252157,0.9659258262890681,-0.433883739117558,-0.9009688679024191,407.56,90.0,1,1,1,1
2026-04-18 00:00:00,212.0,39.3,0.127,60.71,27.0,59.0,1011.0,3.3449999999999998,1,0,0.0,1.0,-0.9749279121818236,-0.2225209339563146,403.78,71.5,1,1,1,1
2026-04-18 01:00:00,691.0,37.3,0.17099999999999999,66.755,26.049999999999997,65.5,1011.0,3.09,1,0,0.25881904510252074,0.9659258262890683,-0.9749279121818236,-0.2225209339563146,403.78,73.0,1,1,1,1
2026-04-18 02:00:00,830.0,40.05,0.1105,67.07,25.65,69.5,1010.0,4.0649999999999995,1,0,0.49999999999999994,0.8660254037844387,-0.9749279121818236,-0.2225209339563146,404.725,76.0,1,1,1,1
2026-04-18 03:00:00,624.0,38.150000000000006,0.15200000000000002,66.10499999999999,25.35,69.5,1010.5,3.19,1,0,0.7071067811865476,0.7071067811865476,-0.9749279121818236,-0.2225209339563146,405.94,71.0,1,1,1,1
2026-04-18 04:00:00,176.625,41.3,0.083,58.9,24.9,71.0,1010.0,3.09,1,0,0.8660254037844386,0.5000000000000001,-0.9749279121818236,-0.2225209339563146,406.21,71.0,1,1,1,1
2026-04-18 05:00:00,235.7625,41.29,0.08310000000000001,59.662,25.95,66.7,1009.7,3.295,1,0,0.9659258262890683,0.25881904510252074,-0.9749279121818236,-0.2225209339563146,405.99399999999997,71.7,0,0,0,0
2026-04-18 06:00:00,294.9,41.28,0.08320000000000001,60.424,27.0,62.4,1009.4,3.5,1,0,1.0,6.123233995736766e-17,-0.9749279121818236,-0.2225209339563146,405.77799999999996,72.4,0,0,0,0
2026-04-18 07:00:00,354.0375,41.269999999999996,0.0833,61.186,28.049999999999997,58.1,1009.1,3.705,1,0,0.9659258262890683,-0.25881904510252063,-0.9749279121818236,-0.2225209339563146,405.562,73.1,0,0,0,0
2026-04-18 08:00:00,,,0.0834,61.948,,,,,1,0,0.8660254037844387,-0.4999999999999998,-0.9749279121818236,-0.2225209339563146,405.346,73.8,0,0,0,0
2026-04-18 09:00:00,,,0.0835,62.71,,,,,1,0,0.7071067811865476,-0.7071067811865475,-0.9749279121818236,-0.2225209339563146,405.13,74.5,0,0,0,0
2026-04-18 10:00:00,,,0.08360000000000001,63.472,,,,,1,0,0.49999999999999994,-0.8660254037844387,-0.9749279121818236,-0.2225209339563146,404.914,75.2,0,0,0,0
2026-04-18 11:00:00,,,,,,,,,1,0,0.258819045102521,-0.9659258262890682,-0.9749279121818236,-0.2225209339563146,404.69800000000004,75.51727721196325,0,0,0,0
2026-04-18 12:00:00,,,,,,,,,1,0,1.2246467991473532e-16,-1.0,-0.9749279121818236,-0.2225209339563146,404.482,75.51727721196325,0,0,0,0
2026-04-18 13:00:00,,,,,,,,,1,0,-0.2588190451025208,-0.9659258262890683,-0.9749279121818236,-0.2225209339563146,404.266,75.51727721196325,0,0,0,0
2026-04-18 14:00:00,768.0,41.2,0.084,66.52,35.4,28.0,1007.0,5.14,1,0,-0.4999999999999997,-0.8660254037844388,-0.9749279121818236,-0.2225209339563146,404.05,78.0,1,1,1,1
2026-04-18 15:00:00,748.0,39.7,0.1165,65.805,35.55,26.5,1007.0,3.09,1,0,-0.7071067811865471,-0.7071067811865479,-0.9749279121818236,-0.2225209339563146,403.78,78.5,1,1,1,1
2026-04-18 16:00:00,634.0,39.849999999999994,0.1145,65.66499999999999,34.9,27.0,1006.5,3.09,1,0,-0.8660254037844385,-0.5000000000000004,-0.9749279121818236,-0.2225209339563146,403.24,78.0,1,1,1,1
2026-04-18 17:00:00,920.0,44.75,0.0325,68.07,33.7,29.0,1007.0,3.09,1,0,-0.9659258262890683,-0.25881904510252063,-0.9749279121818236,-0.2225209339563146,403.51,79.0,1,1,1,1
2026-04-18 18:00:00,719.0,43.5,0.033,65.83,32.75,31.5,1008.0,3.09,1,0,-1.0,-1.8369701987210297e-16,-0.9749279121818236,-0.2225209339563146,403.91499999999996,77.5,0,0,1,1
2026-04-18 19:00:00,313.5,37.55,0.1655,62.285000000000004,31.8,34.0,1009.0,3.09,1,0,-0.9659258262890684,0.2588190451025203,-0.9749279121818236,-0.2225209339563146,404.32,76.0,1,1,1,1
2026-04-18 20:00:00,777.5,38.7,0.14,67.025,30.8,37.0,1011.0,3.605,1,0,-0.8660254037844386,0.5000000000000001,-0.9749279121818236,-0.2225209339563146,405.4,76.0,1,1,1,1
2026-04-18 21:00:00,658.5,39.599999999999994,0.1205,65.32,29.799999999999997,40.5,1012.0,4.37,1,0,-0.7071067811865477,0.7071067811865474,-0.9749279121818236,-0.2225209339563146,405.4,68.0,1,1,1,1
2026-04-18 22:00:00,1019.5,36.55,0.1885,68.58500000000001,28.85,44.0,1012.0,3.605,1,0,-0.5000000000000004,0.8660254037844384,-0.9749279121818236,-0.2225209339563146,405.4,68.0,1,1,1,1
2026-04-18 23:00:00,579.5,41.85,0.0875,65.635,27.95,48.5,1013.0,3.6,1,0,-0.25881904510252157,0.9659258262890681,-0.9749279121818236,-0.2225209339563146,405.4,76.0,1,1,1,1
2026-04-19 00:00:00,393.0,39.15,0.13,63.265,27.15,55.5,1011.5,2.575,1,0,0.0,1.0,-0.7818314824680299,0.6234898018587334,402.7,91.0,1,1,1,1
2026-04-19 01:00:00,655.0,39.35,0.126,66.03,26.15,59.0,1012.0,1.8,1,0,0.25881904510252074,0.9659258262890683,-0.7818314824680299,0.6234898018587334,402.7,75.0,1,1,1,1
2026-04-19 02:00:00,602.0,43.0,0.044,65.145,25.5,61.0,1011.0,1.8,1,0,0.49999999999999994,0.8660254037844387,-0.7818314824680299,0.6234898018587334,402.7,67.0,1,1,1,1
2026-04-19 03:00:00,803.0,37.65,0.163,67.265,25.1,64.0,1010.5,1.54,1,0,0.7071067811865476,0.7071067811865476,-0.7818314824680299,0.6234898018587334,402.16,58.0,1,1,1,1
2026-04-19 04:00:00,550.0,44.3,0.0155,63.78999999999999,23.75,68.0,1009.0,1.54,1,0,0.8660254037844386,0.5000000000000001,-0.7818314824680299,0.6234898018587334,402.43,47.0,1,1,1,1
2026-04-19 05:00:00,341.5,41.0,0.089,62.66,24.25,68.0,1009.5,1.54,1,0,0.9659258262890683,0.25881904510252074,-0.7818314824680299,0.6234898018587334,401.89,61.0,1,1,1,1
2026-04-19 06:00:00,702.5,39.15,0.129,66.4,23.75,69.5,1010.5,2.06,1,0,1.0,6.123233995736766e-17,-0.7818314824680299,0.6234898018587334,402.43,67.0,1,1,1,1
2026-04-19 07:00:00,553.0,41.25,0.08349999999999999,63.975,24.3,72.5,1012.0,1.8,1,0,0.9659258262890683,-0.25881904510252063,-0.7818314824680299,0.6234898018587334,403.24,66.0,1,1,1,1
2026-04-19 08:00:00,480.5,39.3,0.126,62.885000000000005,25.75,73.0,1012.0,2.57,1,0,0.8660254037844387,-0.4999999999999998,-0.7818314824680299,0.6234898018587334,403.24,56.0,1,1,1,1
2026-04-19 09:00:00,761.5,39.3,0.1275,66.8,27.95,68.0,1011.0,3.3449999999999998,1,0,0.7071067811865476,-0.7071067811865475,-0.7818314824680299,0.6234898018587334,402.97,75.0,1,1,1,1
2026-04-19 10:00:00,637.0,39.2,0.129,63.4,29.8,59.5,1011.0,3.605,1,0,0.49999999999999994,-0.8660254037844387,-0.7818314824680299,0.6234898018587334,404.59,74.0,1,1,1,1
2026-04-19 11:00:00,338.0,42.3,0.0605,61.515,31.8,49.5,1010.5,3.42,1,0,0.258819045102521,-0.9659258262890682,-0.7818314824680299,0.6234898018587334,404.32,62.0,1,1,1,1
2026-04-19 12:00:00,399.0,41.45,0.0795,62.975,32.8,44.0,1009.0,2.575,1,0,1.2246467991473532e-16,-1.0,-0.7818314824680299,0.6234898018587334,402.16,58.0,1,1,1,1
2026-04-19 13:00:00,1012.5,39.35,0.125,68.05,34.45,38.0,1008.0,2.315,1,0,-0.2588190451025208,-0.9659258262890683,-0.7818314824680299,0.6234898018587334,402.43,58.0,1,1,1,1
2026-04-19 14:00:00,586.5,43.95,0.031,64.97,35.150000000000006,33.5,1007.5,3.3449999999999998,1,0,-0.4999999999999997,-0.8660254037844388,-0.7818314824680299,0.6234898018587334,402.43,61.0,1,1,1,1
2026-04-19 15:00:00,456.0,39.8,0.115,63.33,35.75,30.5,1006.5,3.3449999999999998,1,0,-0.7071067811865471,-0.7071067811865479,-0.7818314824680299,0.6234898018587334,402.7,66.0,1,1,1,1
2026-04-19 16:00:00,391.5,37.85,0.159,63.275000000000006,35.55,28.5,1006.0,4.890000000000001,1,0,-0.8660254037844385,-0.5000000000000004,-0.7818314824680299,0.6234898018587334,405.13,71.0,1,1,1,1
2026-04-19 17:00:00,508.0,40.2,0.106,64.14,34.5,29.0,1006.0,4.115,1,0,-0.9659258262890683,-0.25881904510252063,-0.7818314824680299,0.6234898018587334,403.78,67.0,1,1,1,1
2026-04-19 18:00:00,251.0,42.5,0.055499999999999994,61.195,33.6,32.0,1006.5,3.8600000000000003,1,0,-1.0,-1.8369701987210297e-16,-0.7818314824680299,0.6234898018587334,403.78,64.0,1,1,1,1
2026-04-19 19:00:00,486.0,39.95,0.112,62.9,32.15,35.5,1009.0,4.12,1,0,-0.9659258262890684,0.2588190451025203,-0.7818314824680299,0.6234898018587334,404.05,65.0,1,1,1,1
2026-04-19 20:00:00,584.5,42.95,0.0455,64.705,31.45,38.5,1010.0,2.83,1,0,-0.8660254037844386,0.5000000000000001,-0.7818314824680299,0.6234898018587334,404.2,66.0,1,1,1,1
2026-04-19 21:00:00,836.0,42.8,0.084,68.07,30.5,40.0,1011.0,2.83,1,0,-0.7071067811865477,0.7071067811865474,-0.7818314824680299,0.6234898018587334,405.4,71.0,1,1,1,1
2026-04-19 22:00:00,670.5,41.75,0.07150000000000001,65.80000000000001,29.5,42.0,1011.0,2.83,1,0,-0.5000000000000004,0.8660254037844384,-0.7818314824680299,0.6234898018587334,406.48,69.0,1,1,1,1
2026-04-19 23:00:00,763.0,37.65,0.164,67.065,28.950000000000003,44.5,1011.0,2.0549999999999997,1,0,-0.25881904510252157,0.9659258262890681,-0.7818314824680299,0.6234898018587334,404.05,71.0,1,1,1,1
2026-04-20 00:00:00,363.5,42.650000000000006,0.0525,62.63,28.15,48.5,1011.0,2.06,0,0,0.0,1.0,0.0,1.0,402.97,70.0,1,1,1,1
2026-04-20 01:00:00,639.0,38.75,0.1395,66.16999999999999,27.9,53.5,1010.0,1.54,0,0,0.25881904510252074,0.9659258262890683,0.0,1.0,401.62,63.0,1,1,1,1
2026-04-20 02:00:00,517.5,38.55,0.14400000000000002,65.215,25.3,68.0,1009.0,1.8,0,0,0.49999999999999994,0.8660254037844387,0.0,1.0,401.62,70.0,1,1,1,1
2026-04-20 03:00:00,456.5,37.8,0.1605,64.33,24.8,77.0,1009.0,2.83,0,0,0.7071067811865476,0.7071067811865476,0.0,1.0,401.735,73.5,1,1,1,1
2026-04-20 04:00:00,570.5,40.2,0.1075,64.975,24.0,80.0,1010.0,3.09,0,0,0.8660254037844386,0.5000000000000001,0.0,1.0,402.49,68.0,1,1,1,1
2026-04-20 05:00:00,703.0,46.55,0.0385,67.135,23.3,87.0,1011.0,2.83,0,0,0.9659258262890683,0.25881904510252074,0.0,1.0,402.31,68.0,1,1,1,1
2026-04-20 06:00:00,1110.0,37.75,0.161,65.03999999999999,23.0,89.0,1011.0,2.575,0,0,1.0,6.123233995736766e-17,0.0,1.0,402.02,56.5,1,1,1,1
2026-04-20 07:00:00,6564.0,17.15,0.6194999999999999,83.125,23.8,85.5,1012.0,1.54,0,1,0.9659258262890683,-0.25881904510252063,0.0,1.0,402.425,60.5,1,1,1,1
2026-04-20 08:00:00,295.5,40.150000000000006,0.108,65.44,26.3,73.0,1012.0,2.57,0,1,0.8660254037844387,-0.4999999999999998,0.0,1.0,403.515,66.0,1,1,1,1
2026-04-20 09:00:00,3330.0,25.6,0.4315,74.95500000000001,28.25,64.0,1011.0,1.7999999999999998,0,1,0.7071067811865476,-0.7071067811865475,0.0,1.0,402.78999999999996,69.0,1,1,1,1
2026-04-20 10:00:00,6389.5,14.0,0.6885,83.56,29.4,60.0,1011.0,1.03,0,1,0.49999999999999994,-0.8660254037844387,0.0,1.0,404.32,76.0,1,1,1,1
2026-04-20 11:00:00,2570.0,20.75,0.5385,75.35499999999999,32.3,47.0,1010.0,1.03,0,0,0.258819045102521,-0.9659258262890682,0.0,1.0,403.25,78.0,1,1,1,1
2026-04-20 12:00:00,2521.5,26.95,0.401,74.22,32.75,43.0,1008.0,1.7999999999999998,0,0,1.2246467991473532e-16,-1.0,0.0,1.0,403.76,74.0,1,1,1,1
2026-04-20 13:00:00,1332.0,32.3,0.2825,67.155,34.3,37.0,1007.0,2.57,0,0,-0.2588190451025208,-0.9659258262890683,0.0,1.0,403.76,72.0,1,1,1,1
2026-04-20 14:00:00,1370.0,36.8,0.1815,67.08,35.1,32.0,1005.0,2.57,0,0,-0.4999999999999997,-0.8660254037844388,0.0,1.0,404.28,74.0,1,1,1,1
2026-04-20 15:00:00,2355.5,29.799999999999997,0.33799999999999997,73.42500000000001,35.3,30.0,1005.0,2.83,0,0,-0.7071067811865471,-0.7071067811865479,0.0,1.0,405.845,74.5,1,1,1,1
2026-04-20 16:00:00,2719.0,27.95,0.3785,74.355,34.8,29.5,1004.0,4.12,0,0,-0.8660254037844385,-0.5000000000000004,0.0,1.0,405.22,77.5,1,1,1,1
2026-04-20 17:00:00,3134.0,27.35,0.3925,73.255,34.2,31.0,1005.0,4.375,0,1,-0.9659258262890683,-0.25881904510252063,0.0,1.0,405.76,78.0,1,1,1,1
2026-04-20 18:00:00,3288.5,27.05,0.399,73.815,33.15,34.0,1006.0,3.86,0,1,-1.0,-1.8369701987210297e-16,0.0,1.0,405.76,78.0,1,1,1,1
2026-04-20 19:00:00,3266.5,27.25,0.395,73.585,32.2,35.0,1007.0,3.09,0,1,-0.9659258262890684,0.2588190451025203,0.0,1.0,404.95000000000005,76.5,1,1,1,1
2026-04-20 20:00:00,3357.5,29.95,0.3345,72.06,31.049999999999997,40.5,1008.0,3.3449999999999998,0,1,-0.8660254037844386,0.5000000000000001,0.0,1.0,404.95000000000005,76.5,1,1,1,1
2026-04-20 21:00:00,1832.5,38.5,0.14400000000000002,70.78,30.0,43.5,1009.0,3.09,0,0,-0.7071067811865477,0.7071067811865474,0.0,1.0,404.95000000000005,78.0,1,1,1,1
2026-04-20 22:00:00,2050.5,36.2,0.196,71.63499999999999,28.6,48.5,1010.0,4.12,0,0,-0.5000000000000004,0.8660254037844384,0.0,1.0,405.895,73.0,1,1,1,1
2026-04-20 23:00:00,660.0,40.8,0.0925,65.15,27.4,55.0,1010.0,3.605,0,0,-0.25881904510252157,0.9659258262890681,0.0,1.0,405.095,63.5,1,1,1,1
2026-04-21 00:00:00,771.0,40.099999999999994,0.1085,66.715,26.9,58.0,1010.0,4.12,0,0,0.0,1.0,0.7818314824680298,0.6234898018587336,404.005,57.0,1,1,1,1
2026-04-21 01:00:00,257.5,38.349999999999994,0.147,61.265,26.25,63.0,1010.0,2.315,0,0,0.25881904510252074,0.9659258262890683,0.7818314824680298,0.6234898018587336,405.71,56.0,1,1,1,1
2026-04-21 02:00:00,737.5,36.0,0.2,67.13499999999999,25.35,68.5,1009.0,2.57,0,0,0.49999999999999994,0.8660254037844387,0.7818314824680298,0.6234898018587336,404.395,51.0,1,1,1,1
2026-04-21 03:00:00,439.5,39.75,0.11649999999999999,64.3,25.0,72.0,1009.0,2.705,0,0,0.7071067811865476,0.7071067811865476,0.7818314824680298,0.6234898018587336,404.55,47.0,1,1,1,1
2026-04-21 04:00:00,606.0,39.1,0.1315,65.345,24.549999999999997,74.0,1010.0,2.69,0,0,0.8660254037844386,0.5000000000000001,0.7818314824680298,0.6234898018587336,406.305,45.0,1,1,1,1
2026-04-21 05:00:00,833.0,40.0,0.11,67.08,24.2,78.0,1010.0,2.52,0,0,0.9659258262890683,0.25881904510252074,0.7818314824680298,0.6234898018587336,406.48,47.0,1,1,1,1
2026-04-21 06:00:00,1253.8461538461538,38.184615384615384,0.15046153846153848,68.31076923076922,24.846153846153847,74.15384615384616,1009.6923076923077,2.6823076923076923,0,0,1.0,6.123233995736766e-17,0.7818314824680298,0.6234898018587336,406.21000000000004,47.53846153846154,0,0,0,0
2026-04-21 07:00:00,1674.6923076923076,36.36923076923077,0.19092307692307692,69.54153846153847,25.49230769230769,70.3076923076923,1009.3846153846154,2.8446153846153845,0,1,0.9659258262890683,-0.25881904510252063,0.7818314824680298,0.6234898018587336,405.94,48.07692307692308,0,0,0,0
2026-04-21 08:00:00,2095.538461538462,34.55384615384615,0.2313846153846154,70.77230769230769,26.138461538461538,66.46153846153847,1009.0769230769231,3.006923076923077,0,1,0.8660254037844387,-0.4999999999999998,0.7818314824680298,0.6234898018587336,405.67,48.61538461538461,0,0,0,0
2026-04-21 09:00:00,,,0.27184615384615385,72.00307692307692,,,,,0,1,0.7071067811865476,-0.7071067811865475,0.7818314824680298,0.6234898018587336,405.40000000000003,49.15384615384615,0,0,0,0
2026-04-21 10:00:00,,,0.31230769230769234,73.23384615384616,,,,,0,1,0.49999999999999994,-0.8660254037844387,0.7818314824680298,0.6234898018587336,405.13,49.69230769230769,0,0,0,0
2026-04-21 11:00:00,,,0.3527692307692308,74.46461538461539,,,,,0,0,0.258819045102521,-0.9659258262890682,0.7818314824680298,0.6234898018587336,404.86,50.23076923076923,0,0,0,0
2026-04-21 12:00:00,,,,,,,,,0,0,1.2246467991473532e-16,-1.0,0.7818314824680298,0.6234898018587336,404.59000000000003,75.51727721196325,0,0,0,0
2026-04-21 13:00:00,,,,,,,,,0,0,-0.2588190451025208,-0.9659258262890683,0.7818314824680298,0.6234898018587336,404.32000000000005,75.51727721196325,0,0,0,0
2026-04-21 14:00:00,,,,,,,,,0,0,-0.4999999999999997,-0.8660254037844388,0.7818314824680298,0.6234898018587336,404.05,75.51727721196325,0,0,0,0
2026-04-21 15:00:00,,,,,,,,,0,0,-0.7071067811865471,-0.7071067811865479,0.7818314824680298,0.6234898018587336,405.9122124594624,75.51727721196325,0,0,0,0
2026-04-21 16:00:00,,,,,,,,,0,0,-0.8660254037844385,-0.5000000000000004,0.7818314824680298,0.6234898018587336,405.9122124594624,75.51727721196325,0,0,0,0
2026-04-21 17:00:00,,,,,,,,,0,1,-0.9659258262890683,-0.25881904510252063,0.7818314824680298,0.6234898018587336,405.9122124594624,75.51727721196325,0,0,0,0
2026-04-21 18:00:00,6304.0,16.4,0.636,83.08,32.6,28.0,1006.0,4.63,0,1,-1.0,-1.8369701987210297e-16,0.7818314824680298,0.6234898018587336,402.97,54.0,1,1,1,1
2026-04-21 19:00:00,6527.0,13.5,0.6995,83.74000000000001,31.85,26.5,1007.0,3.8600000000000003,0,1,-0.9659258262890684,0.2588190451025203,0.7818314824680298,0.6234898018587336,404.185,56.5,1,1,1,1
2026-04-21 20:00:00,3443.5,29.05,0.3555,74.725,30.35,28.5,1008.0,3.86,0,1,-0.8660254037844386,0.5000000000000001,0.7818314824680298,0.6234898018587336,405.80499999999995,60.0,1,1,1,1
2026-04-21 21:00:00,1279.0,29.2,0.351,68.53999999999999,29.15,39.5,1009.0,4.375,0,0,-0.7071067811865477,0.7071067811865474,0.7818314824680298,0.6234898018587336,405.80499999999995,58.0,1,1,1,1
2026-04-21 22:00:00,1361.5,31.6,0.29800000000000004,68.665,28.450000000000003,45.0,1010.0,4.63,0,0,-0.5000000000000004,0.8660254037844384,0.7818314824680298,0.6234898018587336,405.13,53.5,1,1,1,1
2026-04-21 23:00:00,613.0,39.95,0.11249999999999999,65.75999999999999,27.45,48.5,1010.0,4.375,0,0,-0.25881904510252157,0.9659258262890681,0.7818314824680298,0.6234898018587336,404.86,52.0,1,1,1,1
2026-04-22 00:00:00,399.0,38.5,0.144,63.785000000000004,26.65,51.0,1010.0,3.605,0,0,0.0,1.0,0.9749279121818236,-0.22252093395631434,403.54499999999996,47.0,1,1,1,1
2026-04-22 01:00:00,576.5,40.2,0.1055,65.39500000000001,25.4,60.5,1010.0,3.3449999999999998,0,0,0.25881904510252074,0.9659258262890683,0.9749279121818236,-0.22252093395631434,405.03,44.5,1,1,1,1
2026-04-22 02:00:00,477.5,41.0,0.0895,63.39,25.049999999999997,69.0,1009.0,2.57,0,0,0.49999999999999994,0.8660254037844387,0.9749279121818236,-0.22252093395631434,405.67,51.0,1,1,1,1
2026-04-22 03:00:00,475.5,39.099999999999994,0.1315,63.83,24.200000000000003,67.5,1009.0,2.57,0,0,0.7071067811865476,0.7071067811865476,0.9749279121818236,-0.22252093395631434,405.94,58.5,1,1,1,1
2026-04-22 04:00:00,306.0,38.599999999999994,0.14150000000000001,62.57,23.7,69.0,1009.0,2.7649999999999997,0,0,0.8660254037844386,0.5000000000000001,0.9749279121818236,-0.22252093395631434,406.075,58.5,1,1,1,1
2026-04-22 05:00:00,322.26666666666665,38.82666666666666,0.13660000000000003,62.928666666666665,24.22,66.26666666666667,1008.8666666666667,2.855333333333333,0,0,0.9659258262890683,0.25881904510252074,0.9749279121818236,-0.22252093395631434,406.13,59.2,0,0,0,0
2026-04-22 06:00:00,338.5333333333333,39.05333333333333,0.1317,63.287333333333336,24.74,63.53333333333333,1008.7333333333333,2.9456666666666664,0,0,1.0,6.123233995736766e-17,0.9749279121818236,-0.22252093395631434,406.185,59.9,0,0,0,0
2026-04-22 07:00:00,354.8,39.279999999999994,0.12680000000000002,63.646,25.259999999999998,60.8,1008.6,3.0359999999999996,0,1,0.9659258262890683,-0.25881904510252063,0.9749279121818236,-0.22252093395631434,406.24,60.6,0,0,0,0
2026-04-22 08:00:00,,,0.12190000000000002,64.00466666666667,,,,,0,1,0.8660254037844387,-0.4999999999999998,0.9749279121818236,-0.22252093395631434,406.295,61.3,0,0,0,0
2026-04-22 09:00:00,,,0.11700000000000002,64.36333333333333,,,,,0,1,0.7071067811865476,-0.7071067811865475,0.9749279121818236,-0.22252093395631434,406.35,62.0,0,0,0,0
2026-04-22 10:00:00,,,0.11210000000000002,64.72200000000001,,,,,0,1,0.49999999999999994,-0.8660254037844387,0.9749279121818236,-0.22252093395631434,406.405,62.7,0,0,0,0
2026-04-22 11:00:00,,,,,,,,,0,0,0.258819045102521,-0.9659258262890682,0.9749279121818236,-0.22252093395631434,406.46,75.51727721196325,0,0,0,0
2026-04-22 12:00:00,,,,,,,,,0,0,1.2246467991473532e-16,-1.0,0.9749279121818236,-0.22252093395631434,406.515,75.51727721196325,0,0,0,0
2026-04-22 13:00:00,,,,,,,,,0,0,-0.2588190451025208,-0.9659258262890683,0.9749279121818236,-0.22252093395631434,406.57,75.51727721196325,0,0,0,0
2026-04-22 14:00:00,,,,,,,,,0,0,-0.4999999999999997,-0.8660254037844388,0.9749279121818236,-0.22252093395631434,405.9122124594624,75.51727721196325,0,0,0,0
2026-04-22 15:00:00,,,,,,,,,0,0,-0.7071067811865471,-0.7071067811865479,0.9749279121818236,-0.22252093395631434,405.9122124594624,75.51727721196325,0,0,0,0
2026-04-22 16:00:00,,,,,,,,,0,0,-0.8660254037844385,-0.5000000000000004,0.9749279121818236,-0.22252093395631434,405.9122124594624,75.51727721196325,0,0,0,0
2026-04-22 17:00:00,,,,,,,,,0,1,-0.9659258262890683,-0.25881904510252063,0.9749279121818236,-0.22252093395631434,405.9122124594624,75.51727721196325,0,0,0,0
2026-04-22 18:00:00,,,,,,,,,0,1,-1.0,-1.8369701987210297e-16,0.9749279121818236,-0.22252093395631434,405.9122124594624,75.51727721196325,0,0,0,0
2026-04-22 19:00:00,550.0,42.0,0.068,67.95,31.5,28.0,1007.0,4.12,0,1,-0.9659258262890684,0.2588190451025203,0.9749279121818236,-0.22252093395631434,406.9,69.0,1,1,1,1
2026-04-22 20:00:00,6572.5,16.1,0.6425000000000001,83.32,31.2,33.0,1007.5,4.12,0,1,-0.8660254037844386,0.5000000000000001,0.9749279121818236,-0.22252093395631434,408.425,63.5,1,1,1,1
2026-04-22 21:00:00,1189.5,32.35,0.281,66.465,29.3,45.0,1009.0,4.12,0,0,-0.7071067811865477,0.7071067811865474,0.9749279121818236,-0.22252093395631434,408.81500000000005,71.5,1,1,1,1
2026-04-22 22:00:00,1169.0,34.1,0.242,67.35499999999999,28.5,49.5,1010.0,4.12,0,0,-0.5000000000000004,0.8660254037844384,0.9749279121818236,-0.22252093395631434,407.04499999999996,91.5,1,1,1,1
2026-04-22 23:00:00,660.5,42.849999999999994,0.0475,65.525,27.55,55.0,1010.0,3.3449999999999998,0,0,-0.25881904510252157,0.9659258262890681,0.9749279121818236,-0.22252093395631434,407.27,87.0,1,1,1,1
2026-04-23 00:00:00,798.5,39.6,0.121,66.98,26.5,57.5,1009.5,2.57,0,0,0.0,1.0,0.43388373911755823,-0.900968867902419,405.78999999999996,63.5,1,1,1,1
2026-04-23 01:00:00,642.0,40.7,0.0955,65.84,25.45,61.0,1009.0,2.57,0,0,0.25881904510252074,0.9659258262890683,0.43388373911755823,-0.900968867902419,404.04499999999996,60.0,1,1,1,1
2026-04-23 02:00:00,305.5,41.599999999999994,0.09,63.334999999999994,24.85,67.5,1008.0,3.72,0,0,0.49999999999999994,0.8660254037844387,0.43388373911755823,-0.900968867902419,404.08,60.0,1,1,1,1
2026-04-23 03:00:00,615.5,39.4,0.125,65.6,24.85,67.0,1008.0,3.57,0,0,0.7071067811865476,0.7071067811865476,0.43388373911755823,-0.900968867902419,403.525,59.0,1,1,1,1
2026-04-23 04:00:00,661.5,39.599999999999994,0.12000000000000001,66.14,24.25,68.5,1009.0,3.24,0,0,0.8660254037844386,0.5000000000000001,0.43388373911755823,-0.900968867902419,404.41499999999996,56.0,1,1,1,1
2026-04-23 05:00:00,705.0,38.8,0.1385,66.555,23.75,70.0,1010.0,3.115,0,0,0.9659258262890683,0.25881904510252074,0.43388373911755823,-0.900968867902419,405.21,49.5,1,1,1,1
2026-04-23 06:00:00,1174.1666666666667,36.733333333333334,0.18429166666666666,67.96875,24.59583333333333,66.5,1009.5833333333334,3.2837500000000004,0,0,1.0,6.123233995736766e-17,0.43388373911755823,-0.900968867902419,405.24833333333333,64.625,0,0,0,0
2026-04-23 07:00:00,1643.3333333333335,34.666666666666664,0.2300833333333333,69.38250000000001,25.441666666666666,63.0,1009.1666666666666,3.4525,0,1,0.9659258262890683,-0.25881904510252063,0.43388373911755823,-0.900968867902419,405.28666666666663,79.75,0,0,0,0
2026-04-23 08:00:00,2112.5,32.599999999999994,0.275875,70.79625,26.2875,59.5,1008.75,3.62125,0,1,0.8660254037844387,-0.4999999999999998,0.43388373911755823,-0.900968867902419,405.325,94.875,0,0,0,0
2026-04-23 09:00:00,,,0.32166666666666666,72.21,,,,,0,1,0.7071067811865476,-0.7071067811865475,0.43388373911755823,-0.900968867902419,405.36333333333334,110.0,0,0,0,0
2026-04-23 10:00:00,,,0.36745833333333333,73.62375,,,,,0,1,0.49999999999999994,-0.8660254037844387,0.43388373911755823,-0.900968867902419,405.40166666666664,125.125,0,0,0,0
2026-04-23 11:00:00,,,0.41325,75.0375,,,,,0,0,0.258819045102521,-0.9659258262890682,0.43388373911755823,-0.900968867902419,405.44,140.25,0,0,0,0
2026-04-23 12:00:00,,,,,,,,,0,0,1.2246467991473532e-16,-1.0,0.43388373911755823,-0.900968867902419,405.47833333333335,75.51727721196325,0,0,0,0
2026-04-23 13:00:00,,,,,,,,,0,0,-0.2588190451025208,-0.9659258262890683,0.43388373911755823,-0.900968867902419,405.51666666666665,75.51727721196325,0,0,0,0
2026-04-23 14:00:00,,,,,,,,,0,0,-0.4999999999999997,-0.8660254037844388,0.43388373911755823,-0.900968867902419,405.555,75.51727721196325,0,0,0,0
2026-04-23 15:00:00,,,,,,,,,0,0,-0.7071067811865471,-0.7071067811865479,0.43388373911755823,-0.900968867902419,405.9122124594624,75.51727721196325,0,0,0,0
2026-04-23 16:00:00,,,,,,,,,0,0,-0.8660254037844385,-0.5000000000000004,0.43388373911755823,-0.900968867902419,405.9122124594624,75.51727721196325,0,0,0,0
2026-04-23 17:00:00,6335.0,14.0,0.688,83.52,33.9,28.0,1005.0,5.14,0,1,-0.9659258262890683,-0.25881904510252063,0.43388373911755823,-0.900968867902419,405.67,231.0,1,1,1,1
2026-04-23 18:00:00,3502.0,24.950000000000003,0.4455,75.78,33.35,28.0,1005.5,5.14,0,1,-1.0,-1.8369701987210297e-16,0.43388373911755823,-0.900968867902419,405.67,250.0,1,1,1,1
2026-04-23 19:00:00,176.625,38.1,0.153,62.5,32.9,29.0,1007.0,4.12,0,1,-0.9659258262890684,0.2588190451025203,0.43388373911755823,-0.900968867902419,405.13,57.0,1,1,1,1
2026-04-23 20:00:00,6336.0,15.7,0.65,83.22,31.8,35.0,1008.0,3.09,0,1,-0.8660254037844386,0.5000000000000001,0.43388373911755823,-0.900968867902419,408.38,76.0,1,1,1,1
2026-04-23 21:00:00,1128.0,32.35,0.282,67.395,30.3,42.0,1008.5,3.085,0,0,-0.7071067811865477,0.7071067811865474,0.43388373911755823,-0.900968867902419,408.655,124.0,1,1,1,1
2026-04-23 22:00:00,1110.0,39.25,0.1285,66.91499999999999,28.65,47.5,1010.0,3.09,0,0,-0.5000000000000004,0.8660254037844384,0.43388373911755823,-0.900968867902419,405.555,133.5,1,1,1,1
2026-04-23 23:00:00,216.5,41.35,0.0805,60.4,27.700000000000003,52.5,1009.0,2.83,0,0,-0.25881904510252157,0.9659258262890681,0.43388373911755823,-0.900968867902419,404.77,140.5,1,1,1,1
2026-04-24 00:00:00,233.5,39.65,0.1195,61.394999999999996,26.9,57.0,1009.0,2.57,0,0,0.0,1.0,-0.433883739117558,-0.9009688679024191,404.315,51.0,1,1,1,1
2026-04-24 01:00:00,559.0,41.9,0.069,64.95,26.25,61.0,1008.0,3.09,0,0,0.25881904510252074,0.9659258262890683,-0.433883739117558,-0.9009688679024191,404.69,204.5,1,1,1,1
2026-04-24 02:00:00,463.5,38.65,0.14100000000000001,63.515,25.7,64.5,1008.0,2.06,0,0,0.49999999999999994,0.8660254037844387,-0.433883739117558,-0.9009688679024191,404.47,109.5,1,1,1,1
2026-04-24 03:00:00,417.5,40.3,0.1045,63.605000000000004,24.950000000000003,66.0,1008.0,1.03,0,0,0.7071067811865476,0.7071067811865476,-0.433883739117558,-0.9009688679024191,405.41999999999996,61.5,1,1,1,1
2026-04-24 04:00:00,630.5,38.3,0.14800000000000002,66.17,24.8,67.0,1008.0,1.54,0,0,0.8660254037844386,0.5000000000000001,-0.433883739117558,-0.9009688679024191,406.21500000000003,48.0,1,1,1,1
2026-04-24 05:00:00,641.0,42.900000000000006,0.0465,65.42,23.95,69.0,1009.5,1.54,0,0,0.9659258262890683,0.25881904510252074,-0.433883739117558,-0.9009688679024191,408.565,48.0,1,1,1,1
2026-04-24 06:00:00,2218.5,30.05,0.33199999999999996,73.11,23.6,77.0,1011.0,2.57,0,0,1.0,6.123233995736766e-17,-0.433883739117558,-0.9009688679024191,408.44,54.0,1,1,1,1
2026-04-24 07:00:00,195.5,41.5,0.083,64.77000000000001,24.25,76.0,1011.5,1.54,0,1,0.9659258262890683,-0.25881904510252063,-0.433883739117558,-0.9009688679024191,407.02,70.0,1,1,1,1
2026-04-24 08:00:00,226.0,41.3,0.098,65.0,26.65,72.0,1012.0,2.315,0,1,0.8660254037844387,-0.4999999999999998,-0.433883739117558,-0.9009688679024191,407.02,72.0,1,1,1,1
2026-04-24 09:00:00,6532.5,13.85,0.692,83.69,28.5,63.0,1011.0,2.83,0,1,0.7071067811865476,-0.7071067811865475,-0.433883739117558,-0.9009688679024191,407.56,68.0,1,1,1,1
2026-04-24 10:00:00,273.0,41.65,0.0745,63.875,31.95,45.0,1011.5,1.8,0,1,0.49999999999999994,-0.8660254037844387,-0.433883739117558,-0.9009688679024191,407.02,90.0,1,1,1,1
2026-04-24 11:00:00,2569.5,28.75,0.36150000000000004,73.99,32.7,41.0,1009.0,2.06,0,0,0.258819045102521,-0.9659258262890682,-0.433883739117558,-0.9009688679024191,405.59,135.0,1,1,1,1
2026-04-24 12:00:00,176.625,44.349999999999994,0.0305,60.394999999999996,33.3,34.5,1008.0,2.575,0,0,1.2246467991473532e-16,-1.0,-0.433883739117558,-0.9009688679024191,407.83,83.0,1,1,1,1
2026-04-24 13:00:00,2860.5,28.35,0.3695,74.52,33.95,31.5,1007.0,3.3449999999999998,0,0,-0.2588190451025208,-0.9659258262890683,-0.433883739117558,-0.9009688679024191,407.29,59.0,1,1,1,1
2026-04-24 14:00:00,1454.0,34.6,0.23049999999999998,67.825,35.3,29.0,1005.0,3.3449999999999998,0,0,-0.4999999999999997,-0.8660254037844388,-0.433883739117558,-0.9009688679024191,404.395,108.5,1,1,1,1
2026-04-24 15:00:00,2635.0,25.200000000000003,0.4405,74.705,35.349999999999994,28.0,1005.0,2.83,0,0,-0.7071067811865471,-0.7071067811865479,-0.433883739117558,-0.9009688679024191,406.325,75.0,1,1,1,1
2026-04-24 16:00:00,176.625,39.95,0.11249999999999999,58.845,34.1,30.0,1004.0,3.8600000000000003,0,0,-0.8660254037844385,-0.5000000000000004,-0.433883739117558,-0.9009688679024191,409.275,68.5,1,1,1,1
2026-04-24 17:00:00,6211.5,14.45,0.6795,83.36500000000001,33.599999999999994,31.5,1005.0,4.12,0,1,-0.9659258262890683,-0.25881904510252063,-0.433883739117558,-0.9009688679024191,404.975,57.5,1,1,1,1
2026-04-24 18:00:00,3290.5,30.950000000000003,0.313,74.34,33.4,33.0,1006.0,4.12,0,1,-1.0,-1.8369701987210297e-16,-0.433883739117558,-0.9009688679024191,406.21,59.0,1,1,1,1
2026-04-24 19:00:00,6590.5,13.95,0.69,83.71000000000001,32.225,34.5,1007.5,3.8600000000000003,0,1,-0.9659258262890684,0.2588190451025203,-0.433883739117558,-0.9009688679024191,407.32,67.25,0,0,1,1
2026-04-24 20:00:00,6629.0,16.950000000000003,0.6234999999999999,83.2,31.05,36.0,1009.0,3.6,0,1,-0.8660254037844386,0.5000000000000001,-0.433883739117558,-0.9009688679024191,408.43,75.5,1,1,1,1
2026-04-24 21:00:00,1778.0,43.5,0.039,71.015,29.85,40.0,1009.5,4.65,0,0,-0.7071067811865477,0.7071067811865474,-0.433883739117558,-0.9009688679024191,408.135,91.0,1,1,1,1
2026-04-24 22:00:00,1310.0,33.3,0.259,68.745,28.299999999999997,48.5,1010.0,3.6,0,0,-0.5000000000000004,0.8660254037844384,-0.433883739117558,-0.9009688679024191,407.345,93.0,1,1,1,1
2026-04-24 23:00:00,417.0,43.900000000000006,0.025,63.05500000000001,27.7,52.0,1010.0,3.6,0,0,-0.25881904510252157,0.9659258262890681,-0.433883739117558,-0.9009688679024191,406.71500000000003,75.5,1,1,1,1
2026-04-25 00:00:00,641.0,39.150000000000006,0.1295,65.965,27.299999999999997,53.5,1009.0,3.6,1,0,0.0,1.0,-0.9749279121818236,-0.2225209339563146,406.145,68.5,1,1,1,1
2026-04-25 01:00:00,610.0,42.4,0.0585,65.25999999999999,26.65,54.5,1010.0,3.835,1,0,0.25881904510252074,0.9659258262890683,-0.9749279121818236,-0.2225209339563146,405.825,56.0,1,1,1,1
2026-04-25 02:00:00,401.0,38.5,0.14450000000000002,63.67,25.9,58.0,1010.0,3.6,1,0,0.49999999999999994,0.8660254037844387,-0.9749279121818236,-0.2225209339563146,405.45,47.0,1,1,1,1
2026-04-25 03:00:00,883.0,39.05,0.1315,67.505,25.65,60.0,1010.5,2.5700000000000003,1,0,0.7071067811865476,0.7071067811865476,-0.9749279121818236,-0.2225209339563146,405.635,45.5,1,1,1,1
2026-04-25 04:00:00,311.0,40.599999999999994,0.0975,61.8,24.55,61.5,1010.5,1.03,1,0,0.8660254037844386,0.5000000000000001,-0.9749279121818236,-0.2225209339563146,405.4,48.0,1,1,1,1
2026-04-25 05:00:00,988.0,39.05,0.132,67.975,24.200000000000003,61.5,1010.0,1.545,1,0,0.9659258262890683,0.25881904510252074,-0.9749279121818236,-0.2225209339563146,405.515,47.0,1,1,1,1
2026-04-25 06:00:00,991.6923076923077,39.138461538461534,0.1300769230769231,67.97769230769231,24.86923076923077,59.38461538461539,1009.8461538461538,1.743076923076923,1,0,1.0,6.123233995736766e-17,-0.9749279121818236,-0.2225209339563146,405.5230769230769,48.84615384615385,0,0,0,0
2026-04-25 07:00:00,995.3846153846154,39.22692307692307,0.12815384615384615,67.98038461538461,25.53846153846154,57.26923076923077,1009.6923076923077,1.941153846153846,1,0,0.9659258262890683,-0.25881904510252063,-0.9749279121818236,-0.2225209339563146,405.5311538461538,50.69230769230769,0,0,0,0
2026-04-25 08:00:00,999.0769230769231,39.315384615384616,0.12623076923076923,67.98307692307692,26.20769230769231,55.15384615384615,1009.5384615384615,2.1392307692307693,1,0,0.8660254037844387,-0.4999999999999998,-0.9749279121818236,-0.2225209339563146,405.53923076923076,52.53846153846154,0,0,0,0
2026-04-25 09:00:00,,,0.12430769230769231,67.98576923076924,,,,,1,0,0.7071067811865476,-0.7071067811865475,-0.9749279121818236,-0.2225209339563146,405.5473076923077,54.38461538461539,0,0,0,0
2026-04-25 10:00:00,,,0.12238461538461538,67.98846153846154,,,,,1,0,0.49999999999999994,-0.8660254037844387,-0.9749279121818236,-0.2225209339563146,405.5553846153846,56.230769230769226,0,0,0,0
2026-04-25 11:00:00,,,0.12046153846153845,67.99115384615385,,,,,1,0,0.258819045102521,-0.9659258262890682,-0.9749279121818236,-0.2225209339563146,405.5634615384615,58.07692307692308,0,0,0,0
2026-04-25 12:00:00,,,,,,,,,1,0,1.2246467991473532e-16,-1.0,-0.9749279121818236,-0.2225209339563146,405.57153846153847,75.51727721196325,0,0,0,0
2026-04-25 13:00:00,,,,,,,,,1,0,-0.2588190451025208,-0.9659258262890683,-0.9749279121818236,-0.2225209339563146,405.5796153846154,75.51727721196325,0,0,0,0
2026-04-25 14:00:00,,,,,,,,,1,0,-0.4999999999999997,-0.8660254037844388,-0.9749279121818236,-0.2225209339563146,405.5876923076923,75.51727721196325,0,0,0,0
2026-04-25 15:00:00,,,,,,,,,1,0,-0.7071067811865471,-0.7071067811865479,-0.9749279121818236,-0.2225209339563146,405.9122124594624,75.51727721196325,0,0,0,0
2026-04-25 16:00:00,,,,,,,,,1,0,-0.8660254037844385,-0.5000000000000004,-0.9749279121818236,-0.2225209339563146,405.9122124594624,75.51727721196325,0,0,0,0
2026-04-25 17:00:00,,,,,,,,,1,0,-0.9659258262890683,-0.25881904510252063,-0.9749279121818236,-0.2225209339563146,405.9122124594624,75.51727721196325,0,0,0,0
2026-04-25 18:00:00,1036.0,40.2,0.107,68.01,32.9,34.0,1008.0,4.12,1,0,-1.0,-1.8369701987210297e-16,-0.9749279121818236,-0.2225209339563146,405.62,71.0,1,1,1,1
2026-04-25 19:00:00,981.0,44.099999999999994,0.023,68.18,32.15,35.5,1009.0,3.3449999999999998,1,0,-0.9659258262890684,0.2588190451025203,-0.9749279121818236,-0.2225209339563146,407.29,65.0,1,1,1,1
2026-04-25 20:00:00,519.5,40.900000000000006,0.0915,62.78,30.85,39.0,1010.0,3.3449999999999998,1,0,-0.8660254037844386,0.5000000000000001,-0.9749279121818236,-0.2225209339563146,405.78999999999996,74.0,1,1,1,1
2026-04-25 21:00:00,809.5,38.400000000000006,0.14650000000000002,67.11,29.6,45.0,1011.0,3.605,1,0,-0.7071067811865477,0.7071067811865474,-0.9749279121818236,-0.2225209339563146,405.78999999999996,74.0,1,1,1,1
2026-04-25 22:00:00,654.5,38.05,0.155,66.355,28.5,51.5,1011.0,3.605,1,0,-0.5000000000000004,0.8660254037844384,-0.9749279121818236,-0.2225209339563146,405.9,149.0,1,1,1,1
2026-04-25 23:00:00,1113.0,38.05,0.1545,68.7,27.65,55.5,1011.0,3.3449999999999998,1,0,-0.25881904510252157,0.9659258262890681,-0.9749279121818236,-0.2225209339563146,405.945,133.5,1,1,1,1
2026-04-26 00:00:00,668.0,39.849999999999994,0.114,65.935,26.950000000000003,59.5,1010.0,2.5700000000000003,1,0,0.0,1.0,-0.7818314824680299,0.6234898018587334,404.725,167.5,1,1,1,1
2026-04-26 01:00:00,463.0,40.85,0.0915,64.325,26.35,63.0,1009.0,3.705,1,0,0.25881904510252074,0.9659258262890683,-0.7818314824680299,0.6234898018587334,404.59,224.5,1,1,1,1
2026-04-26 02:00:00,785.0,37.0,0.178,67.345,25.65,68.0,1009.0,1.7999999999999998,1,0,0.49999999999999994,0.8660254037844387,-0.7818314824680299,0.6234898018587334,405.57500000000005,250.5,1,1,1,1
2026-04-26 03:00:00,695.0,42.2,0.0625,65.885,25.2,70.0,1009.0,1.03,1,0,0.7071067811865476,0.7071067811865476,-0.7818314824680299,0.6234898018587334,404.98,58.0,1,1,1,1
2026-04-26 04:00:00,570.5,36.6,0.1865,65.95500000000001,25.0,70.5,1010.0,1.54,1,0,0.8660254037844386,0.5000000000000001,-0.7818314824680299,0.6234898018587334,406.55999999999995,55.0,1,1,1,1
2026-04-26 05:00:00,496.0,37.55,0.16549999999999998,64.42,23.8,71.0,1010.0,1.03,1,0,0.9659258262890683,0.25881904510252074,-0.7818314824680299,0.6234898018587334,405.07500000000005,58.0,1,1,1,1
2026-04-26 06:00:00,493.5,39.5,0.1225,64.53999999999999,23.8,71.0,1012.0,2.06,1,0,1.0,6.123233995736766e-17,-0.7818314824680299,0.6234898018587334,404.82,55.0,1,1,1,1
2026-04-26 07:00:00,926.5,40.35,0.10300000000000001,67.305,25.549999999999997,67.0,1012.5,1.8,1,0,0.9659258262890683,-0.25881904510252063,-0.7818314824680299,0.6234898018587334,404.68,62.0,1,1,1,1
2026-04-26 08:00:00,772.0,38.849999999999994,0.136,66.965,27.7,61.0,1014.0,3.09,1,0,0.8660254037844387,-0.4999999999999998,-0.7818314824680299,0.6234898018587334,405.16,65.0,1,1,1,1
2026-04-26 09:00:00,529.5,40.7,0.096,63.260000000000005,28.65,56.5,1014.0,2.83,1,0,0.7071067811865476,-0.7071067811865475,-0.7818314824680299,0.6234898018587334,405.4,60.0,1,1,1,1
2026-04-26 10:00:00,468.0,38.0,0.1555,64.365,31.95,44.0,1011.5,2.865,1,0,0.49999999999999994,-0.8660254037844387,-0.7818314824680299,0.6234898018587334,403.09000000000003,63.5,1,1,1,1
2026-04-26 11:00:00,506.5,37.1,0.1755,64.905,32.7,40.0,1010.0,2.8,1,0,0.258819045102521,-0.9659258262890682,-0.7818314824680299,0.6234898018587334,402.995,59.5,1,1,1,1
2026-04-26 12:00:00,343.0,42.85,0.0475,62.24,33.900000000000006,35.0,1009.0,2.315,1,0,1.2246467991473532e-16,-1.0,-0.7818314824680299,0.6234898018587334,403.745,62.0,1,1,1,1
2026-04-26 13:00:00,838.0,39.8,0.11599999999999999,66.88,34.599999999999994,31.5,1007.0,3.3449999999999998,1,0,-0.2588190451025208,-0.9659258262890683,-0.7818314824680299,0.6234898018587334,403.88,66.0,1,1,1,1
2026-04-26 14:00:00,607.5,41.65,0.0745,64.79,35.45,28.5,1006.0,1.54,1,0,-0.4999999999999997,-0.8660254037844388,-0.7818314824680299,0.6234898018587334,403.515,73.5,1,1,1,1
2026-04-26 15:00:00,343.0,40.35,0.1035,63.14,35.75,27.5,1005.0,2.57,1,0,-0.7071067811865471,-0.7071067811865479,-0.7818314824680299,0.6234898018587334,405.49,76.0,1,1,1,1
2026-04-26 16:00:00,800.5,40.9,0.091,64.82,35.0,27.5,1005.0,3.3449999999999998,1,0,-0.8660254037844385,-0.5000000000000004,-0.7818314824680299,0.6234898018587334,403.61,77.5,1,1,1,1
2026-04-26 17:00:00,774.0,37.1,0.175,67.29,33.9,31.0,1005.0,4.12,1,0,-0.9659258262890683,-0.25881904510252063,-0.7818314824680299,0.6234898018587334,403.51,69.0,1,1,1,1
2026-04-26 18:00:00,564.0,38.150000000000006,0.152,65.675,33.2,32.0,1006.0,4.63,1,0,-1.0,-1.8369701987210297e-16,-0.7818314824680299,0.6234898018587334,403.51,80.0,1,1,1,1
2026-04-26 19:00:00,418.5,35.3,0.216,63.96,32.5,33.5,1008.0,3.3449999999999998,1,0,-0.9659258262890684,0.2588190451025203,-0.7818314824680299,0.6234898018587334,404.32,77.0,1,1,1,1
2026-04-26 20:00:00,967.5,43.5,0.032,67.05000000000001,31.2,36.5,1009.0,3.6,1,0,-0.8660254037844386,0.5000000000000001,-0.7818314824680299,0.6234898018587334,404.59,82.0,1,1,1,1
2026-04-26 21:00:00,527.0,39.849999999999994,0.115,64.37,29.65,39.5,1009.0,3.6,1,0,-0.7071067811865477,0.7071067811865474,-0.7818314824680299,0.6234898018587334,406.48,87.0,1,1,1,1
2026-04-26 22:00:00,849.0,40.5,0.0995,66.875,28.75,44.0,1010.0,3.6,1,0,-0.5000000000000004,0.8660254037844384,-0.7818314824680299,0.6234898018587334,406.48,81.0,1,1,1,1
2026-04-26 23:00:00,805.0,40.8,0.1015,67.96000000000001,27.75,51.5,1009.0,3.6,1,0,-0.25881904510252157,0.9659258262890681,-0.7818314824680299,0.6234898018587334,404.59,104.0,1,1,1,1
2026-04-27 00:00:00,224.0,39.650000000000006,0.119,61.015,27.3,51.0,1009.0,3.085,0,0,0.0,1.0,0.0,1.0,404.05,64.0,1,1,1,1
2026-04-27 01:00:00,476.0,37.95,0.1565,65.025,26.35,50.5,1008.0,2.57,0,0,0.25881904510252074,0.9659258262890683,0.0,1.0,403.78,57.0,1,1,1,1
2026-04-27 02:00:00,388.5,38.9,0.136,63.129999999999995,25.6,54.0,1008.0,2.57,0,0,0.49999999999999994,0.8660254037844387,0.0,1.0,403.78,59.0,1,1,1,1
2026-04-27 03:00:00,603.0,38.55,0.143,65.935,25.4,69.5,1008.0,3.09,0,0,0.7071067811865476,0.7071067811865476,0.0,1.0,402.7,61.0,1,1,1,1
2026-04-27 04:00:00,592.5,39.7,0.1185,65.6,24.9,68.0,1009.0,3.0300000000000002,0,0,0.8660254037844386,0.5000000000000001,0.0,1.0,405.67,60.0,1,1,1,1
2026-04-27 05:00:00,620.0,42.3,0.061,65.41,24.2,77.0,1009.0,2.06,0,0,0.9659258262890683,0.25881904510252074,0.0,1.0,407.76,84.0,1,1,1,1
2026-04-27 06:00:00,601.7058823529412,42.00588235294117,0.06741176470588235,65.2835294117647,24.49411764705882,74.94117647058823,1009.0,2.211764705882353,0,0,1.0,6.123233995736766e-17,0.0,1.0,407.68764705882353,87.11764705882354,0,0,0,0
2026-04-27 07:00:00,583.4117647058823,41.71176470588235,0.0738235294117647,65.15705882352941,24.788235294117648,72.88235294117646,1009.0,2.363529411764706,0,1,0.9659258262890683,-0.25881904510252063,0.0,1.0,407.61529411764707,90.23529411764706,0,0,0,0
2026-04-27 08:00:00,565.1176470588235,41.417647058823526,0.08023529411764706,65.03058823529412,25.08235294117647,70.82352941176471,1009.0,2.5152941176470587,0,1,0.8660254037844387,-0.4999999999999998,0.0,1.0,407.54294117647055,93.3529411764706,0,0,0,0
2026-04-27 09:00:00,,,0.08664705882352941,64.90411764705883,,,,,0,1,0.7071067811865476,-0.7071067811865475,0.0,1.0,407.4705882352941,96.47058823529412,0,0,0,0
2026-04-27 10:00:00,,,0.09305882352941176,64.77764705882353,,,,,0,1,0.49999999999999994,-0.8660254037844387,0.0,1.0,407.3982352941176,99.58823529411765,0,0,0,0
2026-04-27 11:00:00,,,0.09947058823529412,64.65117647058824,,,,,0,0,0.258819045102521,-0.9659258262890682,0.0,1.0,407.32588235294116,102.70588235294117,0,0,0,0
2026-04-27 12:00:00,,,,,,,,,0,0,1.2246467991473532e-16,-1.0,0.0,1.0,407.25352941176465,75.51727721196325,0,0,0,0
2026-04-27 13:00:00,,,,,,,,,0,0,-0.2588190451025208,-0.9659258262890683,0.0,1.0,407.1811764705882,75.51727721196325,0,0,0,0
2026-04-27 14:00:00,,,,,,,,,0,0,-0.4999999999999997,-0.8660254037844388,0.0,1.0,407.1088235294117,75.51727721196325,0,0,0,0
2026-04-27 15:00:00,,,,,,,,,0,0,-0.7071067811865471,-0.7071067811865479,0.0,1.0,405.9122124594624,75.51727721196325,0,0,0,0
2026-04-27 16:00:00,,,,,,,,,0,0,-0.8660254037844385,-0.5000000000000004,0.0,1.0,405.9122124594624,75.51727721196325,0,0,0,0
2026-04-27 17:00:00,,,,,,,,,0,1,-0.9659258262890683,-0.25881904510252063,0.0,1.0,405.9122124594624,75.51727721196325,0,0,0,0
2026-04-27 18:00:00,,,,,,,,,0,1,-1.0,-1.8369701987210297e-16,0.0,1.0,405.9122124594624,75.51727721196325,0,0,0,0
2026-04-27 19:00:00,,,,,,,,,0,1,-0.9659258262890684,0.2588190451025203,0.0,1.0,405.9122124594624,75.51727721196325,0,0,0,0
2026-04-27 20:00:00,,,,,,,,,0,1,-0.8660254037844386,0.5000000000000001,0.0,1.0,405.9122124594624,75.51727721196325,0,0,0,0
2026-04-27 21:00:00,,,,,,,,,0,0,-0.7071067811865477,0.7071067811865474,0.0,1.0,405.9122124594624,75.51727721196325,0,0,0,0
2026-04-27 22:00:00,309.0,37.3,0.17,63.26,29.2,42.0,1009.0,4.64,0,0,-0.5000000000000004,0.8660254037844384,0.0,1.0,406.53,137.0,1,1,1,1
2026-04-27 23:00:00,366.5,41.650000000000006,0.074,63.065,29.0,48.0,1009.0,5.04,0,0,-0.25881904510252157,0.9659258262890681,0.0,1.0,406.52,81.0,1,1,1,1
2026-04-28 00:00:00,415.0,37.85,0.1585,64.435,29.049999999999997,49.5,1008.0,3.1,0,0,0.0,1.0,0.7818314824680298,0.6234898018587336,405.685,79.0,1,1,1,1
2026-04-28 01:00:00,251.0,38.2,0.1505,62.185,27.049999999999997,53.0,1008.0,3.89,0,0,0.25881904510252074,0.9659258262890683,0.7818314824680298,0.6234898018587336,404.645,71.0,1,1,1,1
2026-04-28 02:00:00,176.625,40.2,0.1065,59.83,25.8,49.0,1008.0,3.48,0,0,0.49999999999999994,0.8660254037844387,0.7818314824680298,0.6234898018587336,404.625,116.0,1,1,1,1
2026-04-28 03:00:00,421.5,37.25,0.172,63.85,25.7,71.5,1007.0,3.09,0,0,0.7071067811865476,0.7071067811865476,0.7818314824680298,0.6234898018587336,404.99,114.5,1,1,1,1
2026-04-28 04:00:00,728.0,35.0,0.222,67.4,25.6,78.0,1008.0,3.09,0,0,0.8660254037844386,0.5000000000000001,0.7818314824680298,0.6234898018587336,406.48,82.0,1,1,1,1
2026-04-28 05:00:00,797.5294117647059,35.167647058823526,0.21832352941176472,67.61676470588236,25.68490566037736,77.55660377358491,1008.1037735849056,3.106320754716981,0,0,0.9659258262890683,0.25881904510252074,0.7818314824680298,0.6234898018587336,406.40867924528305,81.35849056603773,0,0,0,0
2026-04-28 06:00:00,867.0588235294117,35.33529411764706,0.2146470588235294,67.83352941176472,25.76981132075472,77.11320754716981,1008.2075471698113,3.1226415094339623,0,0,1.0,6.123233995736766e-17,0.7818314824680298,0.6234898018587336,406.33735849056603,80.71698113207547,0,0,0,0
2026-04-28 07:00:00,936.5882352941177,35.502941176470586,0.21097058823529413,68.05029411764707,25.85471698113208,76.66981132075472,1008.311320754717,3.138962264150943,0,1,0.9659258262890683,-0.25881904510252063,0.7818314824680298,0.6234898018587336,406.26603773584907,80.0754716981132,0,0,0,0
2026-04-28 08:00:00,,,0.20729411764705885,68.26705882352942,,,,,0,1,0.8660254037844387,-0.4999999999999998,0.7818314824680298,0.6234898018587336,406.1947169811321,79.43396226415095,0,0,0,0
2026-04-28 09:00:00,,,0.20361764705882354,68.48382352941178,,,,,0,1,0.7071067811865476,-0.7071067811865475,0.7818314824680298,0.6234898018587336,406.1233962264151,78.79245283018868,0,0,0,0
2026-04-28 10:00:00,,,0.19994117647058823,68.70058823529413,,,,,0,1,0.49999999999999994,-0.8660254037844387,0.7818314824680298,0.6234898018587336,406.0520754716981,78.15094339622641,0,0,0,0
2026-04-28 11:00:00,,,,,,,,,0,0,0.258819045102521,-0.9659258262890682,0.7818314824680298,0.6234898018587336,405.98075471698115,75.51727721196325,0,0,0,0
2026-04-28 12:00:00,,,,,,,,,0,0,1.2246467991473532e-16,-1.0,0.7818314824680298,0.6234898018587336,405.9094339622642,75.51727721196325,0,0,0,0
2026-04-28 13:00:00,,,,,,,,,0,0,-0.2588190451025208,-0.9659258262890683,0.7818314824680298,0.6234898018587336,405.83811320754717,75.51727721196325,0,0,0,0
2026-04-28 14:00:00,,,,,,,,,0,0,-0.4999999999999997,-0.8660254037844388,0.7818314824680298,0.6234898018587336,405.9122124594624,75.51727721196325,0,0,0,0
2026-04-28 15:00:00,,,,,,,,,0,0,-0.7071067811865471,-0.7071067811865479,0.7818314824680298,0.6234898018587336,405.9122124594624,75.51727721196325,0,0,0,0
2026-04-28 16:00:00,,,,,,,,,0,0,-0.8660254037844385,-0.5000000000000004,0.7818314824680298,0.6234898018587336,405.9122124594624,75.51727721196325,0,0,0,0
2026-04-28 17:00:00,,,,,,,,,0,1,-0.9659258262890683,-0.25881904510252063,0.7818314824680298,0.6234898018587336,405.9122124594624,75.51727721196325,0,0,0,0
2026-04-28 18:00:00,,,,,,,,,0,1,-1.0,-1.8369701987210297e-16,0.7818314824680298,0.6234898018587336,405.9122124594624,75.51727721196325,0,0,0,0
2026-04-28 19:00:00,,,,,,,,,0,1,-0.9659258262890684,0.2588190451025203,0.7818314824680298,0.6234898018587336,405.9122124594624,75.51727721196325,0,0,0,0
2026-04-28 20:00:00,,,,,,,,,0,1,-0.8660254037844386,0.5000000000000001,0.7818314824680298,0.6234898018587336,405.9122124594624,75.51727721196325,0,0,0,0
2026-04-28 21:00:00,1910.0,37.85,0.1595,71.08500000000001,,,,,0,0,-0.7071067811865477,0.7071067811865474,0.7818314824680298,0.6234898018587336,405.9122124594624,75.51727721196325,0,0,1,1
2026-04-28 22:00:00,1958.5,33.9,0.247,71.89500000000001,,,,,0,0,-0.5000000000000004,0.8660254037844384,0.7818314824680298,0.6234898018587336,405.9122124594624,75.51727721196325,0,0,1,1
2026-04-28 23:00:00,692.5,43.05,0.043,65.73,,,,,0,0,-0.25881904510252157,0.9659258262890681,0.7818314824680298,0.6234898018587336,405.9122124594624,75.51727721196325,0,0,1,1
2026-04-29 00:00:00,451.0,38.5,0.14500000000000002,63.480000000000004,,,,,0,0,0.0,1.0,0.9749279121818236,-0.22252093395631434,405.9122124594624,75.51727721196325,0,0,1,1
2026-04-29 01:00:00,657.0,39.05,0.1325,65.965,,,,,0,0,0.25881904510252074,0.9659258262890683,0.9749279121818236,-0.22252093395631434,405.9122124594624,75.51727721196325,0,0,1,1
2026-04-29 02:00:00,598.5,38.95,0.1345,65.68,,,,,0,0,0.49999999999999994,0.8660254037844387,0.9749279121818236,-0.22252093395631434,405.9122124594624,75.51727721196325,0,0,1,1
2026-04-29 03:00:00,365.5,38.85,0.1365,63.635000000000005,,,,,0,0,0.7071067811865476,0.7071067811865476,0.9749279121818236,-0.22252093395631434,405.9122124594624,75.51727721196325,0,0,1,1
2026-04-29 04:00:00,496.58333333333337,38.26722222222222,0.14945,64.08216666666667,,,,,0,0,0.8660254037844386,0.5000000000000001,0.9749279121818236,-0.22252093395631434,405.9122124594624,75.51727721196325,0,0,0,0
2026-04-29 05:00:00,627.6666666666667,37.684444444444445,0.16240000000000002,64.52933333333334,,,,,0,0,0.9659258262890683,0.25881904510252074,0.9749279121818236,-0.22252093395631434,405.9122124594624,75.51727721196325,0,0,0,0
2026-04-29 06:00:00,758.75,37.10166666666667,0.17535,64.9765,,,,,0,0,1.0,6.123233995736766e-17,0.9749279121818236,-0.22252093395631434,405.9122124594624,75.51727721196325,0,0,0,0
2026-04-29 07:00:00,,,0.1883,65.42366666666666,,,,,0,1,0.9659258262890683,-0.25881904510252063,0.9749279121818236,-0.22252093395631434,405.9122124594624,75.51727721196325,0,0,0,0
2026-04-29 08:00:00,,,0.20125,65.87083333333334,,,,,0,1,0.8660254037844387,-0.4999999999999998,0.9749279121818236,-0.22252093395631434,405.9122124594624,75.51727721196325,0,0,0,0
2026-04-29 09:00:00,,,0.2142,66.318,,,,,0,1,0.7071067811865476,-0.7071067811865475,0.9749279121818236,-0.22252093395631434,405.9122124594624,75.51727721196325,0,0,0,0
2026-04-29 10:00:00,,,,,,,,,0,1,0.49999999999999994,-0.8660254037844387,0.9749279121818236,-0.22252093395631434,405.9122124594624,75.51727721196325,0,0,0,0
2026-04-29 11:00:00,,,,,,,,,0,0,0.258819045102521,-0.9659258262890682,0.9749279121818236,-0.22252093395631434,405.9122124594624,75.51727721196325,0,0,0,0
2026-04-29 12:00:00,,,,,,,,,0,0,1.2246467991473532e-16,-1.0,0.9749279121818236,-0.22252093395631434,405.9122124594624,75.51727721196325,0,0,0,0
2026-04-29 13:00:00,,,,,,,,,0,0,-0.2588190451025208,-0.9659258262890683,0.9749279121818236,-0.22252093395631434,405.9122124594624,75.51727721196325,0,0,0,0
2026-04-29 14:00:00,,,,,,,,,0,0,-0.4999999999999997,-0.8660254037844388,0.9749279121818236,-0.22252093395631434,405.9122124594624,75.51727721196325,0,0,0,0
2026-04-29 15:00:00,,,,,,,,,0,0,-0.7071067811865471,-0.7071067811865479,0.9749279121818236,-0.22252093395631434,405.9122124594624,75.51727721196325,0,0,0,0
2026-04-29 16:00:00,,,,,,,,,0,0,-0.8660254037844385,-0.5000000000000004,0.9749279121818236,-0.22252093395631434,405.9122124594624,75.51727721196325,0,0,0,0
2026-04-29 17:00:00,,,,,,,,,0,1,-0.9659258262890683,-0.25881904510252063,0.9749279121818236,-0.22252093395631434,405.9122124594624,75.51727721196325,0,0,0,0
2026-04-29 18:00:00,,,,,,,,,0,1,-1.0,-1.8369701987210297e-16,0.9749279121818236,-0.22252093395631434,405.9122124594624,75.51727721196325,0,0,0,0
2026-04-29 19:00:00,,,,,,,,,0,1,-0.9659258262890684,0.2588190451025203,0.9749279121818236,-0.22252093395631434,405.9122124594624,75.51727721196325,0,0,0,0
2026-04-29 20:00:00,,,,,,,,,0,1,-0.8660254037844386,0.5000000000000001,0.9749279121818236,-0.22252093395631434,405.9122124594624,75.51727721196325,0,0,0,0
2026-04-29 21:00:00,,,,,,,,,0,0,-0.7071067811865477,0.7071067811865474,0.9749279121818236,-0.22252093395631434,405.9122124594624,75.51727721196325,0,0,0,0
2026-04-29 22:00:00,,,,,,,,,0,0,-0.5000000000000004,0.8660254037844384,0.9749279121818236,-0.22252093395631434,405.9122124594624,75.51727721196325,0,0,0,0
2026-04-29 23:00:00,,,,,,,,,0,0,-0.25881904510252157,0.9659258262890681,0.9749279121818236,-0.22252093395631434,405.9122124594624,75.51727721196325,0,0,0,0
2026-04-30 00:00:00,,,,,,,,,0,0,0.0,1.0,0.43388373911755823,-0.900968867902419,405.9122124594624,75.51727721196325,0,0,0,0
2026-04-30 01:00:00,,,,,,,,,0,0,0.25881904510252074,0.9659258262890683,0.43388373911755823,-0.900968867902419,405.9122124594624,75.51727721196325,0,0,0,0
2026-04-30 02:00:00,,,,,,,,,0,0,0.49999999999999994,0.8660254037844387,0.43388373911755823,-0.900968867902419,405.9122124594624,75.51727721196325,0,0,0,0
2026-04-30 03:00:00,,,,,,,,,0,0,0.7071067811865476,0.7071067811865476,0.43388373911755823,-0.900968867902419,405.9122124594624,75.51727721196325,0,0,0,0
2026-04-30 04:00:00,,,,,,,,,0,0,0.8660254037844386,0.5000000000000001,0.43388373911755823,-0.900968867902419,405.9122124594624,75.51727721196325,0,0,0,0
2026-04-30 05:00:00,,,,,,,,,0,0,0.9659258262890683,0.25881904510252074,0.43388373911755823,-0.900968867902419,405.9122124594624,75.51727721196325,0,0,0,0
2026-04-30 06:00:00,,,,,,,,,0,0,1.0,6.123233995736766e-17,0.43388373911755823,-0.900968867902419,405.9122124594624,75.51727721196325,0,0,0,0
2026-04-30 07:00:00,,,,,,,,,0,1,0.9659258262890683,-0.25881904510252063,0.43388373911755823,-0.900968867902419,405.9122124594624,75.51727721196325,0,0,0,0
2026-04-30 08:00:00,,,,,,,,,0,1,0.8660254037844387,-0.4999999999999998,0.43388373911755823,-0.900968867902419,405.9122124594624,75.51727721196325,0,0,0,0
2026-04-30 09:00:00,4298.0,21.366666666666664,0.525,77.05,30.1,54.5,1013.5,3.955,0,1,0.7071067811865476,-0.7071067811865475,0.43388373911755823,-0.900968867902419,402.7,48.0,1,1,1,1
2026-04-30 10:00:00,3312.5,25.0,0.4445,74.61,31.4,47.0,1011.0,3.645,0,1,0.49999999999999994,-0.8660254037844387,0.43388373911755823,-0.900968867902419,402.97,46.0,1,1,1,1
2026-04-30 11:00:00,2978.4444444444443,27.055555555555557,0.3987777777777778,73.55555555555556,30.877777777777776,47.888888888888886,1010.7777777777778,3.5833333333333335,0,0,0.258819045102521,-0.9659258262890682,0.43388373911755823,-0.900968867902419,404.02444444444444,50.111111111111114,0,0,0,0
2026-04-30 12:00:00,2644.3888888888887,29.11111111111111,0.35305555555555557,72.50111111111111,30.355555555555554,48.77777777777778,1010.5555555555555,3.5216666666666665,0,0,1.2246467991473532e-16,-1.0,0.43388373911755823,-0.900968867902419,405.0788888888889,54.22222222222222,0,0,0,0
2026-04-30 13:00:00,2310.3333333333335,31.166666666666668,0.30733333333333335,71.44666666666667,29.833333333333332,49.666666666666664,1010.3333333333334,3.46,0,0,-0.2588190451025208,-0.9659258262890683,0.43388373911755823,-0.900968867902419,406.1333333333333,58.333333333333336,0,0,0,0
2026-04-30 14:00:00,,,0.2616111111111111,70.39222222222223,,,,,0,0,-0.4999999999999997,-0.8660254037844388,0.43388373911755823,-0.900968867902419,407.1877777777778,62.44444444444444,0,0,0,0
2026-04-30 15:00:00,,,0.2158888888888889,69.33777777777779,,,,,0,0,-0.7071067811865471,-0.7071067811865479,0.43388373911755823,-0.900968867902419,408.2422222222222,66.55555555555556,0,0,0,0
2026-04-30 16:00:00,,,0.1701666666666667,68.28333333333333,,,,,0,0,-0.8660254037844385,-0.5000000000000004,0.43388373911755823,-0.900968867902419,409.2966666666666,70.66666666666667,0,0,0,0
2026-04-30 17:00:00,,,,,,,,,0,1,-0.9659258262890683,-0.25881904510252063,0.43388373911755823,-0.900968867902419,410.3511111111111,75.51727721196325,0,0,0,0
2026-04-30 18:00:00,,,,,,,,,0,1,-1.0,-1.8369701987210297e-16,0.43388373911755823,-0.900968867902419,411.40555555555557,75.51727721196325,0,0,0,0
2026-04-30 19:00:00,306.0,43.5,0.033,65.12,26.7,55.0,1009.0,3.09,0,1,-0.9659258262890684,0.2588190451025203,0.43388373911755823,-0.900968867902419,412.46,83.0,1,1,1,1
2026-04-30 20:00:00,3225.0,26.549999999999997,0.4095,72.715,29.0,54.0,1010.0,5.18,0,1,-0.8660254037844386,0.5000000000000001,0.43388373911755823,-0.900968867902419,410.355,98.0,1,1,1,1
2026-04-30 21:00:00,1178.0,31.15,0.308,67.13,24.7,77.5,1012.5,5.14,0,0,-0.7071067811865477,0.7071067811865474,0.43388373911755823,-0.900968867902419,406.78999999999996,87.0,1,1,1,1
2026-04-30 22:00:00,1136.0,31.8,0.293,66.13,24.1,78.5,1012.0,2.27,0,0,-0.5000000000000004,0.8660254037844384,0.43388373911755823,-0.900968867902419,405.02,65.0,1,1,1,1
2026-04-30 23:00:00,406.0,40.95,0.0895,62.08,24.299999999999997,75.5,1013.0,4.145,0,0,-0.25881904510252157,0.9659258262890681,0.43388373911755823,-0.900968867902419,404.59,54.0,1,1,1,1
2026-05-01 00:00:00,694.5,38.8,0.138,66.525,24.05,73.5,1012.5,0.745,0,0,0.0,1.0,-0.433883739117558,-0.9009688679024191,406.515,31.5,1,1,1,1
2026-05-01 01:00:00,725.5,40.15,0.1075,66.41499999999999,24.15,72.0,1011.5,1.5550000000000002,0,0,0.25881904510252074,0.9659258262890683,-0.433883739117558,-0.9009688679024191,408.0,23.5,1,1,1,1
2026-05-01 02:00:00,198.5,36.6,0.1865,61.459999999999994,21.45,92.0,1010.0,1.9049999999999998,0,0,0.49999999999999994,0.8660254037844387,-0.433883739117558,-0.9009688679024191,406.015,25.0,1,1,1,1
2026-05-01 03:00:00,176.625,43.25,0.055,60.055,22.5,79.5,1010.0,2.05,0,0,0.7071067811865476,0.7071067811865476,-0.433883739117558,-0.9009688679024191,407.67499999999995,27.5,1,1,1,1
2026-05-01 04:00:00,585.0,38.75,0.1395,65.745,21.45,94.5,1013.0,2.84,0,0,0.8660254037844386,0.5000000000000001,-0.433883739117558,-0.9009688679024191,406.405,36.5,1,1,1,1
2026-05-01 05:00:00,668.5,42.45,0.0695,67.005,22.2,85.0,1012.5,2.59,0,0,0.9659258262890683,0.25881904510252074,-0.433883739117558,-0.9009688679024191,406.435,34.5,1,1,1,1
2026-05-01 06:00:00,1152.0,34.25,0.2395,66.175,22.25,84.0,1012.0,2.57,0,0,1.0,6.123233995736766e-17,-0.433883739117558,-0.9009688679024191,407.81,36.0,1,1,1,1
2026-05-01 07:00:00,6416.0,12.9,0.714,83.78,22.700000000000003,82.0,1013.5,2.57,0,1,0.9659258262890683,-0.25881904510252063,-0.433883739117558,-0.9009688679024191,406.925,32.0,1,1,1,1
2026-05-01 08:00:00,6315.0,16.95,0.6225,82.97999999999999,25.15,72.5,1014.0,3.66,0,1,0.8660254037844387,-0.4999999999999998,-0.433883739117558,-0.9009688679024191,405.03999999999996,41.5,1,1,1,1
2026-05-01 09:00:00,297.0,42.400000000000006,0.058,65.025,29.15,55.0,1015.0,4.07,0,1,0.7071067811865476,-0.7071067811865475,-0.433883739117558,-0.9009688679024191,405.31,47.5,1,1,1,1
2026-05-01 10:00:00,3415.5,24.549999999999997,0.454,74.84,30.85,46.5,1013.5,3.8499999999999996,0,1,0.49999999999999994,-0.8660254037844387,-0.433883739117558,-0.9009688679024191,405.67,42.0,1,1,1,1
2026-05-01 11:00:00,2666.0,19.2,0.574,75.85,31.8,44.0,1012.0,4.63,0,0,0.258819045102521,-0.9659258262890682,-0.433883739117558,-0.9009688679024191,404.32,53.0,1,1,1,1
2026-05-01 12:00:00,2607.9,21.73,0.5176999999999999,75.297,32.18,43.0,1010.6,4.321,0,0,1.2246467991473532e-16,-1.0,-0.433883739117558,-0.9009688679024191,404.806,51.8,0,0,0,0
2026-05-01 13:00:00,2549.8,24.259999999999998,0.4614,74.744,32.56,42.0,1009.2,4.012,0,0,-0.2588190451025208,-0.9659258262890683,-0.433883739117558,-0.9009688679024191,405.292,50.6,0,0,0,0
2026-05-01 14:00:00,2491.7,26.79,0.4051,74.191,32.940000000000005,41.0,1007.8,3.703,0,0,-0.4999999999999997,-0.8660254037844388,-0.433883739117558,-0.9009688679024191,405.778,49.4,0,0,0,0
2026-05-01 15:00:00,,,0.3488,73.638,,,,,0,0,-0.7071067811865471,-0.7071067811865479,-0.433883739117558,-0.9009688679024191,406.264,48.2,0,0,0,0
2026-05-01 16:00:00,2375.5,31.85,0.2925,73.08500000000001,33.7,39.0,1005.0,3.085,0,0,-0.8660254037844385,-0.5000000000000004,-0.433883739117558,-0.9009688679024191,406.75,47.0,1,1,1,1
2026-05-01 17:00:00,6597.5,17.8,0.6045,83.03,33.25,41.5,1005.0,2.57,0,1,-0.9659258262890683,-0.25881904510252063,-0.433883739117558,-0.9009688679024191,407.29,55.0,1,1,1,1
2026-05-01 18:00:00,6472.0,14.1,0.6865,83.6,31.75,47.5,1006.5,2.83,0,1,-1.0,-1.8369701987210297e-16,-0.433883739117558,-0.9009688679024191,409.11,41.0,1,1,1,1
2026-05-01 19:00:00,6657.5,14.05,0.6875,83.725,29.5,53.0,1008.0,3.2,0,1,-0.9659258262890684,0.2588190451025203,-0.433883739117558,-0.9009688679024191,409.12,76.0,0,1,1,1
2026-05-01 20:00:00,231.0,46.5,0.0,66.04,29.3,59.0,1008.0,3.08,0,1,-0.8660254037844386,0.5000000000000001,-0.433883739117558,-0.9009688679024191,409.13,85.0,1,1,1,1
2026-05-01 21:00:00,1186.5,34.75,0.2285,67.085,26.3,70.0,1009.0,4.63,0,0,-0.7071067811865477,0.7071067811865474,-0.433883739117558,-0.9009688679024191,409.12,74.5,1,1,1,1
2026-05-01 22:00:00,1131.0,32.95,0.267,67.63,25.65,69.5,1011.0,1.03,0,0,-0.5000000000000004,0.8660254037844384,-0.433883739117558,-0.9009688679024191,409.12,74.5,1,1,1,1
2026-05-01 23:00:00,752.0,39.75,0.11699999999999999,66.685,25.45,71.0,1010.0,1.03,0,0,-0.25881904510252157,0.9659258262890681,-0.433883739117558,-0.9009688679024191,409.12,74.5,1,1,1,1
2026-05-02 00:00:00,728.5,39.1,0.131,66.675,25.35,70.0,1010.0,1.7999999999999998,1,0,0.0,1.0,-0.9749279121818236,-0.2225209339563146,409.12,72.5,1,1,1,1
2026-05-02 01:00:00,538.5,40.55,0.09899999999999999,63.185,25.25,72.0,1009.0,5.43,1,0,0.25881904510252074,0.9659258262890683,-0.9749279121818236,-0.2225209339563146,409.05,75.0,1,1,1,1
2026-05-02 02:00:00,736.0,44.95,0.0105,66.71000000000001,23.95,73.5,1009.0,3.5949999999999998,1,0,0.49999999999999994,0.8660254037844387,-0.9749279121818236,-0.2225209339563146,405.155,55.0,1,1,1,1
2026-05-02 03:00:00,764.0,40.95,0.097,67.755,22.799999999999997,79.0,1009.0,2.83,1,0,0.7071067811865476,0.7071067811865476,-0.9749279121818236,-0.2225209339563146,405.87,45.0,1,1,1,1
2026-05-02 04:00:00,291.5,41.35,0.081,61.6,22.65,81.5,1009.0,3.8649999999999998,1,0,0.8660254037844386,0.5000000000000001,-0.9749279121818236,-0.2225209339563146,406.615,43.0,1,1,1,1
2026-05-02 05:00:00,712.0,39.45,0.1225,66.28999999999999,22.1,81.5,1010.0,2.575,1,0,0.9659258262890683,0.25881904510252074,-0.9749279121818236,-0.2225209339563146,406.52,44.0,1,1,1,1
2026-05-02 06:00:00,1072.5,38.5,0.144,68.36500000000001,22.15,83.0,1011.5,2.83,1,0,1.0,6.123233995736766e-17,-0.9749279121818236,-0.2225209339563146,405.865,48.5,1,1,1,1
2026-05-02 07:00:00,333.0,40.849999999999994,0.092,62.535,23.6,83.0,1012.5,3.6,1,0,0.9659258262890683,-0.25881904510252063,-0.9749279121818236,-0.2225209339563146,406.55999999999995,45.0,1,1,1,1
2026-05-02 08:00:00,859.0,41.45,0.0795,66.97,25.4,79.0,1013.0,3.8600000000000003,1,0,0.8660254037844387,-0.4999999999999998,-0.9749279121818236,-0.2225209339563146,404.32,48.0,1,1,1,1
2026-05-02 09:00:00,909.0,42.7,0.0505,66.78999999999999,28.3,63.5,1012.5,3.86,1,0,0.7071067811865476,-0.7071067811865475,-0.9749279121818236,-0.2225209339563146,405.94,52.5,1,1,1,1
2026-05-02 10:00:00,683.5,39.3,0.1265,65.23,29.65,57.5,1012.5,3.3449999999999998,1,0,0.49999999999999994,-0.8660254037844387,-0.9749279121818236,-0.2225209339563146,407.29,52.0,1,1,1,1
2026-05-02 11:00:00,602.0,39.6,0.119,65.75,31.4,53.0,1009.0,2.57,1,0,0.258819045102521,-0.9659258262890682,-0.9749279121818236,-0.2225209339563146,405.64,119.0,1,1,1,1
2026-05-02 12:00:00,459.0,39.7,0.11750000000000001,62.629999999999995,32.8,44.5,1008.0,3.09,1,0,1.2246467991473532e-16,-1.0,-0.9749279121818236,-0.2225209339563146,407.94500000000005,92.0,1,1,1,1
2026-05-02 13:00:00,329.0,42.7,0.050499999999999996,62.185,33.25,44.5,1007.0,2.06,1,0,-0.2588190451025208,-0.9659258262890683,-0.9749279121818236,-0.2225209339563146,408.735,95.0,1,1,1,1
2026-05-02 14:00:00,454.5,36.2,0.1955,63.74,34.05,39.5,1006.0,2.83,1,0,-0.4999999999999997,-0.8660254037844388,-0.9749279121818236,-0.2225209339563146,407.37,98.0,1,1,1,1
2026-05-02 15:00:00,429.0,36.05,0.198,64.53999999999999,34.349999999999994,35.0,1005.0,2.83,1,0,-0.7071067811865471,-0.7071067811865479,-0.9749279121818236,-0.2225209339563146,407.37,94.0,1,1,1,1
2026-05-02 16:00:00,227.5,39.45,0.1235,60.769999999999996,34.5,34.0,1004.0,2.575,1,0,-0.8660254037844385,-0.5000000000000004,-0.9749279121818236,-0.2225209339563146,408.605,74.5,1,1,1,1
2026-05-02 17:00:00,753.5,38.150000000000006,0.1515,66.805,34.15,34.5,1005.0,2.06,1,0,-0.9659258262890683,-0.25881904510252063,-0.9749279121818236,-0.2225209339563146,408.385,73.5,1,1,1,1
2026-05-02 18:00:00,587.0,44.25,0.0165,65.88,32.65,40.5,1005.5,2.57,1,0,-1.0,-1.8369701987210297e-16,-0.9749279121818236,-0.2225209339563146,408.93,72.0,1,1,1,1
2026-05-02 19:00:00,781.5,38.45,0.146,67.095,31.5,43.0,1006.0,2.06,1,0,-0.9659258262890684,0.2588190451025203,-0.9749279121818236,-0.2225209339563146,409.45,68.0,1,1,1,1
2026-05-02 20:00:00,506.0,39.5,0.122,64.435,30.6,44.5,1007.0,2.375,1,0,-0.8660254037844386,0.5000000000000001,-0.9749279121818236,-0.2225209339563146,408.93,73.5,1,1,1,1
2026-05-02 21:00:00,450.5,42.2,0.0625,62.72,29.7,49.0,1008.0,2.06,1,0,-0.7071067811865477,0.7071067811865474,-0.9749279121818236,-0.2225209339563146,408.93,73.5,1,1,1,1
2026-05-02 22:00:00,958.0,40.05,0.1105,67.59,28.25,58.5,1009.0,3.605,1,0,-0.5000000000000004,0.8660254037844384,-0.9749279121818236,-0.2225209339563146,406.125,60.0,1,1,1,1
2026-05-02 23:00:00,886.5,38.5,0.144,67.05000000000001,27.15,67.0,1009.0,3.3449999999999998,1,0,-0.25881904510252157,0.9659258262890681,-0.9749279121818236,-0.2225209339563146,406.125,70.5,1,1,1,1
2026-05-03 00:00:00,566.0,40.55,0.0985,64.89500000000001,25.85,77.0,1009.0,4.41,1,0,0.0,1.0,-0.7818314824680299,0.6234898018587334,406.125,68.6875,1,0,1,1
2026-05-03 01:00:00,762.5,39.0,0.1345,66.875,25.7,84.5,1008.0,4.12,1,0,0.25881904510252074,0.9659258262890683,-0.7818314824680299,0.6234898018587334,401.35,66.875,1,0,1,1
2026-05-03 02:00:00,525.0,39.9,0.11349999999999999,64.455,25.15,85.5,1008.0,4.375,1,0,0.49999999999999994,0.8660254037844387,-0.7818314824680299,0.6234898018587334,402.7,65.0625,1,0,1,1
2026-05-03 03:00:00,657.0,40.3,0.104,66.01,25.1,86.0,1008.0,4.63,1,0,0.7071067811865476,0.7071067811865476,-0.7818314824680299,0.6234898018587334,404.05,63.25,1,0,1,1
2026-05-03 04:00:00,680.0,41.349999999999994,0.08074999999999999,65.965,24.725,85.25,1009.0,4.5024999999999995,1,0,0.8660254037844386,0.5000000000000001,-0.7818314824680299,0.6234898018587334,404.0975,61.4375,0,0,0,0
2026-05-03 05:00:00,703.0,42.4,0.057499999999999996,65.92,24.35,84.5,1010.0,4.375,1,0,0.9659258262890683,0.25881904510252074,-0.7818314824680299,0.6234898018587334,404.145,59.625,0,0,0,0
2026-05-03 06:00:00,726.0,43.45,0.03425,65.875,23.975,83.75,1011.0,4.2475000000000005,1,0,1.0,6.123233995736766e-17,-0.7818314824680299,0.6234898018587334,404.1925,75.51727721196325,0,0,0,0
2026-05-03 07:00:00,749.0,44.5,0.011,65.83,23.6,83.0,1012.0,4.12,1,0,0.9659258262890683,-0.25881904510252063,-0.7818314824680299,0.6234898018587334,404.24,56.0,1,1,1,1
2026-05-03 08:00:00,212.0,40.3,0.10400000000000001,60.925,25.85,73.0,1012.0,4.375,1,0,0.8660254037844387,-0.4999999999999998,-0.7818314824680299,0.6234898018587334,405.21,61.5,1,1,1,1
2026-05-03 09:00:00,890.0,36.349999999999994,0.1925,67.965,27.75,61.0,1012.0,4.115,1,0,0.7071067811865476,-0.7071067811865475,-0.7818314824680299,0.6234898018587334,404.73,52.0,1,1,1,1
2026-05-03 10:00:00,548.0,41.5,0.0815,66.235,30.0,50.5,1011.0,3.09,1,0,0.49999999999999994,-0.8660254037844387,-0.7818314824680299,0.6234898018587334,403.71,57.0,1,1,1,1
2026-05-03 11:00:00,564.25,41.525,0.07875,65.0075,31.549999999999997,44.5,1010.0,3.86,1,0,0.258819045102521,-0.9659258262890682,-0.7818314824680299,0.6234898018587334,403.5425,58.75,0,0,0,0
2026-05-03 12:00:00,580.5,41.55,0.076,63.78,33.099999999999994,38.5,1009.0,4.63,1,0,1.2246467991473532e-16,-1.0,-0.7818314824680299,0.6234898018587334,403.375,60.5,1,1,1,1
2026-05-03 13:00:00,819.5,39.05,0.132,67.14,33.55,36.0,1008.0,4.37,1,0,-0.2588190451025208,-0.9659258262890683,-0.7818314824680299,0.6234898018587334,403.51,59.0,1,1,1,1
2026-05-03 14:00:00,350.0,37.05,0.177,62.92999999999999,34.1,32.5,1007.0,3.315,1,0,-0.4999999999999997,-0.8660254037844388,-0.7818314824680299,0.6234898018587334,403.51,56.0,1,1,1,1
2026-05-03 15:00:00,445.0,35.9,0.2025,63.699999999999996,34.25,32.5,1006.0,1.7999999999999998,1,0,-0.7071067811865471,-0.7071067811865479,-0.7818314824680299,0.6234898018587334,403.745,54.0,1,1,1,1
2026-05-03 16:00:00,835.0,42.4,0.0575,66.64,33.65,34.5,1006.0,4.115,1,0,-0.8660254037844385,-0.5000000000000004,-0.7818314824680299,0.6234898018587334,403.71,52.0,1,1,1,1
2026-05-03 17:00:00,751.5,40.45,0.101,66.455,33.55,35.5,1006.0,4.63,1,0,-0.9659258262890683,-0.25881904510252063,-0.7818314824680299,0.6234898018587334,403.78,39.0,1,1,1,1
2026-05-03 18:00:00,226.0,39.6,0.121,61.46,32.5,37.0,1006.5,1.8,1,0,-1.0,-1.8369701987210297e-16,-0.7818314824680299,0.6234898018587334,405.4,70.5,1,1,1,1
2026-05-03 19:00:00,925.0,37.8,0.159,67.92500000000001,30.8,41.5,1007.0,2.38,1,0,-0.9659258262890684,0.2588190451025203,-0.7818314824680299,0.6234898018587334,405.49,76.5,1,1,1,1
2026-05-03 20:00:00,404.0,38.7,0.1405,64.05,30.049999999999997,45.5,1007.0,2.27,1,0,-0.8660254037844386,0.5000000000000001,-0.7818314824680299,0.6234898018587334,406.21000000000004,85.0,1,1,1,1
2026-05-03 21:00:00,677.0,39.45,0.123,66.28999999999999,29.25,47.0,1008.0,1.2850000000000001,1,0,-0.7071067811865477,0.7071067811865474,-0.7818314824680299,0.6234898018587334,407.93,95.5,1,1,1,1
2026-05-03 22:00:00,298.5,41.2,0.08449999999999999,61.28999999999999,28.2,52.0,1009.0,5.14,1,0,-0.5000000000000004,0.8660254037844384,-0.7818314824680299,0.6234898018587334,410.395,103.5,1,1,1,1
2026-05-03 23:00:00,369.5,44.95,0.0045,63.365,27.5,54.0,1010.0,3.09,1,0,-0.25881904510252157,0.9659258262890681,-0.7818314824680299,0.6234898018587334,406.885,123.0,1,1,1,1
2026-05-04 00:00:00,413.0,42.400000000000006,0.059,64.03,26.5,68.0,1009.0,3.6,0,0,0.0,1.0,0.0,1.0,404.795,85.0,1,1,1,1
2026-05-04 01:00:00,317.0,41.349999999999994,0.0815,62.445,25.4,79.5,1009.0,3.8600000000000003,0,0,0.25881904510252074,0.9659258262890683,0.0,1.0,403.71500000000003,62.5,1,1,1,1
2026-05-04 02:00:00,191.5,39.85,0.11499999999999999,60.445,24.9,82.5,1009.0,5.14,0,0,0.49999999999999994,0.8660254037844387,0.0,1.0,402.7,53.5,1,1,1,1
2026-05-04 03:00:00,429.5,40.45,0.1015,64.095,24.1,86.5,1008.0,2.83,0,0,0.7071067811865476,0.7071067811865476,0.0,1.0,402.83,51.5,1,1,1,1
2026-05-04 04:00:00,186.5,42.8,0.0485,59.61,23.950000000000003,79.5,1009.0,3.41,0,0,0.8660254037844386,0.5000000000000001,0.0,1.0,402.83,49.0,1,1,1,1
2026-05-04 05:00:00,592.0,43.3,0.038,65.03,23.0,90.0,1011.0,2.57,0,0,0.9659258262890683,0.25881904510252074,0.0,1.0,404.05,54.0,1,1,1,1
2026-05-04 06:00:00,1048.2307692307693,41.161538461538456,0.08561538461538462,66.44307692307693,23.76923076923077,85.92307692307692,1010.6153846153846,2.6346153846153846,0,0,1.0,6.123233995736766e-17,0.0,1.0,404.3292307692308,56.69230769230769,0,0,0,0
2026-05-04 07:00:00,1504.4615384615386,39.02307692307692,0.13323076923076924,67.85615384615384,24.53846153846154,81.84615384615384,1010.2307692307693,2.6992307692307693,0,1,0.9659258262890683,-0.25881904510252063,0.0,1.0,404.60846153846154,59.38461538461539,0,0,0,0
2026-05-04 08:00:00,1960.6923076923076,36.88461538461538,0.18084615384615385,69.26923076923077,25.307692307692307,77.76923076923077,1009.8461538461538,2.7638461538461536,0,1,0.8660254037844387,-0.4999999999999998,0.0,1.0,404.8876923076923,62.07692307692308,0,0,0,0
2026-05-04 09:00:00,,,0.22846153846153847,70.6823076923077,,,,,0,1,0.7071067811865476,-0.7071067811865475,0.0,1.0,405.16692307692307,64.76923076923077,0,0,0,0
2026-05-04 10:00:00,,,0.2760769230769231,72.09538461538462,,,,,0,1,0.49999999999999994,-0.8660254037844387,0.0,1.0,405.44615384615383,67.46153846153847,0,0,0,0
2026-05-04 11:00:00,,,0.3236923076923077,73.50846153846155,,,,,0,0,0.258819045102521,-0.9659258262890682,0.0,1.0,405.7253846153846,70.15384615384616,0,0,0,0
2026-05-04 12:00:00,,,,,,,,,0,0,1.2246467991473532e-16,-1.0,0.0,1.0,406.00461538461536,75.51727721196325,0,0,0,0
2026-05-04 13:00:00,,,,,,,,,0,0,-0.2588190451025208,-0.9659258262890683,0.0,1.0,406.2838461538462,75.51727721196325,0,0,0,0
2026-05-04 14:00:00,,,,,,,,,0,0,-0.4999999999999997,-0.8660254037844388,0.0,1.0,406.56307692307695,75.51727721196325,0,0,0,0
2026-05-04 15:00:00,,,,,,,,,0,0,-0.7071067811865471,-0.7071067811865479,0.0,1.0,405.9122124594624,75.51727721196325,0,0,0,0
2026-05-04 16:00:00,,,,,,,,,0,0,-0.8660254037844385,-0.5000000000000004,0.0,1.0,405.9122124594624,75.51727721196325,0,0,0,0
2026-05-04 17:00:00,,,,,,,,,0,1,-0.9659258262890683,-0.25881904510252063,0.0,1.0,405.9122124594624,75.51727721196325,0,0,0,0
2026-05-04 18:00:00,6523.0,15.5,0.657,83.4,33.0,37.0,1006.0,3.41,0,1,-1.0,-1.8369701987210297e-16,0.0,1.0,407.68,89.0,1,1,1,1
2026-05-04 19:00:00,3298.5,28.15,0.374,73.185,30.799999999999997,39.5,1008.0,4.16,0,1,-0.9659258262890684,0.2588190451025203,0.0,1.0,405.295,46.0,1,1,1,1
2026-05-04 20:00:00,6396.0,13.55,0.6990000000000001,83.65,26.95,58.0,1010.5,6.63,0,1,-0.8660254037844386,0.5000000000000001,0.0,1.0,406.995,70.0,1,1,1,1
2026-05-04 21:00:00,1089.5,33.8,0.249,66.345,26.3,63.0,1011.5,4.89,0,0,-0.7071067811865477,0.7071067811865474,0.0,1.0,406.36,61.0,1,1,1,1
2026-05-04 22:00:00,176.625,40.45,0.1015,60.155,26.25,60.0,1011.5,3.84,0,0,-0.5000000000000004,0.8660254037844384,0.0,1.0,405.57,56.0,1,1,1,1
2026-05-04 23:00:00,548.0,39.35,0.1255,65.36500000000001,25.85,61.5,1011.0,3.96,0,0,-0.25881904510252157,0.9659258262890681,0.0,1.0,407.075,51.5,1,1,1,1
2026-05-05 00:00:00,660.5,36.0,0.2005,66.8,25.55,63.5,1011.5,3.96,0,0,0.0,1.0,0.7818314824680298,0.6234898018587336,407.27,54.5,1,1,1,1
2026-05-05 01:00:00,728.5,42.15,0.063,66.105,25.1,63.5,1010.5,4.37,0,0,0.25881904510252074,0.9659258262890683,0.7818314824680298,0.6234898018587336,404.795,55.0,1,1,1,1
2026-05-05 02:00:00,582.5,39.6,0.1195,64.63,24.6,65.0,1010.5,3.92,0,0,0.49999999999999994,0.8660254037844387,0.7818314824680298,0.6234898018587336,403.445,48.5,1,1,1,1
2026-05-05 03:00:00,589.5,38.95,0.134,65.69,24.549999999999997,67.0,1010.0,3.65,0,0,0.7071067811865476,0.7071067811865476,0.7818314824680298,0.6234898018587336,402.83,47.0,1,1,1,1
2026-05-05 04:00:00,557.5,36.75,0.183,65.88,23.85,72.0,1011.0,1.54,0,0,0.8660254037844386,0.5000000000000001,0.7818314824680298,0.6234898018587336,402.83,38.5,1,1,1,1
2026-05-05 05:00:00,410.0,39.55,0.12100000000000001,64.095,23.45,74.5,1011.0,2.575,0,0,0.9659258262890683,0.25881904510252074,0.7818314824680298,0.6234898018587336,404.65999999999997,37.0,1,1,1,1
2026-05-05 06:00:00,1954.5,38.3,0.1805,72.545,23.299999999999997,74.0,1012.0,1.54,0,0,1.0,6.123233995736766e-17,0.7818314824680298,0.6234898018587336,404.65999999999997,37.5,1,1,1,1
2026-05-05 07:00:00,6485.5,14.3,0.6825,83.575,24.3,72.0,1014.0,3.09,0,1,0.9659258262890683,-0.25881904510252063,0.7818314824680298,0.6234898018587336,404.59,39.0,1,1,1,1
2026-05-05 08:00:00,3378.0,30.15,0.3305,74.51499999999999,25.05,71.5,1013.0,3.86,0,1,0.8660254037844387,-0.4999999999999998,0.7818314824680298,0.6234898018587336,404.53999999999996,48.0,1,1,1,1
2026-05-05 09:00:00,6871.0,10.35,0.77,84.53,28.6,61.0,1013.0,4.12,0,1,0.7071067811865476,-0.7071067811865475,0.7818314824680298,0.6234898018587336,404.16499999999996,55.5,1,1,1,1
2026-05-05 10:00:00,3346.0,30.15,0.33,73.2,29.25,56.0,1012.5,2.83,0,1,0.49999999999999994,-0.8660254037844387,0.7818314824680298,0.6234898018587336,404.74,63.0,1,1,1,1
2026-05-05 11:00:00,2508.5,30.5,0.3225,73.565,31.4,46.0,1011.0,2.215,0,0,0.258819045102521,-0.9659258262890682,0.7818314824680298,0.6234898018587336,405.675,78.0,1,1,1,1
2026-05-05 12:00:00,1384.5,37.05,0.176,66.28,32.45,42.0,1009.5,1.2850000000000001,0,0,1.2246467991473532e-16,-1.0,0.7818314824680298,0.6234898018587336,407.29,70.0,1,1,1,1
2026-05-05 13:00:00,1485.0,27.9,0.379,69.82499999999999,32.4,41.5,1008.0,1.8,0,0,-0.2588190451025208,-0.9659258262890683,0.7818314824680298,0.6234898018587336,407.07,74.0,1,1,1,1
2026-05-05 14:00:00,191.0,39.75,0.1165,60.739999999999995,33.0,39.0,1008.0,1.54,0,0,-0.4999999999999997,-0.8660254037844388,0.7818314824680298,0.6234898018587336,406.84000000000003,77.5,1,1,1,1
2026-05-05 15:00:00,2420.0,28.75,0.36150000000000004,73.73,32.55,39.5,1007.0,3.6550000000000002,0,0,-0.7071067811865471,-0.7071067811865479,0.7818314824680298,0.6234898018587336,406.81,65.0,1,1,1,1
2026-05-05 16:00:00,1384.5,30.25,0.328,68.48,30.700000000000003,44.5,1008.5,4.87,0,0,-0.8660254037844385,-0.5000000000000004,0.7818314824680298,0.6234898018587336,405.88,76.0,1,1,1,1
2026-05-05 17:00:00,6594.0,17.5,0.6105,83.07499999999999,31.6,39.0,1008.0,3.3600000000000003,0,1,-0.9659258262890683,-0.25881904510252063,0.7818314824680298,0.6234898018587336,407.985,73.5,1,1,1,1
2026-05-05 18:00:00,6576.5,13.2,0.7065,83.83500000000001,30.5,47.0,1008.0,2.64,0,1,-1.0,-1.8369701987210297e-16,0.7818314824680298,0.6234898018587336,406.39,78.5,1,1,1,1
2026-05-05 19:00:00,251.0,40.0,0.11,64.525,30.65,45.0,1007.5,3.28,0,1,-0.9659258262890684,0.2588190451025203,0.7818314824680298,0.6234898018587336,406.39,79.0,1,1,1,1
2026-05-05 20:00:00,6570.0,13.399999999999999,0.7025,83.795,28.299999999999997,51.0,1010.0,4.9,0,1,-0.8660254037844386,0.5000000000000001,0.7818314824680298,0.6234898018587336,406.39,81.0,1,1,1,1
2026-05-05 21:00:00,972.5,44.0,0.0225,64.47,26.3,61.0,1012.0,4.88,0,0,-0.7071067811865477,0.7071067811865474,0.7818314824680298,0.6234898018587336,406.39,70.5,1,1,1,1
2026-05-05 22:00:00,1999.0,35.05,0.2205,71.77,24.35,75.5,1012.0,1.03,0,0,-0.5000000000000004,0.8660254037844384,0.7818314824680298,0.6234898018587336,406.39,78.5,1,1,1,1
2026-05-05 23:00:00,703.5,38.55,0.144,66.59,24.4,72.0,1012.0,1.03,0,0,-0.25881904510252157,0.9659258262890681,0.7818314824680298,0.6234898018587336,406.39,75.0,1,1,1,1
2026-05-06 00:00:00,320.0,38.7,0.14,62.19,24.05,76.5,1011.5,1.8050000000000002,0,0,0.0,1.0,0.9749279121818236,-0.22252093395631434,406.39,79.0,1,1,1,1
2026-05-06 01:00:00,747.5,37.95,0.157,66.955,24.1,71.5,1009.5,2.42,0,0,0.25881904510252074,0.9659258262890683,0.9749279121818236,-0.22252093395631434,406.39,78.9090909090909,1,0,1,1
2026-05-06 02:00:00,517.0,40.75,0.094,64.86500000000001,23.35,75.5,1010.5,2.5599999999999996,0,0,0.49999999999999994,0.8660254037844387,0.9749279121818236,-0.22252093395631434,405.4,78.81818181818181,1,0,1,1
2026-05-06 03:00:00,847.5,38.05,0.154,67.50999999999999,22.65,79.0,1010.5,3.09,0,0,0.7071067811865476,0.7071067811865476,0.9749279121818236,-0.22252093395631434,405.4,78.72727272727273,1,0,1,1
2026-05-06 04:00:00,634.5,42.95,0.046,65.395,22.4,81.5,1010.5,2.06,0,0,0.8660254037844386,0.5000000000000001,0.9749279121818236,-0.22252093395631434,406.75,78.63636363636364,1,0,1,1
2026-05-06 05:00:00,778.5,41.55,0.07600000000000001,66.215,22.4,82.0,1010.0,1.54,0,0,0.9659258262890683,0.25881904510252074,0.9749279121818236,-0.22252093395631434,408.1,78.54545454545455,1,0,1,1
2026-05-06 06:00:00,2113.5,35.15,0.219,71.98,23.049999999999997,79.5,1011.0,1.8,0,0,1.0,6.123233995736766e-17,0.9749279121818236,-0.22252093395631434,408.1,78.45454545454545,1,0,1,1
2026-05-06 07:00:00,176.625,40.75,0.095,62.015,24.0,76.0,1011.5,1.54,0,1,0.9659258262890683,-0.25881904510252063,0.9749279121818236,-0.22252093395631434,409.45,75.51727721196325,1,0,1,1
2026-05-06 08:00:00,343.5,38.4,0.1465,66.53,26.15,69.0,1011.0,3.09,0,1,0.8660254037844387,-0.4999999999999998,0.9749279121818236,-0.22252093395631434,412.15,75.51727721196325,1,0,1,1
2026-05-06 09:00:00,3291.5,27.75,0.3835,73.215,29.7,55.5,1011.0,3.09,0,1,0.7071067811865476,-0.7071067811865475,0.9749279121818236,-0.22252093395631434,410.8,75.51727721196325,1,0,1,1
2026-05-06 10:00:00,6474.5,16.95,0.623,83.095,29.315384615384616,57.38461538461539,1010.9230769230769,3.169230769230769,0,1,0.49999999999999994,-0.8660254037844387,0.9749279121818236,-0.22252093395631434,410.63153846153847,75.51727721196325,0,0,1,1
2026-05-06 11:00:00,2369.0,26.35,0.415,74.055,28.93076923076923,59.26923076923077,1010.8461538461538,3.2484615384615383,0,0,0.258819045102521,-0.9659258262890682,0.9749279121818236,-0.22252093395631434,410.4630769230769,75.51727721196325,0,0,1,1
2026-05-06 12:00:00,2397.5,26.95,0.4015,74.005,28.546153846153846,61.15384615384615,1010.7692307692307,3.3276923076923075,0,0,1.2246467991473532e-16,-1.0,0.9749279121818236,-0.22252093395631434,410.2946153846154,75.51727721196325,0,0,1,1
2026-05-06 13:00:00,2464.5,31.85,0.29200000000000004,73.225,,,,,0,0,-0.2588190451025208,-0.9659258262890683,0.9749279121818236,-0.22252093395631434,410.12615384615384,75.51727721196325,0,0,1,1
2026-05-06 14:00:00,2518.5,29.4,0.34750000000000003,73.78999999999999,,,,,0,0,-0.4999999999999997,-0.8660254037844388,0.9749279121818236,-0.22252093395631434,409.9576923076923,75.51727721196325,0,0,1,1
2026-05-06 15:00:00,2422.5,25.3,0.438,74.34,,,,,0,0,-0.7071067811865471,-0.7071067811865479,0.9749279121818236,-0.22252093395631434,409.78923076923076,75.51727721196325,0,0,1,1
2026-05-06 16:00:00,2730.0,29.900000000000002,0.33499999999999996,74.005,,,,,0,0,-0.8660254037844385,-0.5000000000000004,0.9749279121818236,-0.22252093395631434,409.6207692307692,75.51727721196325,0,0,1,1
2026-05-06 17:00:00,6451.5,13.399999999999999,0.702,83.71000000000001,,,,,0,1,-0.9659258262890683,-0.25881904510252063,0.9749279121818236,-0.22252093395631434,409.4523076923077,75.51727721196325,0,0,1,1
2026-05-06 18:00:00,6455.0,17.2,0.618,83.03999999999999,,,,,0,1,-1.0,-1.8369701987210297e-16,0.9749279121818236,-0.22252093395631434,409.2838461538462,75.51727721196325,0,0,1,1
2026-05-06 19:00:00,6408.5,14.9,0.6685000000000001,83.41499999999999,,,,,0,1,-0.9659258262890684,0.2588190451025203,0.9749279121818236,-0.22252093395631434,405.9122124594624,75.51727721196325,0,0,1,1
2026-05-06 20:00:00,6549.5,15.75,0.6505000000000001,83.365,,,,,0,1,-0.8660254037844386,0.5000000000000001,0.9749279121818236,-0.22252093395631434,405.9122124594624,75.51727721196325,0,0,1,1
2026-05-06 21:00:00,2379.5,27.25,0.394,73.905,,,,,0,0,-0.7071067811865477,0.7071067811865474,0.9749279121818236,-0.22252093395631434,405.9122124594624,75.51727721196325,0,0,1,1
2026-05-06 22:00:00,1957.0,31.75,0.294,72.24000000000001,24.7,80.0,1010.0,4.12,0,0,-0.5000000000000004,0.8660254037844384,0.9749279121818236,-0.22252093395631434,408.61,77.0,1,1,1,1
2026-05-06 23:00:00,269.5,38.650000000000006,0.14100000000000001,61.865,24.15,85.0,1010.0,4.63,0,0,-0.25881904510252157,0.9659258262890681,0.9749279121818236,-0.22252093395631434,407.74,75.5,1,1,1,1
2026-05-07 00:00:00,271.0,38.85,0.137,61.42,23.85,86.0,1009.0,4.63,0,0,0.0,1.0,0.43388373911755823,-0.900968867902419,407.74,78.0,1,1,1,1
2026-05-07 01:00:00,751.5,38.85,0.1365,66.75,23.950000000000003,89.5,1008.0,4.949999999999999,0,0,0.25881904510252074,0.9659258262890683,0.43388373911755823,-0.900968867902419,407.875,78.0,1,1,1,1
2026-05-07 02:00:00,693.5,40.7,0.0955,66.125,22.9,81.5,1007.0,4.605,0,0,0.49999999999999994,0.8660254037844387,0.43388373911755823,-0.900968867902419,407.93,83.0,1,1,1,1
2026-05-07 03:00:00,293.0,37.650000000000006,0.163,62.965,22.8,80.0,1007.0,4.4,0,0,0.7071067811865476,0.7071067811865476,0.43388373911755823,-0.900968867902419,407.74,78.0,1,1,1,1
2026-05-07 04:00:00,504.0,41.3,0.08199999999999999,64.535,23.1,69.0,1007.0,4.08,0,0,0.8660254037844386,0.5000000000000001,0.43388373911755823,-0.900968867902419,407.32500000000005,34.5,1,1,1,1
2026-05-07 05:00:00,565.0,42.9,0.0735,66.25,22.700000000000003,80.5,1008.0,3.69,0,0,0.9659258262890683,0.25881904510252074,0.43388373911755823,-0.900968867902419,406.575,38.5,1,1,1,1
2026-05-07 06:00:00,1874.0,40.95,0.09,70.445,22.15,88.0,1009.5,3.755,0,0,1.0,6.123233995736766e-17,0.43388373911755823,-0.900968867902419,405.155,44.0,1,1,1,1
2026-05-07 07:00:00,6559.0,14.85,0.6699999999999999,83.525,22.9,77.0,1010.0,4.48,0,1,0.9659258262890683,-0.25881904510252063,0.43388373911755823,-0.900968867902419,406.305,47.5,1,1,1,1
2026-05-07 08:00:00,6465.5,13.7,0.696,83.675,24.8,77.5,1011.0,2.57,0,1,0.8660254037844387,-0.4999999999999998,0.43388373911755823,-0.900968867902419,405.83000000000004,54.5,1,1,1,1
2026-05-07 09:00:00,3221.0,24.95,0.4455,73.32000000000001,25.7,71.0,1010.0,3.09,0,1,0.7071067811865476,-0.7071067811865475,0.43388373911755823,-0.900968867902419,405.4,60.0,1,1,1,1
2026-05-07 10:00:00,3524.5,29.45,0.34600000000000003,74.425,29.2,55.0,1010.0,4.18,0,1,0.49999999999999994,-0.8660254037844387,0.43388373911755823,-0.900968867902419,406.25,69.0,1,1,1,1
2026-05-07 11:00:00,2593.5,30.8,0.315,73.64500000000001,30.75,44.5,1009.0,2.535,0,0,0.258819045102521,-0.9659258262890682,0.43388373911755823,-0.900968867902419,407.175,65.0,1,1,1,1
2026-05-07 12:00:00,1413.5,35.3,0.215,67.91499999999999,32.1,35.0,1008.0,4.13,0,0,1.2246467991473532e-16,-1.0,0.43388373911755823,-0.900968867902419,406.79499999999996,60.5,1,1,1,1
2026-05-07 13:00:00,1406.0,38.2,0.1505,66.58,32.4,37.5,1007.0,3.37,0,0,-0.2588190451025208,-0.9659258262890683,0.43388373911755823,-0.900968867902419,407.36,56.0,1,1,1,1
2026-05-07 14:00:00,2537.5,29.1,0.353,73.86500000000001,32.2,43.0,1006.0,4.63,0,0,-0.4999999999999997,-0.8660254037844388,0.43388373911755823,-0.900968867902419,408.1,53.0,1,1,1,1
2026-05-07 15:00:00,1241.5,32.45,0.2795,68.03999999999999,33.099999999999994,35.0,1005.0,3.415,0,0,-0.7071067811865471,-0.7071067811865479,0.43388373911755823,-0.900968867902419,405.455,58.0,1,1,1,1
2026-05-07 16:00:00,2376.5,33.75,0.25,72.755,32.5,30.0,1005.0,5.7,0,0,-0.8660254037844385,-0.5000000000000004,0.43388373911755823,-0.900968867902419,405.7,57.0,1,1,1,1
2026-05-07 17:00:00,3308.5,29.65,0.34099999999999997,73.015,31.9,31.0,1006.0,4.24,0,1,-0.9659258262890683,-0.25881904510252063,0.43388373911755823,-0.900968867902419,407.76,43.0,1,1,1,1
2026-05-07 18:00:00,6442.0,17.9,0.6025,82.91499999999999,31.2,34.0,1006.0,3.33,0,1,-1.0,-1.8369701987210297e-16,0.43388373911755823,-0.900968867902419,408.1,51.0,1,1,1,1
2026-05-07 19:00:00,3424.5,27.25,0.395,74.955,29.65,49.5,1007.0,3.605,0,1,-0.9659258262890684,0.2588190451025203,0.43388373911755823,-0.900968867902419,408.1,45.0,1,1,1,1
2026-05-07 20:00:00,3638.5,21.349999999999998,0.526,75.60499999999999,28.25,55.5,1009.0,3.09,0,1,-0.8660254037844386,0.5000000000000001,0.43388373911755823,-0.900968867902419,408.1,50.0,1,1,1,1
2026-05-07 21:00:00,1125.5,44.95,0.021,67.47999999999999,27.15,62.5,1010.0,5.465,0,0,-0.7071067811865477,0.7071067811865474,0.43388373911755823,-0.900968867902419,408.1,51.0,1,1,1,1
2026-05-07 22:00:00,2126.5,31.0,0.312,72.775,25.6,65.0,1011.0,6.27,0,0,-0.5000000000000004,0.8660254037844384,0.43388373911755823,-0.900968867902419,408.1,51.0,1,1,1,1
2026-05-07 23:00:00,425.0,40.65,0.0965,62.655,26.25,68.5,1011.0,3.09,0,0,-0.25881904510252157,0.9659258262890681,0.43388373911755823,-0.900968867902419,408.1,50.0,1,1,1,1
2026-05-08 00:00:00,788.5,42.5,0.055,66.41,24.9,74.5,1009.0,4.0649999999999995,0,0,0.0,1.0,-0.433883739117558,-0.9009688679024191,408.1,45.0,1,1,1,1
2026-05-08 01:00:00,721.5,41.15,0.0845,66.155,24.700000000000003,75.5,1009.0,3.92,0,0,0.25881904510252074,0.9659258262890683,-0.433883739117558,-0.9009688679024191,408.1,57.0,1,0,1,1
2026-05-08 02:00:00,527.5,42.65,0.083,65.14,23.700000000000003,86.0,1010.0,3.63,0,0,0.49999999999999994,0.8660254037844387,-0.433883739117558,-0.9009688679024191,405.4,69.0,1,1,1,1
2026-05-08 03:00:00,640.0,41.3,0.0815,65.705,24.1,80.0,1009.0,3.705,0,0,0.7071067811865476,0.7071067811865476,-0.433883739117558,-0.9009688679024191,409.11,44.0,1,1,1,1
2026-05-08 04:00:00,382.5,42.5,0.055,61.98,23.700000000000003,82.0,1009.0,3.17,0,0,0.8660254037844386,0.5000000000000001,-0.433883739117558,-0.9009688679024191,407.76,42.0,1,1,1,1
2026-05-08 05:00:00,528.5,44.35,0.0305,65.34,23.65,89.0,1010.0,2.315,0,0,0.9659258262890683,0.25881904510252074,-0.433883739117558,-0.9009688679024191,407.83,38.0,1,1,1,1
2026-05-08 06:00:00,1994.0,37.5,0.16749999999999998,71.33500000000001,23.5,89.5,1011.5,2.315,0,0,1.0,6.123233995736766e-17,-0.433883739117558,-0.9009688679024191,409.11,31.0,1,1,1,1
2026-05-08 07:00:00,6551.5,15.7,0.651,83.37,23.950000000000003,86.5,1012.5,3.605,0,1,0.9659258262890683,-0.25881904510252063,-0.433883739117558,-0.9009688679024191,407.56,37.0,1,1,1,1
2026-05-08 08:00:00,6563.0,13.75,0.6945,83.725,25.35,78.5,1012.5,3.3449999999999998,0,1,0.8660254037844387,-0.4999999999999998,-0.433883739117558,-0.9009688679024191,406.21,42.0,1,1,1,1
2026-05-08 09:00:00,3399.5,26.349999999999998,0.414,74.56,27.05,67.5,1012.5,2.83,0,1,0.7071067811865476,-0.7071067811865475,-0.433883739117558,-0.9009688679024191,405.94,42.0,1,1,1,1
2026-05-08 10:00:00,6563.5,13.25,0.7050000000000001,83.81,29.35,57.5,1012.0,2.0549999999999997,0,1,0.49999999999999994,-0.8660254037844387,-0.433883739117558,-0.9009688679024191,408.91,42.0,1,1,1,1
2026-05-08 11:00:00,328.0,38.5,0.14500000000000002,63.08,30.450000000000003,52.0,1011.0,2.315,0,0,0.258819045102521,-0.9659258262890682,-0.433883739117558,-0.9009688679024191,408.91,52.0,1,1,1,1
2026-05-08 12:00:00,2568.0,29.35,0.348,73.86,31.1,48.0,1011.0,2.06,0,0,1.2246467991473532e-16,-1.0,-0.433883739117558,-0.9009688679024191,407.56,49.0,1,1,1,1
2026-05-08 13:00:00,2299.5,27.35,0.39199999999999996,73.75,31.85,44.5,1009.0,4.37,0,0,-0.2588190451025208,-0.9659258262890683,-0.433883739117558,-0.9009688679024191,406.01,44.0,1,1,1,1
2026-05-08 14:00:00,1403.0,32.15,0.285,68.04,32.3,43.0,1008.5,4.37,0,0,-0.4999999999999997,-0.8660254037844388,-0.433883739117558,-0.9009688679024191,405.94,52.0,1,1,1,1
2026-05-08 15:00:00,2422.5,28.25,0.3715,73.81,31.75,43.0,1007.0,4.12,0,0,-0.7071067811865471,-0.7071067811865479,-0.433883739117558,-0.9009688679024191,405.4,51.0,1,1,1,1
2026-05-08 16:00:00,2437.0,29.55,0.3435,73.60499999999999,32.2,44.0,1008.0,3.8549999999999995,0,0,-0.8660254037844385,-0.5000000000000004,-0.433883739117558,-0.9009688679024191,407.43,42.0,1,1,1,1
2026-05-08 17:00:00,3534.0,25.299999999999997,0.438,74.18,32.0,45.5,1007.0,3.8600000000000003,0,1,-0.9659258262890683,-0.25881904510252063,-0.433883739117558,-0.9009688679024191,407.76,40.0,1,1,1,1
2026-05-08 18:00:00,3150.5,26.2,0.417,72.42,29.15,55.5,1008.0,6.69,0,1,-1.0,-1.8369701987210297e-16,-0.433883739117558,-0.9009688679024191,407.09,38.0,1,1,1,1
2026-05-08 19:00:00,300.5,39.95,0.11299999999999999,65.66499999999999,26.4,70.0,1009.5,4.63,0,1,-0.9659258262890684,0.2588190451025203,-0.433883739117558,-0.9009688679024191,407.76,46.0,1,1,1,1
2026-05-08 20:00:00,6471.5,15.9,0.6465000000000001,83.28,26.25,78.0,1011.0,5.4,0,1,-0.8660254037844386,0.5000000000000001,-0.433883739117558,-0.9009688679024191,406.48,49.0,1,1,1,1
2026-05-08 21:00:00,1867.0,43.849999999999994,0.026,69.91,25.15,80.0,1011.5,4.375,0,0,-0.7071067811865477,0.7071067811865474,-0.433883739117558,-0.9009688679024191,407.02,37.0,1,1,1,1
2026-05-08 22:00:00,2091.5,29.8,0.3375,72.9,24.95,81.5,1012.5,4.63,0,0,-0.5000000000000004,0.8660254037844384,-0.433883739117558,-0.9009688679024191,407.695,30.5,1,1,1,1
2026-05-08 23:00:00,684.0,43.05,0.0435,65.69,24.200000000000003,84.0,1012.0,4.375,0,0,-0.25881904510252157,0.9659258262890681,-0.433883739117558,-0.9009688679024191,409.45,43.0,1,1,1,1
2026-05-09 00:00:00,264.0,37.3,0.17099999999999999,62.504999999999995,23.7,84.5,1011.5,3.86,1,0,0.0,1.0,-0.9749279121818236,-0.2225209339563146,407.83,43.0,1,1,1,1
2026-05-09 01:00:00,466.0,42.2,0.0615,62.834999999999994,23.049999999999997,86.5,1011.5,3.8600000000000003,1,0,0.25881904510252074,0.9659258262890683,-0.9749279121818236,-0.2225209339563146,406.75,38.0,1,1,1,1
2026-05-09 02:00:00,728.5,40.55,0.103,67.63499999999999,22.549999999999997,89.0,1011.0,3.3449999999999998,1,0,0.49999999999999994,0.8660254037844387,-0.9749279121818236,-0.2225209339563146,408.1,37.0,1,1,1,1
2026-05-09 03:00:00,601.5,40.05,0.111,65.35,22.049999999999997,91.5,1010.5,2.06,1,0,0.7071067811865476,0.7071067811865476,-0.9749279121818236,-0.2225209339563146,409.11,37.0,1,1,1,1
2026-05-09 04:00:00,550.5,40.6,0.0975,63.33,21.85,90.0,1010.5,2.575,1,0,0.8660254037844386,0.5000000000000001,-0.9749279121818236,-0.2225209339563146,408.1,33.0,1,1,1,1
2026-05-09 05:00:00,617.5,34.5,0.23299999999999998,66.72,21.65,91.5,1011.0,3.085,1,0,0.9659258262890683,0.25881904510252074,-0.9749279121818236,-0.2225209339563146,409.11,36.0,1,1,1,1
2026-05-09 06:00:00,596.5,37.5,0.1665,66.005,21.549999999999997,92.0,1012.0,1.03,1,0,1.0,6.123233995736766e-17,-0.9749279121818236,-0.2225209339563146,408.77,30.0,1,1,1,1
2026-05-09 07:00:00,782.0,40.599999999999994,0.0985,66.60499999999999,22.85,85.5,1012.5,2.06,1,0,0.9659258262890683,-0.25881904510252063,-0.9749279121818236,-0.2225209339563146,407.83,33.0,1,1,1,1
2026-05-09 08:00:00,564.5,38.85,0.1365,65.2,25.25,72.5,1013.0,2.83,1,0,0.8660254037844387,-0.4999999999999998,-0.9749279121818236,-0.2225209339563146,408.37,41.0,1,1,1,1
2026-05-09 09:00:00,928.5,41.35,0.081,67.25,26.65,66.5,1013.0,3.09,1,0,0.7071067811865476,-0.7071067811865475,-0.9749279121818236,-0.2225209339563146,407.83,43.0,1,1,1,1
2026-05-09 10:00:00,537.5,37.599999999999994,0.165,64.785,28.75,58.0,1012.5,4.115,1,0,0.49999999999999994,-0.8660254037844387,-0.9749279121818236,-0.2225209339563146,407.29,42.0,1,1,1,1
2026-05-09 11:00:00,675.5,38.6,0.14350000000000002,66.41499999999999,30.75,51.5,1012.0,3.605,1,0,0.258819045102521,-0.9659258262890682,-0.9749279121818236,-0.2225209339563146,407.96500000000003,40.0,1,1,1,1
2026-05-09 12:00:00,245.0,37.25,0.172,62.230000000000004,31.05,49.5,1010.0,3.09,1,0,1.2246467991473532e-16,-1.0,-0.9749279121818236,-0.2225209339563146,408.37,40.0,1,1,1,1
2026-05-09 13:00:00,923.0,41.8,0.07050000000000001,67.07,31.55,47.0,1007.0,4.885,1,0,-0.2588190451025208,-0.9659258262890683,-0.9749279121818236,-0.2225209339563146,406.75,39.0,1,1,1,1
2026-05-09 14:00:00,1098.0,41.75,0.07250000000000001,67.985,31.8,46.0,1009.0,2.57,1,0,-0.4999999999999997,-0.8660254037844388,-0.9749279121818236,-0.2225209339563146,408.1,38.0,1,1,1,1
2026-05-09 15:00:00,876.0,39.650000000000006,0.1195,67.37,31.65,46.0,1008.5,3.605,1,0,-0.7071067811865471,-0.7071067811865479,-0.9749279121818236,-0.2225209339563146,408.1,38.0,1,1,1,1
2026-05-09 16:00:00,622.5,40.5,0.1005,64.88,31.6,46.0,1007.5,2.315,1,0,-0.8660254037844385,-0.5000000000000004,-0.9749279121818236,-0.2225209339563146,408.235,39.5,1,1,1,1
2026-05-09 17:00:00,660.5,40.55,0.09949999999999999,65.28,31.15,49.0,1007.0,4.115,1,0,-0.9659258262890683,-0.25881904510252063,-0.9749279121818236,-0.2225209339563146,407.56,44.0,1,1,1,1
2026-05-09 18:00:00,602.0,39.05,0.1325,63.94,25.85,72.0,1010.0,6.43,1,0,-1.0,-1.8369701987210297e-16,-0.9749279121818236,-0.2225209339563146,406.75,47.0,1,1,1,1
2026-05-09 19:00:00,1181.0,39.25,0.1275,68.74,24.6,75.0,1011.0,4.115,1,0,-0.9659258262890684,0.2588190451025203,-0.9749279121818236,-0.2225209339563146,407.425,45.5,1,1,1,1
2026-05-09 20:00:00,703.0,39.9,0.11299999999999999,66.36500000000001,23.8,77.5,1012.0,3.6,1,0,-0.8660254037844386,0.5000000000000001,-0.9749279121818236,-0.2225209339563146,407.02,40.0,1,1,1,1
2026-05-09 21:00:00,850.0,42.349999999999994,0.0745,68.08000000000001,23.9,81.5,1012.5,3.09,1,0,-0.7071067811865477,0.7071067811865474,-0.9749279121818236,-0.2225209339563146,407.29,36.0,1,1,1,1
2026-05-09 22:00:00,977.0,40.849999999999994,0.0925,67.575,23.700000000000003,85.0,1013.0,4.63,1,0,-0.5000000000000004,0.8660254037844384,-0.9749279121818236,-0.2225209339563146,407.56,32.0,1,1,1,1
2026-05-09 23:00:00,836.0,35.95,0.2005,67.8,23.5,88.0,1011.0,3.86,1,0,-0.25881904510252157,0.9659258262890681,-0.9749279121818236,-0.2225209339563146,408.64,35.0,1,1,1,1
2026-05-10 00:00:00,563.0,40.7,0.095,64.44,23.1,89.5,1011.0,3.3499999999999996,1,0,0.0,1.0,-0.7818314824680299,0.6234898018587334,405.4,32.0,1,1,1,1
2026-05-10 01:00:00,455.0,43.400000000000006,0.035500000000000004,63.099999999999994,23.200000000000003,88.0,1010.5,3.09,1,0,0.25881904510252074,0.9659258262890683,-0.7818314824680299,0.6234898018587334,408.1,36.5,1,1,1,1
2026-05-10 02:00:00,368.5,38.7,0.14049999999999999,63.144999999999996,22.7,89.5,1011.0,3.09,1,0,0.49999999999999994,0.8660254037844387,-0.7818314824680299,0.6234898018587334,408.1,35.0,1,1,1,1
2026-05-10 03:00:00,991.0,40.85,0.0915,67.645,22.2,90.0,1010.5,2.83,1,0,0.7071067811865476,0.7071067811865476,-0.7818314824680299,0.6234898018587334,408.77,30.0,1,1,1,1
2026-05-10 04:00:00,263.5,40.8,0.0925,61.39,22.05,90.0,1010.5,2.83,1,0,0.8660254037844386,0.5000000000000001,-0.7818314824680299,0.6234898018587334,408.265,26.0,1,1,1,1
2026-05-10 05:00:00,608.5,37.7,0.162,64.845,21.950000000000003,90.5,1010.0,3.09,1,0,0.9659258262890683,0.25881904510252074,-0.7818314824680299,0.6234898018587334,408.77,26.0,1,1,1,1
2026-05-10 06:00:00,847.5,39.0,0.134,67.33500000000001,21.799999999999997,90.5,1011.5,2.315,1,0,1.0,6.123233995736766e-17,-0.7818314824680299,0.6234898018587334,407.12,29.0,1,1,1,1
2026-05-10 07:00:00,885.0,42.650000000000006,0.052000000000000005,66.75999999999999,22.95,85.0,1012.0,3.09,1,0,0.9659258262890683,-0.25881904510252063,-0.7818314824680299,0.6234898018587334,406.48,29.0,1,1,1,1
2026-05-10 08:00:00,550.0,43.5,0.047,64.86,25.0,74.0,1012.5,2.83,1,0,0.8660254037844387,-0.4999999999999998,-0.7818314824680299,0.6234898018587334,407.96500000000003,35.0,1,1,1,1
2026-05-10 09:00:00,742.5,40.75,0.0945,66.455,26.5,64.0,1011.5,3.3449999999999998,1,0,0.7071067811865476,-0.7071067811865475,-0.7818314824680299,0.6234898018587334,408.1,41.5,1,1,1,1
2026-05-10 10:00:00,339.0,41.1,0.088,63.01,30.2,48.0,1011.0,5.14,1,0,0.49999999999999994,-0.8660254037844387,-0.7818314824680299,0.6234898018587334,408.1,45.0,1,1,1,1
2026-05-10 11:00:00,257.8125,41.0,0.0895,61.144999999999996,30.75,44.0,1010.0,4.115,1,0,0.258819045102521,-0.9659258262890682,-0.7818314824680299,0.6234898018587334,407.56,43.0,0,0,0,0
2026-05-10 12:00:00,176.625,40.9,0.091,59.28,31.3,40.0,1009.0,3.09,1,0,1.2246467991473532e-16,-1.0,-0.7818314824680299,0.6234898018587334,407.02,41.0,1,1,1,1
2026-05-10 13:00:00,931.5,35.2,0.2185,68.44,32.15,38.0,1008.0,6.17,1,0,-0.2588190451025208,-0.9659258262890683,-0.7818314824680299,0.6234898018587334,407.02,44.0,1,1,1,1
2026-05-10 14:00:00,597.0,35.7,0.20650000000000002,64.78999999999999,32.35,36.0,1007.0,5.14,1,0,-0.4999999999999997,-0.8660254037844388,-0.7818314824680299,0.6234898018587334,407.29,47.0,1,1,1,1
2026-05-10 15:00:00,486.0,36.3,0.193,64.78999999999999,32.650000000000006,35.5,1005.0,5.654999999999999,1,0,-0.7071067811865471,-0.7071067811865479,-0.7818314824680299,0.6234898018587334,407.83,48.0,1,1,1,1
2026-05-10 16:00:00,532.5,43.6,0.0315,64.515,32.650000000000006,34.5,1004.5,5.8,1,0,-0.8660254037844385,-0.5000000000000004,-0.7818314824680299,0.6234898018587334,408.1,50.0,1,1,1,1
2026-05-10 17:00:00,748.5,41.2,0.08349999999999999,66.4,32.7,35.0,1005.0,5.14,1,0,-0.9659258262890683,-0.25881904510252063,-0.7818314824680299,0.6234898018587334,408.37,51.0,1,1,1,1
2026-05-10 18:00:00,602.0,39.6,0.121,65.475,30.6,44.5,1008.5,5.4,1,0,-1.0,-1.8369701987210297e-16,-0.7818314824680299,0.6234898018587334,407.56,49.0,1,1,1,1
2026-05-10 19:00:00,744.0,38.6,0.14200000000000002,66.58000000000001,28.95,53.5,1009.5,4.885,1,0,-0.9659258262890684,0.2588190451025203,-0.7818314824680299,0.6234898018587334,406.21,51.0,1,1,1,1
2026-05-10 20:00:00,677.5,41.650000000000006,0.0745,64.84,28.0,64.0,1010.5,3.3449999999999998,1,0,-0.8660254037844386,0.5000000000000001,-0.7818314824680299,0.6234898018587334,406.75,51.0,1,1,1,1
2026-05-10 21:00:00,420.0,37.7,0.1625,62.824999999999996,27.15,66.5,1011.5,4.045,1,0,-0.7071067811865477,0.7071067811865474,-0.7818314824680299,0.6234898018587334,406.75,51.0,1,1,1,1
2026-05-10 22:00:00,806.0,43.75,0.041,67.57499999999999,26.35,70.5,1011.5,4.385,1,0,-0.5000000000000004,0.8660254037844384,-0.7818314824680299,0.6234898018587334,406.48,48.0,1,1,1,1
2026-05-10 23:00:00,877.0,40.05,0.1095,67.26,25.1,76.5,1011.0,3.09,1,0,-0.25881904510252157,0.9659258262890681,-0.7818314824680299,0.6234898018587334,405.94,49.0,1,1,1,1
2026-05-11 00:00:00,352.5,40.5,0.1,62.015,24.35,79.5,1011.5,2.83,0,0,0.0,1.0,0.0,1.0,407.83,49.0,1,1,1,1
2026-05-11 01:00:00,443.5,41.2,0.08499999999999999,62.790000000000006,23.700000000000003,83.5,1010.5,2.315,0,0,0.25881904510252074,0.9659258262890683,0.0,1.0,407.56,44.0,1,1,1,1
2026-05-11 02:00:00,483.0,39.5,0.1225,64.05,23.3,87.5,1010.0,2.83,0,0,0.49999999999999994,0.8660254037844387,0.0,1.0,407.56,43.0,1,1,1,1
2026-05-11 03:00:00,421.0,36.9,0.1795,64.155,23.15,88.0,1009.5,1.54,0,0,0.7071067811865476,0.7071067811865476,0.0,1.0,409.11,43.0,1,1,1,1
2026-05-11 04:00:00,791.5,36.15,0.196,67.55,23.1,89.0,1010.0,1.2850000000000001,0,0,0.8660254037844386,0.5000000000000001,0.0,1.0,407.56,40.0,1,1,1,1
2026-05-11 05:00:00,920.0,38.25,0.15,67.815,22.9,90.0,1010.0,0.77,0,0,0.9659258262890683,0.25881904510252074,0.0,1.0,407.56,39.0,1,1,1,1
2026-05-11 06:00:00,1999.0,34.75,0.2355,73.08500000000001,22.75,90.0,1011.0,0.0,0,0,1.0,6.123233995736766e-17,0.0,1.0,408.1,48.0,1,1,1,1
2026-05-11 07:00:00,3282.0,29.799999999999997,0.3385,71.80499999999999,24.45,83.0,1012.0,1.2850000000000001,0,1,0.9659258262890683,-0.25881904510252063,0.0,1.0,408.77,49.0,1,1,1,1
2026-05-11 08:00:00,6602.0,16.3,0.638,83.305,26.35,73.5,1012.0,2.315,0,1,0.8660254037844387,-0.4999999999999998,0.0,1.0,407.83,43.0,1,1,1,1
2026-05-11 09:00:00,6760.5,16.5,0.634,83.37,27.95,63.5,1012.5,2.83,0,1,0.7071067811865476,-0.7071067811865475,0.0,1.0,409.79,44.0,1,1,1,1
2026-05-11 10:00:00,206.0,37.2,0.1735,64.42,30.15,51.0,1011.0,1.2850000000000001,0,1,0.49999999999999994,-0.8660254037844387,0.0,1.0,406.21,49.0,1,1,1,1
2026-05-11 11:00:00,2674.5,28.05,0.3755,74.275,31.049999999999997,43.5,1010.0,2.57,0,0,0.258819045102521,-0.9659258262890682,0.0,1.0,406.48,57.0,1,1,1,1
2026-05-11 12:00:00,176.625,41.7,0.07350000000000001,58.925,32.05,39.5,1009.0,2.06,0,0,1.2246467991473532e-16,-1.0,0.0,1.0,408.1,45.0,1,1,1,1
2026-05-11 13:00:00,1564.5,33.9,0.2465,68.625,32.9,34.0,1008.0,3.085,0,0,-0.2588190451025208,-0.9659258262890683,0.0,1.0,406.48,62.0,1,1,1,1
2026-05-11 14:00:00,1447.5,32.8,0.271,68.825,33.85,30.0,1006.5,3.3449999999999998,0,0,-0.4999999999999997,-0.8660254037844388,0.0,1.0,408.77,65.0,1,1,1,1
2026-05-11 15:00:00,1340.7777777777778,33.727777777777774,0.25033333333333335,68.34055555555555,33.08888888888889,33.05555555555556,1007.0,3.373333333333333,0,0,-0.7071067811865471,-0.7071067811865479,0.0,1.0,408.5155555555555,65.55555555555556,0,0,0,0
2026-05-11 16:00:00,1234.0555555555557,34.65555555555555,0.22966666666666669,67.85611111111112,32.327777777777776,36.111111111111114,1007.5,3.4016666666666664,0,0,-0.8660254037844385,-0.5000000000000004,0.0,1.0,408.2611111111111,66.11111111111111,0,0,0,0
2026-05-11 17:00:00,1127.3333333333335,35.58333333333333,0.20900000000000002,67.37166666666667,31.566666666666666,39.16666666666667,1008.0,3.4299999999999997,0,1,-0.9659258262890683,-0.25881904510252063,0.0,1.0,408.00666666666666,66.66666666666667,0,0,0,0
2026-05-11 18:00:00,,,0.18833333333333335,66.88722222222222,,,,,0,1,-1.0,-1.8369701987210297e-16,0.0,1.0,407.7522222222222,67.22222222222223,0,0,0,0
2026-05-11 19:00:00,,,0.16766666666666669,66.40277777777779,,,,,0,1,-0.9659258262890684,0.2588190451025203,0.0,1.0,407.4977777777778,67.77777777777777,0,0,0,0
2026-05-11 20:00:00,,,0.14700000000000002,65.91833333333334,,,,,0,1,-0.8660254037844386,0.5000000000000001,0.0,1.0,407.24333333333334,68.33333333333333,0,0,0,0
2026-05-11 21:00:00,,,,,,,,,0,0,-0.7071067811865477,0.7071067811865474,0.0,1.0,406.9888888888889,75.51727721196325,0,0,0,0
2026-05-11 22:00:00,,,,,,,,,0,0,-0.5000000000000004,0.8660254037844384,0.0,1.0,406.7344444444445,75.51727721196325,0,0,0,0
2026-05-11 23:00:00,487.0,41.15,0.08499999999999999,64.465,27.0,57.5,1011.0,3.6,0,0,-0.25881904510252157,0.9659258262890681,0.0,1.0,406.48,70.0,1,1,1,1
2026-05-12 00:00:00,426.5,40.05,0.11050000000000001,63.379999999999995,26.299999999999997,62.5,1010.5,3.6,0,0,0.0,1.0,0.7818314824680298,0.6234898018587336,405.94,63.0,1,1,1,1
2026-05-12 01:00:00,700.0,40.5,0.1,66.02,25.299999999999997,68.0,1010.0,3.6,0,0,0.25881904510252074,0.9659258262890683,0.7818314824680298,0.6234898018587336,406.48,48.0,1,1,1,1
2026-05-12 02:00:00,694.5,39.599999999999994,0.12,66.285,24.6,73.0,1010.0,3.6,0,0,0.49999999999999994,0.8660254037844387,0.7818314824680298,0.6234898018587336,407.29,47.0,1,1,1,1
2026-05-12 03:00:00,272.0,41.35,0.0815,61.97,23.450000000000003,77.0,1010.5,3.6,0,0,0.7071067811865476,0.7071067811865476,0.7818314824680298,0.6234898018587336,407.43,49.0,1,1,1,1
2026-05-12 04:00:00,629.5,43.1,0.0415,65.28,23.85,78.5,1009.5,1.54,0,0,0.8660254037844386,0.5000000000000001,0.7818314824680298,0.6234898018587336,406.75,49.0,1,1,1,1
2026-05-12 05:00:00,567.5,40.2,0.1065,65.39,22.5,82.0,1009.0,1.54,0,0,0.9659258262890683,0.25881904510252074,0.7818314824680298,0.6234898018587336,408.44,53.0,1,1,1,1
2026-05-12 06:00:00,955.0,40.6,0.1035,65.835,21.9,85.5,1009.0,1.54,0,0,1.0,6.123233995736766e-17,0.7818314824680298,0.6234898018587336,408.44,47.0,1,1,1,1
2026-05-12 07:00:00,6799.0,14.7,0.6735,83.71000000000001,23.0,88.0,1011.0,2.06,0,1,0.9659258262890683,-0.25881904510252063,0.7818314824680298,0.6234898018587336,408.77,48.0,1,1,1,1
2026-05-12 08:00:00,6324.5,16.05,0.6435,83.16,24.9,77.6,1010.6,2.676,0,1,0.8660254037844387,-0.4999999999999998,0.7818314824680298,0.6234898018587336,408.816,53.8,0,0,1,1
2026-05-12 09:00:00,6338.5,16.85,0.625,83.02000000000001,26.8,67.2,1010.2,3.292,0,1,0.7071067811865476,-0.7071067811865475,0.7818314824680298,0.6234898018587336,408.86199999999997,59.6,0,0,1,1
2026-05-12 10:00:00,6678.0,17.5,0.611,83.13,28.7,56.8,1009.8,3.908,0,1,0.49999999999999994,-0.8660254037844387,0.7818314824680298,0.6234898018587336,408.908,65.4,0,0,1,1
2026-05-12 11:00:00,3427.3125,25.7,0.429,72.1,,,,,0,0,0.258819045102521,-0.9659258262890682,0.7818314824680298,0.6234898018587336,408.954,71.2,0,0,0,0
2026-05-12 12:00:00,176.625,33.9,0.247,61.07,32.5,36.0,1009.0,5.14,0,0,1.2246467991473532e-16,-1.0,0.7818314824680298,0.6234898018587336,409.0,77.0,1,1,1,1
2026-05-12 13:00:00,2337.0,21.049999999999997,0.532,74.94,33.150000000000006,34.5,1005.5,3.6,0,0,-0.2588190451025208,-0.9659258262890683,0.7818314824680298,0.6234898018587336,407.04499999999996,62.5,1,1,1,1
2026-05-12 14:00:00,1506.5,35.35,0.214,67.30499999999999,33.4,35.0,1004.5,5.66,0,0,-0.4999999999999997,-0.8660254037844388,0.7818314824680298,0.6234898018587336,406.59000000000003,62.5,1,1,1,1
2026-05-12 15:00:00,2362.0,37.0,0.178,72.16,33.7,34.0,1004.0,5.24,0,0,-0.7071067811865471,-0.7071067811865479,0.7818314824680298,0.6234898018587336,407.29,58.0,1,1,1,1
2026-05-12 16:00:00,2240.590277777778,37.144444444444446,0.17472222222222222,71.615,33.461111111111116,35.166666666666664,1004.3888888888889,5.206111111111111,0,0,-0.8660254037844385,-0.5000000000000004,0.7818314824680298,0.6234898018587336,407.27500000000003,58.166666666666664,0,0,0,0
2026-05-12 17:00:00,2119.1805555555557,37.28888888888889,0.17144444444444443,71.07,33.22222222222222,36.333333333333336,1004.7777777777778,5.1722222222222225,0,1,-0.9659258262890683,-0.25881904510252063,0.7818314824680298,0.6234898018587336,407.26,58.333333333333336,0,0,0,0
2026-05-12 18:00:00,1997.7708333333335,37.43333333333334,0.16816666666666666,70.52499999999999,32.983333333333334,37.5,1005.1666666666666,5.138333333333334,0,1,-1.0,-1.8369701987210297e-16,0.7818314824680298,0.6234898018587336,407.245,58.5,0,0,0,0
2026-05-12 19:00:00,,,0.1648888888888889,69.97999999999999,,,,,0,1,-0.9659258262890684,0.2588190451025203,0.7818314824680298,0.6234898018587336,407.23,58.666666666666664,0,0,0,0
2026-05-12 20:00:00,,,0.1616111111111111,69.43499999999999,,,,,0,1,-0.8660254037844386,0.5000000000000001,0.7818314824680298,0.6234898018587336,407.215,58.833333333333336,0,0,0,0
2026-05-12 21:00:00,,,0.15833333333333333,68.89,,,,,0,0,-0.7071067811865477,0.7071067811865474,0.7818314824680298,0.6234898018587336,407.2,59.0,0,0,0,0
2026-05-12 22:00:00,,,,,,,,,0,0,-0.5000000000000004,0.8660254037844384,0.7818314824680298,0.6234898018587336,407.185,75.51727721196325,0,0,0,0
2026-05-12 23:00:00,,,,,,,,,0,0,-0.25881904510252157,0.9659258262890681,0.7818314824680298,0.6234898018587336,407.17,75.51727721196325,0,0,0,0
2026-05-13 00:00:00,,,,,,,,,0,0,0.0,1.0,0.9749279121818236,-0.22252093395631434,407.155,75.51727721196325,0,0,0,0
2026-05-13 01:00:00,,,,,,,,,0,0,0.25881904510252074,0.9659258262890683,0.9749279121818236,-0.22252093395631434,405.9122124594624,75.51727721196325,0,0,0,0
2026-05-13 02:00:00,,,,,,,,,0,0,0.49999999999999994,0.8660254037844387,0.9749279121818236,-0.22252093395631434,405.9122124594624,75.51727721196325,0,0,0,0
2026-05-13 03:00:00,,,,,,,,,0,0,0.7071067811865476,0.7071067811865476,0.9749279121818236,-0.22252093395631434,405.9122124594624,75.51727721196325,0,0,0,0
2026-05-13 04:00:00,,,,,,,,,0,0,0.8660254037844386,0.5000000000000001,0.9749279121818236,-0.22252093395631434,405.9122124594624,75.51727721196325,0,0,0,0
2026-05-13 05:00:00,,,,,,,,,0,0,0.9659258262890683,0.25881904510252074,0.9749279121818236,-0.22252093395631434,405.9122124594624,75.51727721196325,0,0,0,0
2026-05-13 06:00:00,,,,,,,,,0,0,1.0,6.123233995736766e-17,0.9749279121818236,-0.22252093395631434,405.9122124594624,75.51727721196325,0,0,0,0
2026-05-13 07:00:00,,,,,,,,,0,1,0.9659258262890683,-0.25881904510252063,0.9749279121818236,-0.22252093395631434,405.9122124594624,75.51727721196325,0,0,0,0
2026-05-13 08:00:00,,,,,,,,,0,1,0.8660254037844387,-0.4999999999999998,0.9749279121818236,-0.22252093395631434,405.9122124594624,75.51727721196325,0,0,0,0
2026-05-13 09:00:00,176.625,39.6,0.119,62.35,29.4,55.0,1011.0,4.63,0,1,0.7071067811865476,-0.7071067811865475,0.9749279121818236,-0.22252093395631434,407.02,61.0,1,1,1,1
2026-05-13 10:00:00,6348.0,17.95,0.601,82.825,31.5,48.5,1009.5,4.63,0,1,0.49999999999999994,-0.8660254037844387,0.9749279121818236,-0.22252093395631434,407.83,56.0,1,1,1,1
2026-05-13 11:00:00,1380.0,30.849999999999998,0.314,69.9,32.25,45.0,1008.0,4.12,0,0,0.258819045102521,-0.9659258262890682,0.9749279121818236,-0.22252093395631434,406.725,68.0,1,1,1,1
2026-05-13 12:00:00,234.0,41.3,0.0825,61.35,32.9,40.0,1007.0,3.56,0,0,1.2246467991473532e-16,-1.0,0.9749279121818236,-0.22252093395631434,406.725,62.0,1,1,1,1
2026-05-13 13:00:00,1404.5,38.9,0.1365,65.34,32.8,38.5,1004.0,4.18,0,0,-0.2588190451025208,-0.9659258262890683,0.9749279121818236,-0.22252093395631434,406.725,68.0,1,1,1,1
2026-05-13 14:00:00,2620.5,32.55,0.277,73.39,32.95,36.5,1003.0,3.355,0,0,-0.4999999999999997,-0.8660254037844388,0.9749279121818236,-0.22252093395631434,406.7,73.0,1,1,1,1
2026-05-13 15:00:00,1473.0,35.9,0.20249999999999999,68.285,33.8,34.0,1002.0,3.09,0,0,-0.7071067811865471,-0.7071067811865479,0.9749279121818236,-0.22252093395631434,406.725,68.0,1,1,1,1
2026-05-13 16:00:00,2586.5,28.4,0.368,74.07,33.55,33.5,1002.0,3.09,0,0,-0.8660254037844385,-0.5000000000000004,0.9749279121818236,-0.22252093395631434,407.505,70.0,1,1,1,1
2026-05-13 17:00:00,6329.5,14.8,0.6715,83.385,33.1,34.0,1003.0,3.09,0,1,-0.9659258262890683,-0.25881904510252063,0.9749279121818236,-0.22252093395631434,408.64,54.0,1,1,1,1
2026-05-13 18:00:00,6328.5,13.149999999999999,0.7070000000000001,83.66499999999999,32.6,35.0,1004.0,3.6,0,1,-1.0,-1.8369701987210297e-16,0.9749279121818236,-0.22252093395631434,408.64,48.0,1,1,1,1
2026-05-13 19:00:00,6499.5,13.399999999999999,0.702,83.745,32.58318584070797,35.23893805309734,1004.0530973451328,3.595486725663717,0,1,-0.9659258262890684,0.2588190451025203,0.9749279121818236,-0.22252093395631434,408.6391916167665,48.24778761061947,0,0,1,1
2026-05-13 20:00:00,6577.0,17.200000000000003,0.618,83.125,32.56637168141593,35.47787610619469,1004.1061946902655,3.5909734513274336,0,1,-0.8660254037844386,0.5000000000000001,0.9749279121818236,-0.22252093395631434,408.6383832335329,48.49557522123894,0,0,1,1
2026-05-13 21:00:00,2232.5,23.950000000000003,0.4675,74.225,32.5495575221239,35.716814159292035,1004.1592920353983,3.5864601769911504,0,0,-0.7071067811865477,0.7071067811865474,0.9749279121818236,-0.22252093395631434,408.6375748502994,48.743362831858406,0,0,1,1
2026-05-13 22:00:00,1771.5,38.6,0.14150000000000001,70.60499999999999,,,,,0,0,-0.5000000000000004,0.8660254037844384,0.9749279121818236,-0.22252093395631434,408.6367664670659,48.991150442477874,0,0,1,1
2026-05-13 23:00:00,468.0,36.900000000000006,0.18,65.10499999999999,,,,,0,0,-0.25881904510252157,0.9659258262890681,0.9749279121818236,-0.22252093395631434,408.63595808383235,49.23893805309734,0,0,1,1
2026-05-14 00:00:00,465.0,40.6,0.099,64.47,,,,,0,0,0.0,1.0,0.43388373911755823,-0.900968867902419,408.63514970059884,49.48672566371681,0,0,1,1
2026-05-14 01:00:00,487.2616822429907,40.524299065420564,0.10066355140186917,64.55682242990655,,,,,0,0,0.25881904510252074,0.9659258262890683,0.43388373911755823,-0.900968867902419,408.6343413173653,75.51727721196325,0,0,0,0
2026-05-14 02:00:00,509.5233644859813,40.44859813084112,0.10232710280373833,64.64364485981308,,,,,0,0,0.49999999999999994,0.8660254037844387,0.43388373911755823,-0.900968867902419,408.6335329341318,75.51727721196325,0,0,0,0
2026-05-14 03:00:00,531.785046728972,40.37289719626168,0.10399065420560748,64.73046728971963,,,,,0,0,0.7071067811865476,0.7071067811865476,0.43388373911755823,-0.900968867902419,408.6327245508982,75.51727721196325,0,0,0,0
2026-05-14 04:00:00,,,0.10565420560747664,64.81728971962617,,,,,0,0,0.8660254037844386,0.5000000000000001,0.43388373911755823,-0.900968867902419,405.9122124594624,75.51727721196325,0,0,0,0
2026-05-14 05:00:00,,,0.1073177570093458,64.90411214953271,,,,,0,0,0.9659258262890683,0.25881904510252074,0.43388373911755823,-0.900968867902419,405.9122124594624,75.51727721196325,0,0,0,0
2026-05-14 06:00:00,,,0.10898130841121495,64.99093457943926,,,,,0,0,1.0,6.123233995736766e-17,0.43388373911755823,-0.900968867902419,405.9122124594624,75.51727721196325,0,0,0,0
2026-05-14 07:00:00,,,,,,,,,0,1,0.9659258262890683,-0.25881904510252063,0.43388373911755823,-0.900968867902419,405.9122124594624,75.51727721196325,0,0,0,0
2026-05-14 08:00:00,,,,,,,,,0,1,0.8660254037844387,-0.4999999999999998,0.43388373911755823,-0.900968867902419,405.9122124594624,75.51727721196325,0,0,0,0
2026-05-14 09:00:00,,,,,,,,,0,1,0.7071067811865476,-0.7071067811865475,0.43388373911755823,-0.900968867902419,405.9122124594624,75.51727721196325,0,0,0,0
2026-05-14 10:00:00,,,,,,,,,0,1,0.49999999999999994,-0.8660254037844387,0.43388373911755823,-0.900968867902419,405.9122124594624,75.51727721196325,0,0,0,0
2026-05-14 11:00:00,,,,,,,,,0,0,0.258819045102521,-0.9659258262890682,0.43388373911755823,-0.900968867902419,405.9122124594624,75.51727721196325,0,0,0,0
2026-05-14 12:00:00,,,,,,,,,0,0,1.2246467991473532e-16,-1.0,0.43388373911755823,-0.900968867902419,405.9122124594624,75.51727721196325,0,0,0,0
2026-05-14 13:00:00,,,,,,,,,0,0,-0.2588190451025208,-0.9659258262890683,0.43388373911755823,-0.900968867902419,405.9122124594624,75.51727721196325,0,0,0,0
2026-05-14 14:00:00,,,,,,,,,0,0,-0.4999999999999997,-0.8660254037844388,0.43388373911755823,-0.900968867902419,405.9122124594624,75.51727721196325,0,0,0,0
2026-05-14 15:00:00,,,,,,,,,0,0,-0.7071067811865471,-0.7071067811865479,0.43388373911755823,-0.900968867902419,405.9122124594624,75.51727721196325,0,0,0,0
2026-05-14 16:00:00,,,,,,,,,0,0,-0.8660254037844385,-0.5000000000000004,0.43388373911755823,-0.900968867902419,405.9122124594624,75.51727721196325,0,0,0,0
2026-05-14 17:00:00,,,,,,,,,0,1,-0.9659258262890683,-0.25881904510252063,0.43388373911755823,-0.900968867902419,405.9122124594624,75.51727721196325,0,0,0,0
2026-05-14 18:00:00,,,,,,,,,0,1,-1.0,-1.8369701987210297e-16,0.43388373911755823,-0.900968867902419,405.9122124594624,75.51727721196325,0,0,0,0
2026-05-14 19:00:00,,,,,,,,,0,1,-0.9659258262890684,0.2588190451025203,0.43388373911755823,-0.900968867902419,405.9122124594624,75.51727721196325,0,0,0,0
2026-05-14 20:00:00,,,,,,,,,0,1,-0.8660254037844386,0.5000000000000001,0.43388373911755823,-0.900968867902419,405.9122124594624,75.51727721196325,0,0,0,0
2026-05-14 21:00:00,,,,,,,,,0,0,-0.7071067811865477,0.7071067811865474,0.43388373911755823,-0.900968867902419,405.9122124594624,75.51727721196325,0,0,0,0
2026-05-14 22:00:00,,,,,,,,,0,0,-0.5000000000000004,0.8660254037844384,0.43388373911755823,-0.900968867902419,405.9122124594624,75.51727721196325,0,0,0,0
2026-05-14 23:00:00,,,,,,,,,0,0,-0.25881904510252157,0.9659258262890681,0.43388373911755823,-0.900968867902419,405.9122124594624,75.51727721196325,0,0,0,0
2026-05-15 00:00:00,,,,,,,,,0,0,0.0,1.0,-0.433883739117558,-0.9009688679024191,405.9122124594624,75.51727721196325,0,0,0,0
2026-05-15 01:00:00,,,,,,,,,0,0,0.25881904510252074,0.9659258262890683,-0.433883739117558,-0.9009688679024191,405.9122124594624,75.51727721196325,0,0,0,0
2026-05-15 02:00:00,,,,,,,,,0,0,0.49999999999999994,0.8660254037844387,-0.433883739117558,-0.9009688679024191,405.9122124594624,75.51727721196325,0,0,0,0
2026-05-15 03:00:00,,,,,,,,,0,0,0.7071067811865476,0.7071067811865476,-0.433883739117558,-0.9009688679024191,405.9122124594624,75.51727721196325,0,0,0,0
2026-05-15 04:00:00,,,,,,,,,0,0,0.8660254037844386,0.5000000000000001,-0.433883739117558,-0.9009688679024191,405.9122124594624,75.51727721196325,0,0,0,0
2026-05-15 05:00:00,,,,,,,,,0,0,0.9659258262890683,0.25881904510252074,-0.433883739117558,-0.9009688679024191,405.9122124594624,75.51727721196325,0,0,0,0
2026-05-15 06:00:00,,,,,,,,,0,0,1.0,6.123233995736766e-17,-0.433883739117558,-0.9009688679024191,405.9122124594624,75.51727721196325,0,0,0,0
2026-05-15 07:00:00,,,,,,,,,0,1,0.9659258262890683,-0.25881904510252063,-0.433883739117558,-0.9009688679024191,405.9122124594624,75.51727721196325,0,0,0,0
2026-05-15 08:00:00,,,,,,,,,0,1,0.8660254037844387,-0.4999999999999998,-0.433883739117558,-0.9009688679024191,405.9122124594624,75.51727721196325,0,0,0,0
2026-05-15 09:00:00,,,,,,,,,0,1,0.7071067811865476,-0.7071067811865475,-0.433883739117558,-0.9009688679024191,405.9122124594624,75.51727721196325,0,0,0,0
2026-05-15 10:00:00,,,,,,,,,0,1,0.49999999999999994,-0.8660254037844387,-0.433883739117558,-0.9009688679024191,405.9122124594624,75.51727721196325,0,0,0,0
2026-05-15 11:00:00,,,,,,,,,0,0,0.258819045102521,-0.9659258262890682,-0.433883739117558,-0.9009688679024191,405.9122124594624,75.51727721196325,0,0,0,0
2026-05-15 12:00:00,,,,,,,,,0,0,1.2246467991473532e-16,-1.0,-0.433883739117558,-0.9009688679024191,405.9122124594624,75.51727721196325,0,0,0,0
2026-05-15 13:00:00,,,,,,,,,0,0,-0.2588190451025208,-0.9659258262890683,-0.433883739117558,-0.9009688679024191,405.9122124594624,75.51727721196325,0,0,0,0
2026-05-15 14:00:00,,,,,,,,,0,0,-0.4999999999999997,-0.8660254037844388,-0.433883739117558,-0.9009688679024191,405.9122124594624,75.51727721196325,0,0,0,0
2026-05-15 15:00:00,,,,,,,,,0,0,-0.7071067811865471,-0.7071067811865479,-0.433883739117558,-0.9009688679024191,405.9122124594624,75.51727721196325,0,0,0,0
2026-05-15 16:00:00,,,,,,,,,0,0,-0.8660254037844385,-0.5000000000000004,-0.433883739117558,-0.9009688679024191,405.9122124594624,75.51727721196325,0,0,0,0
2026-05-15 17:00:00,,,,,,,,,0,1,-0.9659258262890683,-0.25881904510252063,-0.433883739117558,-0.9009688679024191,405.9122124594624,75.51727721196325,0,0,0,0
2026-05-15 18:00:00,,,,,,,,,0,1,-1.0,-1.8369701987210297e-16,-0.433883739117558,-0.9009688679024191,405.9122124594624,75.51727721196325,0,0,0,0
2026-05-15 19:00:00,,,,,,,,,0,1,-0.9659258262890684,0.2588190451025203,-0.433883739117558,-0.9009688679024191,405.9122124594624,75.51727721196325,0,0,0,0
2026-05-15 20:00:00,,,,,,,,,0,1,-0.8660254037844386,0.5000000000000001,-0.433883739117558,-0.9009688679024191,405.9122124594624,75.51727721196325,0,0,0,0
2026-05-15 21:00:00,,,,,,,,,0,0,-0.7071067811865477,0.7071067811865474,-0.433883739117558,-0.9009688679024191,405.9122124594624,75.51727721196325,0,0,0,0
2026-05-15 22:00:00,,,,,,,,,0,0,-0.5000000000000004,0.8660254037844384,-0.433883739117558,-0.9009688679024191,405.9122124594624,75.51727721196325,0,0,0,0
2026-05-15 23:00:00,,,,,,,,,0,0,-0.25881904510252157,0.9659258262890681,-0.433883739117558,-0.9009688679024191,405.9122124594624,75.51727721196325,0,0,0,0
2026-05-16 00:00:00,,,,,,,,,1,0,0.0,1.0,-0.9749279121818236,-0.2225209339563146,405.9122124594624,75.51727721196325,0,0,0,0
2026-05-16 01:00:00,,,,,,,,,1,0,0.25881904510252074,0.9659258262890683,-0.9749279121818236,-0.2225209339563146,405.9122124594624,75.51727721196325,0,0,0,0
2026-05-16 02:00:00,,,,,,,,,1,0,0.49999999999999994,0.8660254037844387,-0.9749279121818236,-0.2225209339563146,405.9122124594624,75.51727721196325,0,0,0,0
2026-05-16 03:00:00,,,,,,,,,1,0,0.7071067811865476,0.7071067811865476,-0.9749279121818236,-0.2225209339563146,405.9122124594624,75.51727721196325,0,0,0,0
2026-05-16 04:00:00,,,,,,,,,1,0,0.8660254037844386,0.5000000000000001,-0.9749279121818236,-0.2225209339563146,405.9122124594624,75.51727721196325,0,0,0,0
2026-05-16 05:00:00,,,,,,,,,1,0,0.9659258262890683,0.25881904510252074,-0.9749279121818236,-0.2225209339563146,405.9122124594624,75.51727721196325,0,0,0,0
2026-05-16 06:00:00,,,,,,,,,1,0,1.0,6.123233995736766e-17,-0.9749279121818236,-0.2225209339563146,405.9122124594624,75.51727721196325,0,0,0,0
2026-05-16 07:00:00,,,,,,,,,1,0,0.9659258262890683,-0.25881904510252063,-0.9749279121818236,-0.2225209339563146,405.9122124594624,75.51727721196325,0,0,0,0
2026-05-16 08:00:00,,,,,,,,,1,0,0.8660254037844387,-0.4999999999999998,-0.9749279121818236,-0.2225209339563146,405.9122124594624,75.51727721196325,0,0,0,0
2026-05-16 09:00:00,,,,,,,,,1,0,0.7071067811865476,-0.7071067811865475,-0.9749279121818236,-0.2225209339563146,405.9122124594624,75.51727721196325,0,0,0,0
2026-05-16 10:00:00,,,,,,,,,1,0,0.49999999999999994,-0.8660254037844387,-0.9749279121818236,-0.2225209339563146,405.9122124594624,75.51727721196325,0,0,0,0
2026-05-16 11:00:00,,,,,,,,,1,0,0.258819045102521,-0.9659258262890682,-0.9749279121818236,-0.2225209339563146,405.9122124594624,75.51727721196325,0,0,0,0
2026-05-16 12:00:00,,,,,,,,,1,0,1.2246467991473532e-16,-1.0,-0.9749279121818236,-0.2225209339563146,405.9122124594624,75.51727721196325,0,0,0,0
2026-05-16 13:00:00,,,,,,,,,1,0,-0.2588190451025208,-0.9659258262890683,-0.9749279121818236,-0.2225209339563146,405.9122124594624,75.51727721196325,0,0,0,0
2026-05-16 14:00:00,,,,,,,,,1,0,-0.4999999999999997,-0.8660254037844388,-0.9749279121818236,-0.2225209339563146,405.9122124594624,75.51727721196325,0,0,0,0
2026-05-16 15:00:00,,,,,,,,,1,0,-0.7071067811865471,-0.7071067811865479,-0.9749279121818236,-0.2225209339563146,405.9122124594624,75.51727721196325,0,0,0,0
2026-05-16 16:00:00,,,,,,,,,1,0,-0.8660254037844385,-0.5000000000000004,-0.9749279121818236,-0.2225209339563146,405.9122124594624,75.51727721196325,0,0,0,0
2026-05-16 17:00:00,,,,,,,,,1,0,-0.9659258262890683,-0.25881904510252063,-0.9749279121818236,-0.2225209339563146,405.9122124594624,75.51727721196325,0,0,0,0
2026-05-16 18:00:00,,,,,,,,,1,0,-1.0,-1.8369701987210297e-16,-0.9749279121818236,-0.2225209339563146,405.9122124594624,75.51727721196325,0,0,0,0
2026-05-16 19:00:00,,,,,,,,,1,0,-0.9659258262890684,0.2588190451025203,-0.9749279121818236,-0.2225209339563146,405.9122124594624,75.51727721196325,0,0,0,0
2026-05-16 20:00:00,,,,,,,,,1,0,-0.8660254037844386,0.5000000000000001,-0.9749279121818236,-0.2225209339563146,405.9122124594624,75.51727721196325,0,0,0,0
2026-05-16 21:00:00,,,,,,,,,1,0,-0.7071067811865477,0.7071067811865474,-0.9749279121818236,-0.2225209339563146,405.9122124594624,75.51727721196325,0,0,0,0
2026-05-16 22:00:00,,,,,,,,,1,0,-0.5000000000000004,0.8660254037844384,-0.9749279121818236,-0.2225209339563146,405.9122124594624,75.51727721196325,0,0,0,0
2026-05-16 23:00:00,,,,,,,,,1,0,-0.25881904510252157,0.9659258262890681,-0.9749279121818236,-0.2225209339563146,405.9122124594624,75.51727721196325,0,0,0,0
2026-05-17 00:00:00,,,,,,,,,1,0,0.0,1.0,-0.7818314824680299,0.6234898018587334,405.9122124594624,75.51727721196325,0,0,0,0
2026-05-17 01:00:00,,,,,,,,,1,0,0.25881904510252074,0.9659258262890683,-0.7818314824680299,0.6234898018587334,405.9122124594624,75.51727721196325,0,0,0,0
2026-05-17 02:00:00,,,,,,,,,1,0,0.49999999999999994,0.8660254037844387,-0.7818314824680299,0.6234898018587334,405.9122124594624,75.51727721196325,0,0,0,0
2026-05-17 03:00:00,,,,,,,,,1,0,0.7071067811865476,0.7071067811865476,-0.7818314824680299,0.6234898018587334,405.9122124594624,75.51727721196325,0,0,0,0
2026-05-17 04:00:00,,,,,,,,,1,0,0.8660254037844386,0.5000000000000001,-0.7818314824680299,0.6234898018587334,405.9122124594624,75.51727721196325,0,0,0,0
2026-05-17 05:00:00,,,,,,,,,1,0,0.9659258262890683,0.25881904510252074,-0.7818314824680299,0.6234898018587334,405.9122124594624,75.51727721196325,0,0,0,0
2026-05-17 06:00:00,,,,,,,,,1,0,1.0,6.123233995736766e-17,-0.7818314824680299,0.6234898018587334,405.9122124594624,75.51727721196325,0,0,0,0
2026-05-17 07:00:00,,,,,,,,,1,0,0.9659258262890683,-0.25881904510252063,-0.7818314824680299,0.6234898018587334,405.9122124594624,75.51727721196325,0,0,0,0
2026-05-17 08:00:00,,,,,,,,,1,0,0.8660254037844387,-0.4999999999999998,-0.7818314824680299,0.6234898018587334,405.9122124594624,75.51727721196325,0,0,0,0
2026-05-17 09:00:00,,,,,,,,,1,0,0.7071067811865476,-0.7071067811865475,-0.7818314824680299,0.6234898018587334,405.9122124594624,75.51727721196325,0,0,0,0
2026-05-17 10:00:00,,,,,,,,,1,0,0.49999999999999994,-0.8660254037844387,-0.7818314824680299,0.6234898018587334,405.9122124594624,75.51727721196325,0,0,0,0
2026-05-17 11:00:00,,,,,,,,,1,0,0.258819045102521,-0.9659258262890682,-0.7818314824680299,0.6234898018587334,405.9122124594624,75.51727721196325,0,0,0,0
2026-05-17 12:00:00,,,,,,,,,1,0,1.2246467991473532e-16,-1.0,-0.7818314824680299,0.6234898018587334,405.9122124594624,75.51727721196325,0,0,0,0
2026-05-17 13:00:00,,,,,,,,,1,0,-0.2588190451025208,-0.9659258262890683,-0.7818314824680299,0.6234898018587334,405.9122124594624,75.51727721196325,0,0,0,0
2026-05-17 14:00:00,,,,,,,,,1,0,-0.4999999999999997,-0.8660254037844388,-0.7818314824680299,0.6234898018587334,405.9122124594624,75.51727721196325,0,0,0,0
2026-05-17 15:00:00,,,,,,,,,1,0,-0.7071067811865471,-0.7071067811865479,-0.7818314824680299,0.6234898018587334,405.9122124594624,75.51727721196325,0,0,0,0
2026-05-17 16:00:00,,,,,,,,,1,0,-0.8660254037844385,-0.5000000000000004,-0.7818314824680299,0.6234898018587334,405.9122124594624,75.51727721196325,0,0,0,0
2026-05-17 17:00:00,,,,,,,,,1,0,-0.9659258262890683,-0.25881904510252063,-0.7818314824680299,0.6234898018587334,405.9122124594624,75.51727721196325,0,0,0,0
2026-05-17 18:00:00,,,,,,,,,1,0,-1.0,-1.8369701987210297e-16,-0.7818314824680299,0.6234898018587334,405.9122124594624,75.51727721196325,0,0,0,0
2026-05-17 19:00:00,,,,,,,,,1,0,-0.9659258262890684,0.2588190451025203,-0.7818314824680299,0.6234898018587334,405.9122124594624,75.51727721196325,0,0,0,0
2026-05-17 20:00:00,,,,,,,,,1,0,-0.8660254037844386,0.5000000000000001,-0.7818314824680299,0.6234898018587334,405.9122124594624,75.51727721196325,0,0,0,0
2026-05-17 21:00:00,,,,,,,,,1,0,-0.7071067811865477,0.7071067811865474,-0.7818314824680299,0.6234898018587334,405.9122124594624,75.51727721196325,0,0,0,0
2026-05-17 22:00:00,,,,,,,,,1,0,-0.5000000000000004,0.8660254037844384,-0.7818314824680299,0.6234898018587334,405.9122124594624,75.51727721196325,0,0,0,0
2026-05-17 23:00:00,,,,,,,,,1,0,-0.25881904510252157,0.9659258262890681,-0.7818314824680299,0.6234898018587334,405.9122124594624,75.51727721196325,0,0,0,0
2026-05-18 00:00:00,,,,,,,,,0,0,0.0,1.0,0.0,1.0,405.9122124594624,75.51727721196325,0,0,0,0
2026-05-18 01:00:00,,,,,,,,,0,0,0.25881904510252074,0.9659258262890683,0.0,1.0,405.9122124594624,75.51727721196325,0,0,0,0
2026-05-18 02:00:00,,,,,,,,,0,0,0.49999999999999994,0.8660254037844387,0.0,1.0,405.9122124594624,75.51727721196325,0,0,0,0
2026-05-18 03:00:00,,,,,,,,,0,0,0.7071067811865476,0.7071067811865476,0.0,1.0,405.9122124594624,75.51727721196325,0,0,0,0
2026-05-18 04:00:00,,,,,,,,,0,0,0.8660254037844386,0.5000000000000001,0.0,1.0,405.9122124594624,75.51727721196325,0,0,0,0
2026-05-18 05:00:00,,,,,,,,,0,0,0.9659258262890683,0.25881904510252074,0.0,1.0,405.9122124594624,75.51727721196325,0,0,0,0
2026-05-18 06:00:00,,,,,,,,,0,0,1.0,6.123233995736766e-17,0.0,1.0,405.9122124594624,75.51727721196325,0,0,0,0
2026-05-18 07:00:00,,,,,,,,,0,1,0.9659258262890683,-0.25881904510252063,0.0,1.0,405.9122124594624,75.51727721196325,0,0,0,0
2026-05-18 08:00:00,,,,,,,,,0,1,0.8660254037844387,-0.4999999999999998,0.0,1.0,405.9122124594624,75.51727721196325,0,0,0,0
2026-05-18 09:00:00,,,,,,,,,0,1,0.7071067811865476,-0.7071067811865475,0.0,1.0,405.9122124594624,75.51727721196325,0,0,0,0
2026-05-18 10:00:00,,,,,,,,,0,1,0.49999999999999994,-0.8660254037844387,0.0,1.0,405.9122124594624,75.51727721196325,0,0,0,0
2026-05-18 11:00:00,2847.0,32.5,0.277,73.76,30.7,62.0,1010.0,3.09,0,0,0.258819045102521,-0.9659258262890682,0.0,1.0,405.9122124594624,76.0,0,1,1,1
2026-05-18 12:00:00,2835.160633484163,32.54321266968326,0.2760475113122172,73.70280542986426,30.699321266968326,61.95475113122172,1009.9932126696832,3.0946380090497736,0,0,1.2246467991473532e-16,-1.0,0.0,1.0,405.9122124594624,75.83710407239819,0,0,0,0
2026-05-18 13:00:00,2823.3212669683257,32.586425339366514,0.2750950226244344,73.6456108597285,30.698642533936653,61.90950226244344,1009.9864253393665,3.0992760180995473,0,0,-0.2588190451025208,-0.9659258262890683,0.0,1.0,405.9122124594624,75.67420814479638,0,0,0,0
2026-05-18 14:00:00,2811.481900452489,32.62963800904977,0.2741425339366516,73.58841628959277,30.697963800904976,61.86425339366516,1009.9796380090497,3.103914027149321,0,0,-0.4999999999999997,-0.8660254037844388,0.0,1.0,405.9122124594624,75.51131221719457,0,0,0,0
2026-05-18 15:00:00,,,0.2731900452488688,73.53122171945702,,,,,0,0,-0.7071067811865471,-0.7071067811865479,0.0,1.0,405.9122124594624,75.34841628959276,0,0,0,0
2026-05-18 16:00:00,,,0.272237556561086,73.47402714932127,,,,,0,0,-0.8660254037844385,-0.5000000000000004,0.0,1.0,405.9122124594624,75.18552036199095,0,0,0,0
2026-05-18 17:00:00,,,0.2712850678733032,73.41683257918554,,,,,0,1,-0.9659258262890683,-0.25881904510252063,0.0,1.0,405.9122124594624,75.02262443438914,0,0,0,0
2026-05-18 18:00:00,,,,,,,,,0,1,-1.0,-1.8369701987210297e-16,0.0,1.0,405.9122124594624,75.51727721196325,0,0,0,0
2026-05-18 19:00:00,,,,,,,,,0,1,-0.9659258262890684,0.2588190451025203,0.0,1.0,405.9122124594624,75.51727721196325,0,0,0,0
2026-05-18 20:00:00,,,,,,,,,0,1,-0.8660254037844386,0.5000000000000001,0.0,1.0,405.9122124594624,75.51727721196325,0,0,0,0
2026-05-18 21:00:00,,,,,,,,,0,0,-0.7071067811865477,0.7071067811865474,0.0,1.0,405.9122124594624,75.51727721196325,0,0,0,0
2026-05-18 22:00:00,,,,,,,,,0,0,-0.5000000000000004,0.8660254037844384,0.0,1.0,405.9122124594624,75.51727721196325,0,0,0,0
2026-05-18 23:00:00,,,,,,,,,0,0,-0.25881904510252157,0.9659258262890681,0.0,1.0,405.9122124594624,75.51727721196325,0,0,0,0
2026-05-19 00:00:00,,,,,,,,,0,0,0.0,1.0,0.7818314824680298,0.6234898018587336,405.9122124594624,75.51727721196325,0,0,0,0
2026-05-19 01:00:00,,,,,,,,,0,0,0.25881904510252074,0.9659258262890683,0.7818314824680298,0.6234898018587336,405.9122124594624,75.51727721196325,0,0,0,0
2026-05-19 02:00:00,,,,,,,,,0,0,0.49999999999999994,0.8660254037844387,0.7818314824680298,0.6234898018587336,405.9122124594624,75.51727721196325,0,0,0,0
2026-05-19 03:00:00,,,,,,,,,0,0,0.7071067811865476,0.7071067811865476,0.7818314824680298,0.6234898018587336,405.9122124594624,75.51727721196325,0,0,0,0
2026-05-19 04:00:00,,,,,,,,,0,0,0.8660254037844386,0.5000000000000001,0.7818314824680298,0.6234898018587336,405.9122124594624,75.51727721196325,0,0,0,0
2026-05-19 05:00:00,,,,,,,,,0,0,0.9659258262890683,0.25881904510252074,0.7818314824680298,0.6234898018587336,405.9122124594624,75.51727721196325,0,0,0,0
2026-05-19 06:00:00,,,,,,,,,0,0,1.0,6.123233995736766e-17,0.7818314824680298,0.6234898018587336,405.9122124594624,75.51727721196325,0,0,0,0
2026-05-19 07:00:00,,,,,,,,,0,1,0.9659258262890683,-0.25881904510252063,0.7818314824680298,0.6234898018587336,405.9122124594624,75.51727721196325,0,0,0,0
2026-05-19 08:00:00,,,,,,,,,0,1,0.8660254037844387,-0.4999999999999998,0.7818314824680298,0.6234898018587336,405.9122124594624,75.51727721196325,0,0,0,0
2026-05-19 09:00:00,,,,,,,,,0,1,0.7071067811865476,-0.7071067811865475,0.7818314824680298,0.6234898018587336,405.9122124594624,75.51727721196325,0,0,0,0
2026-05-19 10:00:00,,,,,,,,,0,1,0.49999999999999994,-0.8660254037844387,0.7818314824680298,0.6234898018587336,405.9122124594624,75.51727721196325,0,0,0,0
2026-05-19 11:00:00,,,,,,,,,0,0,0.258819045102521,-0.9659258262890682,0.7818314824680298,0.6234898018587336,405.9122124594624,75.51727721196325,0,0,0,0
2026-05-19 12:00:00,,,,,,,,,0,0,1.2246467991473532e-16,-1.0,0.7818314824680298,0.6234898018587336,405.9122124594624,75.51727721196325,0,0,0,0
2026-05-19 13:00:00,,,,,,,,,0,0,-0.2588190451025208,-0.9659258262890683,0.7818314824680298,0.6234898018587336,405.9122124594624,75.51727721196325,0,0,0,0
2026-05-19 14:00:00,,,,,,,,,0,0,-0.4999999999999997,-0.8660254037844388,0.7818314824680298,0.6234898018587336,405.9122124594624,75.51727721196325,0,0,0,0
2026-05-19 15:00:00,,,,,,,,,0,0,-0.7071067811865471,-0.7071067811865479,0.7818314824680298,0.6234898018587336,405.9122124594624,75.51727721196325,0,0,0,0
2026-05-19 16:00:00,,,,,,,,,0,0,-0.8660254037844385,-0.5000000000000004,0.7818314824680298,0.6234898018587336,405.9122124594624,75.51727721196325,0,0,0,0
2026-05-19 17:00:00,,,,,,,,,0,1,-0.9659258262890683,-0.25881904510252063,0.7818314824680298,0.6234898018587336,405.9122124594624,75.51727721196325,0,0,0,0
2026-05-19 18:00:00,,,,,,,,,0,1,-1.0,-1.8369701987210297e-16,0.7818314824680298,0.6234898018587336,405.9122124594624,75.51727721196325,0,0,0,0
2026-05-19 19:00:00,,,,,,,,,0,1,-0.9659258262890684,0.2588190451025203,0.7818314824680298,0.6234898018587336,405.9122124594624,75.51727721196325,0,0,0,0
2026-05-19 20:00:00,,,,,,,,,0,1,-0.8660254037844386,0.5000000000000001,0.7818314824680298,0.6234898018587336,405.9122124594624,75.51727721196325,0,0,0,0
2026-05-19 21:00:00,,,,,,,,,0,0,-0.7071067811865477,0.7071067811865474,0.7818314824680298,0.6234898018587336,405.9122124594624,75.51727721196325,0,0,0,0
2026-05-19 22:00:00,,,,,,,,,0,0,-0.5000000000000004,0.8660254037844384,0.7818314824680298,0.6234898018587336,405.9122124594624,75.51727721196325,0,0,0,0
2026-05-19 23:00:00,,,,,,,,,0,0,-0.25881904510252157,0.9659258262890681,0.7818314824680298,0.6234898018587336,405.9122124594624,75.51727721196325,0,0,0,0
2026-05-20 00:00:00,,,,,,,,,0,0,0.0,1.0,0.9749279121818236,-0.22252093395631434,405.9122124594624,75.51727721196325,0,0,0,0
2026-05-20 01:00:00,,,,,,,,,0,0,0.25881904510252074,0.9659258262890683,0.9749279121818236,-0.22252093395631434,405.9122124594624,75.51727721196325,0,0,0,0
2026-05-20 02:00:00,,,,,,,,,0,0,0.49999999999999994,0.8660254037844387,0.9749279121818236,-0.22252093395631434,405.9122124594624,75.51727721196325,0,0,0,0
2026-05-20 03:00:00,,,,,,,,,0,0,0.7071067811865476,0.7071067811865476,0.9749279121818236,-0.22252093395631434,405.9122124594624,75.51727721196325,0,0,0,0
2026-05-20 04:00:00,,,,,,,,,0,0,0.8660254037844386,0.5000000000000001,0.9749279121818236,-0.22252093395631434,405.9122124594624,75.51727721196325,0,0,0,0
2026-05-20 05:00:00,,,,,,,,,0,0,0.9659258262890683,0.25881904510252074,0.9749279121818236,-0.22252093395631434,405.9122124594624,75.51727721196325,0,0,0,0
2026-05-20 06:00:00,,,,,,,,,0,0,1.0,6.123233995736766e-17,0.9749279121818236,-0.22252093395631434,405.9122124594624,75.51727721196325,0,0,0,0
2026-05-20 07:00:00,,,,,,,,,0,1,0.9659258262890683,-0.25881904510252063,0.9749279121818236,-0.22252093395631434,405.9122124594624,75.51727721196325,0,0,0,0
2026-05-20 08:00:00,,,,,,,,,0,1,0.8660254037844387,-0.4999999999999998,0.9749279121818236,-0.22252093395631434,405.9122124594624,75.51727721196325,0,0,0,0
2026-05-20 09:00:00,,,,,,,,,0,1,0.7071067811865476,-0.7071067811865475,0.9749279121818236,-0.22252093395631434,405.9122124594624,75.51727721196325,0,0,0,0
2026-05-20 10:00:00,,,,,,,,,0,1,0.49999999999999994,-0.8660254037844387,0.9749279121818236,-0.22252093395631434,405.9122124594624,75.51727721196325,0,0,0,0
2026-05-20 11:00:00,,,,,,,,,0,0,0.258819045102521,-0.9659258262890682,0.9749279121818236,-0.22252093395631434,405.9122124594624,75.51727721196325,0,0,0,0
2026-05-20 12:00:00,,,,,,,,,0,0,1.2246467991473532e-16,-1.0,0.9749279121818236,-0.22252093395631434,405.9122124594624,75.51727721196325,0,0,0,0
2026-05-20 13:00:00,,,,,,,,,0,0,-0.2588190451025208,-0.9659258262890683,0.9749279121818236,-0.22252093395631434,405.9122124594624,75.51727721196325,0,0,0,0
2026-05-20 14:00:00,,,,,,,,,0,0,-0.4999999999999997,-0.8660254037844388,0.9749279121818236,-0.22252093395631434,405.9122124594624,75.51727721196325,0,0,0,0
2026-05-20 15:00:00,,,,,,,,,0,0,-0.7071067811865471,-0.7071067811865479,0.9749279121818236,-0.22252093395631434,405.9122124594624,75.51727721196325,0,0,0,0
2026-05-20 16:00:00,,,,,,,,,0,0,-0.8660254037844385,-0.5000000000000004,0.9749279121818236,-0.22252093395631434,405.9122124594624,75.51727721196325,0,0,0,0
2026-05-20 17:00:00,,,,,,,,,0,1,-0.9659258262890683,-0.25881904510252063,0.9749279121818236,-0.22252093395631434,405.9122124594624,75.51727721196325,0,0,0,0
2026-05-20 18:00:00,,,,,,,,,0,1,-1.0,-1.8369701987210297e-16,0.9749279121818236,-0.22252093395631434,405.9122124594624,75.51727721196325,0,0,0,0
2026-05-20 19:00:00,,,,,,,,,0,1,-0.9659258262890684,0.2588190451025203,0.9749279121818236,-0.22252093395631434,405.9122124594624,75.51727721196325,0,0,0,0
2026-05-20 20:00:00,,,,,,,,,0,1,-0.8660254037844386,0.5000000000000001,0.9749279121818236,-0.22252093395631434,405.9122124594624,75.51727721196325,0,0,0,0
2026-05-20 21:00:00,,,,,,,,,0,0,-0.7071067811865477,0.7071067811865474,0.9749279121818236,-0.22252093395631434,405.9122124594624,75.51727721196325,0,0,0,0
2026-05-20 22:00:00,,,,,,,,,0,0,-0.5000000000000004,0.8660254037844384,0.9749279121818236,-0.22252093395631434,405.9122124594624,75.51727721196325,0,0,0,0
2026-05-20 23:00:00,,,,,,,,,0,0,-0.25881904510252157,0.9659258262890681,0.9749279121818236,-0.22252093395631434,405.9122124594624,75.51727721196325,0,0,0,0
2026-05-21 00:00:00,,,,,,,,,0,0,0.0,1.0,0.43388373911755823,-0.900968867902419,405.9122124594624,75.51727721196325,0,0,0,0
2026-05-21 01:00:00,,,,,,,,,0,0,0.25881904510252074,0.9659258262890683,0.43388373911755823,-0.900968867902419,405.9122124594624,75.51727721196325,0,0,0,0
2026-05-21 02:00:00,,,,,,,,,0,0,0.49999999999999994,0.8660254037844387,0.43388373911755823,-0.900968867902419,405.9122124594624,75.51727721196325,0,0,0,0
2026-05-21 03:00:00,,,,,,,,,0,0,0.7071067811865476,0.7071067811865476,0.43388373911755823,-0.900968867902419,405.9122124594624,75.51727721196325,0,0,0,0
2026-05-21 04:00:00,,,,,,,,,0,0,0.8660254037844386,0.5000000000000001,0.43388373911755823,-0.900968867902419,405.9122124594624,75.51727721196325,0,0,0,0
2026-05-21 05:00:00,,,,,,,,,0,0,0.9659258262890683,0.25881904510252074,0.43388373911755823,-0.900968867902419,405.9122124594624,75.51727721196325,0,0,0,0
2026-05-21 06:00:00,,,,,,,,,0,0,1.0,6.123233995736766e-17,0.43388373911755823,-0.900968867902419,405.9122124594624,75.51727721196325,0,0,0,0
2026-05-21 07:00:00,,,,,,,,,0,1,0.9659258262890683,-0.25881904510252063,0.43388373911755823,-0.900968867902419,405.9122124594624,75.51727721196325,0,0,0,0
2026-05-21 08:00:00,,,,,,,,,0,1,0.8660254037844387,-0.4999999999999998,0.43388373911755823,-0.900968867902419,405.9122124594624,75.51727721196325,0,0,0,0
2026-05-21 09:00:00,,,,,,,,,0,1,0.7071067811865476,-0.7071067811865475,0.43388373911755823,-0.900968867902419,405.9122124594624,75.51727721196325,0,0,0,0
2026-05-21 10:00:00,,,,,,,,,0,1,0.49999999999999994,-0.8660254037844387,0.43388373911755823,-0.900968867902419,405.9122124594624,75.51727721196325,0,0,0,0
2026-05-21 11:00:00,,,,,,,,,0,0,0.258819045102521,-0.9659258262890682,0.43388373911755823,-0.900968867902419,405.9122124594624,75.51727721196325,0,0,0,0
2026-05-21 12:00:00,,,,,,,,,0,0,1.2246467991473532e-16,-1.0,0.43388373911755823,-0.900968867902419,405.9122124594624,75.51727721196325,0,0,0,0
2026-05-21 13:00:00,,,,,,,,,0,0,-0.2588190451025208,-0.9659258262890683,0.43388373911755823,-0.900968867902419,405.9122124594624,75.51727721196325,0,0,0,0
2026-05-21 14:00:00,,,,,,,,,0,0,-0.4999999999999997,-0.8660254037844388,0.43388373911755823,-0.900968867902419,405.9122124594624,75.51727721196325,0,0,0,0
2026-05-21 15:00:00,,,,,,,,,0,0,-0.7071067811865471,-0.7071067811865479,0.43388373911755823,-0.900968867902419,405.9122124594624,75.51727721196325,0,0,0,0
2026-05-21 16:00:00,,,,,,,,,0,0,-0.8660254037844385,-0.5000000000000004,0.43388373911755823,-0.900968867902419,405.9122124594624,75.51727721196325,0,0,0,0
2026-05-21 17:00:00,,,,,,,,,0,1,-0.9659258262890683,-0.25881904510252063,0.43388373911755823,-0.900968867902419,405.9122124594624,75.51727721196325,0,0,0,0
2026-05-21 18:00:00,,,,,,,,,0,1,-1.0,-1.8369701987210297e-16,0.43388373911755823,-0.900968867902419,405.9122124594624,75.51727721196325,0,0,0,0
2026-05-21 19:00:00,,,,,,,,,0,1,-0.9659258262890684,0.2588190451025203,0.43388373911755823,-0.900968867902419,405.9122124594624,75.51727721196325,0,0,0,0
2026-05-21 20:00:00,,,,,,,,,0,1,-0.8660254037844386,0.5000000000000001,0.43388373911755823,-0.900968867902419,405.9122124594624,75.51727721196325,0,0,0,0
2026-05-21 21:00:00,,,,,,,,,0,0,-0.7071067811865477,0.7071067811865474,0.43388373911755823,-0.900968867902419,405.9122124594624,75.51727721196325,0,0,0,0
2026-05-21 22:00:00,,,,,,,,,0,0,-0.5000000000000004,0.8660254037844384,0.43388373911755823,-0.900968867902419,405.9122124594624,75.51727721196325,0,0,0,0
2026-05-21 23:00:00,,,,,,,,,0,0,-0.25881904510252157,0.9659258262890681,0.43388373911755823,-0.900968867902419,405.9122124594624,75.51727721196325,0,0,0,0
2026-05-22 00:00:00,,,,,,,,,0,0,0.0,1.0,-0.433883739117558,-0.9009688679024191,405.9122124594624,75.51727721196325,0,0,0,0
2026-05-22 01:00:00,,,,,,,,,0,0,0.25881904510252074,0.9659258262890683,-0.433883739117558,-0.9009688679024191,405.9122124594624,75.51727721196325,0,0,0,0
2026-05-22 02:00:00,,,,,,,,,0,0,0.49999999999999994,0.8660254037844387,-0.433883739117558,-0.9009688679024191,405.9122124594624,75.51727721196325,0,0,0,0
2026-05-22 03:00:00,,,,,,,,,0,0,0.7071067811865476,0.7071067811865476,-0.433883739117558,-0.9009688679024191,405.9122124594624,75.51727721196325,0,0,0,0
2026-05-22 04:00:00,,,,,,,,,0,0,0.8660254037844386,0.5000000000000001,-0.433883739117558,-0.9009688679024191,405.9122124594624,75.51727721196325,0,0,0,0
2026-05-22 05:00:00,,,,,,,,,0,0,0.9659258262890683,0.25881904510252074,-0.433883739117558,-0.9009688679024191,405.9122124594624,75.51727721196325,0,0,0,0
2026-05-22 06:00:00,,,,,,,,,0,0,1.0,6.123233995736766e-17,-0.433883739117558,-0.9009688679024191,405.9122124594624,75.51727721196325,0,0,0,0
2026-05-22 07:00:00,,,,,,,,,0,1,0.9659258262890683,-0.25881904510252063,-0.433883739117558,-0.9009688679024191,405.9122124594624,75.51727721196325,0,0,0,0
2026-05-22 08:00:00,,,,,,,,,0,1,0.8660254037844387,-0.4999999999999998,-0.433883739117558,-0.9009688679024191,405.9122124594624,75.51727721196325,0,0,0,0
2026-05-22 09:00:00,,,,,,,,,0,1,0.7071067811865476,-0.7071067811865475,-0.433883739117558,-0.9009688679024191,405.9122124594624,75.51727721196325,0,0,0,0
2026-05-22 10:00:00,,,,,,,,,0,1,0.49999999999999994,-0.8660254037844387,-0.433883739117558,-0.9009688679024191,405.9122124594624,75.51727721196325,0,0,0,0
2026-05-22 11:00:00,,,,,,,,,0,0,0.258819045102521,-0.9659258262890682,-0.433883739117558,-0.9009688679024191,405.9122124594624,75.51727721196325,0,0,0,0
2026-05-22 12:00:00,,,,,,,,,0,0,1.2246467991473532e-16,-1.0,-0.433883739117558,-0.9009688679024191,405.9122124594624,75.51727721196325,0,0,0,0
2026-05-22 13:00:00,,,,,,,,,0,0,-0.2588190451025208,-0.9659258262890683,-0.433883739117558,-0.9009688679024191,405.9122124594624,75.51727721196325,0,0,0,0
2026-05-22 14:00:00,,,,,,,,,0,0,-0.4999999999999997,-0.8660254037844388,-0.433883739117558,-0.9009688679024191,405.9122124594624,75.51727721196325,0,0,0,0
2026-05-22 15:00:00,,,,,,,,,0,0,-0.7071067811865471,-0.7071067811865479,-0.433883739117558,-0.9009688679024191,405.9122124594624,75.51727721196325,0,0,0,0
2026-05-22 16:00:00,,,,,,,,,0,0,-0.8660254037844385,-0.5000000000000004,-0.433883739117558,-0.9009688679024191,405.9122124594624,75.51727721196325,0,0,0,0
2026-05-22 17:00:00,,,,,,,,,0,1,-0.9659258262890683,-0.25881904510252063,-0.433883739117558,-0.9009688679024191,405.9122124594624,75.51727721196325,0,0,0,0
2026-05-22 18:00:00,,,,,,,,,0,1,-1.0,-1.8369701987210297e-16,-0.433883739117558,-0.9009688679024191,405.9122124594624,75.51727721196325,0,0,0,0
2026-05-22 19:00:00,,,,,,,,,0,1,-0.9659258262890684,0.2588190451025203,-0.433883739117558,-0.9009688679024191,405.9122124594624,75.51727721196325,0,0,0,0
2026-05-22 20:00:00,,,,,,,,,0,1,-0.8660254037844386,0.5000000000000001,-0.433883739117558,-0.9009688679024191,405.9122124594624,75.51727721196325,0,0,0,0
2026-05-22 21:00:00,,,,,,,,,0,0,-0.7071067811865477,0.7071067811865474,-0.433883739117558,-0.9009688679024191,405.9122124594624,75.51727721196325,0,0,0,0
2026-05-22 22:00:00,,,,,,,,,0,0,-0.5000000000000004,0.8660254037844384,-0.433883739117558,-0.9009688679024191,405.9122124594624,75.51727721196325,0,0,0,0
2026-05-22 23:00:00,,,,,,,,,0,0,-0.25881904510252157,0.9659258262890681,-0.433883739117558,-0.9009688679024191,405.9122124594624,75.51727721196325,0,0,0,0
2026-05-23 00:00:00,,,,,,,,,1,0,0.0,1.0,-0.9749279121818236,-0.2225209339563146,405.9122124594624,75.51727721196325,0,0,0,0
2026-05-23 01:00:00,,,,,,,,,1,0,0.25881904510252074,0.9659258262890683,-0.9749279121818236,-0.2225209339563146,405.9122124594624,75.51727721196325,0,0,0,0
2026-05-23 02:00:00,,,,,,,,,1,0,0.49999999999999994,0.8660254037844387,-0.9749279121818236,-0.2225209339563146,405.9122124594624,75.51727721196325,0,0,0,0
2026-05-23 03:00:00,,,,,,,,,1,0,0.7071067811865476,0.7071067811865476,-0.9749279121818236,-0.2225209339563146,405.9122124594624,75.51727721196325,0,0,0,0
2026-05-23 04:00:00,,,,,,,,,1,0,0.8660254037844386,0.5000000000000001,-0.9749279121818236,-0.2225209339563146,405.9122124594624,75.51727721196325,0,0,0,0
2026-05-23 05:00:00,,,,,,,,,1,0,0.9659258262890683,0.25881904510252074,-0.9749279121818236,-0.2225209339563146,405.9122124594624,75.51727721196325,0,0,0,0
2026-05-23 06:00:00,,,,,,,,,1,0,1.0,6.123233995736766e-17,-0.9749279121818236,-0.2225209339563146,405.9122124594624,75.51727721196325,0,0,0,0
2026-05-23 07:00:00,,,,,,,,,1,0,0.9659258262890683,-0.25881904510252063,-0.9749279121818236,-0.2225209339563146,405.9122124594624,75.51727721196325,0,0,0,0
2026-05-23 08:00:00,,,,,,,,,1,0,0.8660254037844387,-0.4999999999999998,-0.9749279121818236,-0.2225209339563146,405.9122124594624,75.51727721196325,0,0,0,0
2026-05-23 09:00:00,,,,,,,,,1,0,0.7071067811865476,-0.7071067811865475,-0.9749279121818236,-0.2225209339563146,405.9122124594624,75.51727721196325,0,0,0,0
2026-05-23 10:00:00,,,,,,,,,1,0,0.49999999999999994,-0.8660254037844387,-0.9749279121818236,-0.2225209339563146,405.9122124594624,75.51727721196325,0,0,0,0
2026-05-23 11:00:00,,,,,,,,,1,0,0.258819045102521,-0.9659258262890682,-0.9749279121818236,-0.2225209339563146,405.9122124594624,75.51727721196325,0,0,0,0
2026-05-23 12:00:00,,,,,,,,,1,0,1.2246467991473532e-16,-1.0,-0.9749279121818236,-0.2225209339563146,405.9122124594624,75.51727721196325,0,0,0,0
2026-05-23 13:00:00,,,,,,,,,1,0,-0.2588190451025208,-0.9659258262890683,-0.9749279121818236,-0.2225209339563146,405.9122124594624,75.51727721196325,0,0,0,0
2026-05-23 14:00:00,,,,,,,,,1,0,-0.4999999999999997,-0.8660254037844388,-0.9749279121818236,-0.2225209339563146,405.9122124594624,75.51727721196325,0,0,0,0
2026-05-23 15:00:00,,,,,,,,,1,0,-0.7071067811865471,-0.7071067811865479,-0.9749279121818236,-0.2225209339563146,405.9122124594624,75.51727721196325,0,0,0,0
2026-05-23 16:00:00,,,,,,,,,1,0,-0.8660254037844385,-0.5000000000000004,-0.9749279121818236,-0.2225209339563146,405.9122124594624,75.51727721196325,0,0,0,0
2026-05-23 17:00:00,,,,,,,,,1,0,-0.9659258262890683,-0.25881904510252063,-0.9749279121818236,-0.2225209339563146,405.9122124594624,75.51727721196325,0,0,0,0
2026-05-23 18:00:00,,,,,,,,,1,0,-1.0,-1.8369701987210297e-16,-0.9749279121818236,-0.2225209339563146,405.9122124594624,75.51727721196325,0,0,0,0
2026-05-23 19:00:00,,,,,,,,,1,0,-0.9659258262890684,0.2588190451025203,-0.9749279121818236,-0.2225209339563146,405.9122124594624,75.51727721196325,0,0,0,0
2026-05-23 20:00:00,,,,,,,,,1,0,-0.8660254037844386,0.5000000000000001,-0.9749279121818236,-0.2225209339563146,405.9122124594624,75.51727721196325,0,0,0,0
2026-05-23 21:00:00,,,,,,,,,1,0,-0.7071067811865477,0.7071067811865474,-0.9749279121818236,-0.2225209339563146,405.9122124594624,75.51727721196325,0,0,0,0
2026-05-23 22:00:00,,,,,,,,,1,0,-0.5000000000000004,0.8660254037844384,-0.9749279121818236,-0.2225209339563146,405.9122124594624,75.51727721196325,0,0,0,0
2026-05-23 23:00:00,,,,,,,,,1,0,-0.25881904510252157,0.9659258262890681,-0.9749279121818236,-0.2225209339563146,405.9122124594624,75.51727721196325,0,0,0,0
2026-05-24 00:00:00,,,,,,,,,1,0,0.0,1.0,-0.7818314824680299,0.6234898018587334,405.9122124594624,75.51727721196325,0,0,0,0
2026-05-24 01:00:00,,,,,,,,,1,0,0.25881904510252074,0.9659258262890683,-0.7818314824680299,0.6234898018587334,405.9122124594624,75.51727721196325,0,0,0,0
2026-05-24 02:00:00,,,,,,,,,1,0,0.49999999999999994,0.8660254037844387,-0.7818314824680299,0.6234898018587334,405.9122124594624,75.51727721196325,0,0,0,0
2026-05-24 03:00:00,,,,,,,,,1,0,0.7071067811865476,0.7071067811865476,-0.7818314824680299,0.6234898018587334,405.9122124594624,75.51727721196325,0,0,0,0
2026-05-24 04:00:00,,,,,,,,,1,0,0.8660254037844386,0.5000000000000001,-0.7818314824680299,0.6234898018587334,405.9122124594624,75.51727721196325,0,0,0,0
2026-05-24 05:00:00,,,,,,,,,1,0,0.9659258262890683,0.25881904510252074,-0.7818314824680299,0.6234898018587334,405.9122124594624,75.51727721196325,0,0,0,0
2026-05-24 06:00:00,,,,,,,,,1,0,1.0,6.123233995736766e-17,-0.7818314824680299,0.6234898018587334,405.9122124594624,75.51727721196325,0,0,0,0
2026-05-24 07:00:00,,,,,,,,,1,0,0.9659258262890683,-0.25881904510252063,-0.7818314824680299,0.6234898018587334,405.9122124594624,75.51727721196325,0,0,0,0
2026-05-24 08:00:00,,,,,,,,,1,0,0.8660254037844387,-0.4999999999999998,-0.7818314824680299,0.6234898018587334,405.9122124594624,75.51727721196325,0,0,0,0
2026-05-24 09:00:00,,,,,,,,,1,0,0.7071067811865476,-0.7071067811865475,-0.7818314824680299,0.6234898018587334,405.9122124594624,75.51727721196325,0,0,0,0
2026-05-24 10:00:00,,,,,,,,,1,0,0.49999999999999994,-0.8660254037844387,-0.7818314824680299,0.6234898018587334,405.9122124594624,75.51727721196325,0,0,0,0
2026-05-24 11:00:00,,,,,,,,,1,0,0.258819045102521,-0.9659258262890682,-0.7818314824680299,0.6234898018587334,405.9122124594624,75.51727721196325,0,0,0,0
2026-05-24 12:00:00,,,,,,,,,1,0,1.2246467991473532e-16,-1.0,-0.7818314824680299,0.6234898018587334,405.9122124594624,75.51727721196325,0,0,0,0
2026-05-24 13:00:00,,,,,,,,,1,0,-0.2588190451025208,-0.9659258262890683,-0.7818314824680299,0.6234898018587334,405.9122124594624,75.51727721196325,0,0,0,0
2026-05-24 14:00:00,,,,,,,,,1,0,-0.4999999999999997,-0.8660254037844388,-0.7818314824680299,0.6234898018587334,405.9122124594624,75.51727721196325,0,0,0,0
2026-05-24 15:00:00,,,,,,,,,1,0,-0.7071067811865471,-0.7071067811865479,-0.7818314824680299,0.6234898018587334,405.9122124594624,75.51727721196325,0,0,0,0
2026-05-24 16:00:00,,,,,,,,,1,0,-0.8660254037844385,-0.5000000000000004,-0.7818314824680299,0.6234898018587334,405.9122124594624,75.51727721196325,0,0,0,0
2026-05-24 17:00:00,,,,,,,,,1,0,-0.9659258262890683,-0.25881904510252063,-0.7818314824680299,0.6234898018587334,405.9122124594624,75.51727721196325,0,0,0,0
2026-05-24 18:00:00,,,,,,,,,1,0,-1.0,-1.8369701987210297e-16,-0.7818314824680299,0.6234898018587334,405.9122124594624,75.51727721196325,0,0,0,0
2026-05-24 19:00:00,,,,,,,,,1,0,-0.9659258262890684,0.2588190451025203,-0.7818314824680299,0.6234898018587334,405.9122124594624,75.51727721196325,0,0,0,0
2026-05-24 20:00:00,,,,,,,,,1,0,-0.8660254037844386,0.5000000000000001,-0.7818314824680299,0.6234898018587334,405.9122124594624,75.51727721196325,0,0,0,0
2026-05-24 21:00:00,,,,,,,,,1,0,-0.7071067811865477,0.7071067811865474,-0.7818314824680299,0.6234898018587334,405.9122124594624,75.51727721196325,0,0,0,0
2026-05-24 22:00:00,,,,,,,,,1,0,-0.5000000000000004,0.8660254037844384,-0.7818314824680299,0.6234898018587334,405.9122124594624,75.51727721196325,0,0,0,0
2026-05-24 23:00:00,,,,,,,,,1,0,-0.25881904510252157,0.9659258262890681,-0.7818314824680299,0.6234898018587334,405.9122124594624,75.51727721196325,0,0,0,0
2026-05-25 00:00:00,,,,,,,,,0,0,0.0,1.0,0.0,1.0,405.9122124594624,75.51727721196325,0,0,0,0
2026-05-25 01:00:00,,,,,,,,,0,0,0.25881904510252074,0.9659258262890683,0.0,1.0,405.9122124594624,75.51727721196325,0,0,0,0
2026-05-25 02:00:00,,,,,,,,,0,0,0.49999999999999994,0.8660254037844387,0.0,1.0,405.9122124594624,75.51727721196325,0,0,0,0
2026-05-25 03:00:00,,,,,,,,,0,0,0.7071067811865476,0.7071067811865476,0.0,1.0,405.9122124594624,75.51727721196325,0,0,0,0
2026-05-25 04:00:00,,,,,,,,,0,0,0.8660254037844386,0.5000000000000001,0.0,1.0,405.9122124594624,75.51727721196325,0,0,0,0
2026-05-25 05:00:00,,,,,,,,,0,0,0.9659258262890683,0.25881904510252074,0.0,1.0,405.9122124594624,75.51727721196325,0,0,0,0
2026-05-25 06:00:00,,,,,,,,,0,0,1.0,6.123233995736766e-17,0.0,1.0,405.9122124594624,75.51727721196325,0,0,0,0
2026-05-25 07:00:00,,,,,,,,,0,1,0.9659258262890683,-0.25881904510252063,0.0,1.0,405.9122124594624,75.51727721196325,0,0,0,0
2026-05-25 08:00:00,,,,,,,,,0,1,0.8660254037844387,-0.4999999999999998,0.0,1.0,405.9122124594624,75.51727721196325,0,0,0,0
2026-05-25 09:00:00,,,,,,,,,0,1,0.7071067811865476,-0.7071067811865475,0.0,1.0,405.9122124594624,75.51727721196325,0,0,0,0
2026-05-25 10:00:00,,,,,,,,,0,1,0.49999999999999994,-0.8660254037844387,0.0,1.0,405.9122124594624,75.51727721196325,0,0,0,0
2026-05-25 11:00:00,,,,,,,,,0,0,0.258819045102521,-0.9659258262890682,0.0,1.0,405.9122124594624,75.51727721196325,0,0,0,0
2026-05-25 12:00:00,,,,,,,,,0,0,1.2246467991473532e-16,-1.0,0.0,1.0,405.9122124594624,75.51727721196325,0,0,0,0
2026-05-25 13:00:00,,,,,,,,,0,0,-0.2588190451025208,-0.9659258262890683,0.0,1.0,405.9122124594624,75.51727721196325,0,0,0,0
2026-05-25 14:00:00,,,,,,,,,0,0,-0.4999999999999997,-0.8660254037844388,0.0,1.0,405.9122124594624,75.51727721196325,0,0,0,0
2026-05-25 15:00:00,,,,,,,,,0,0,-0.7071067811865471,-0.7071067811865479,0.0,1.0,405.9122124594624,75.51727721196325,0,0,0,0
2026-05-25 16:00:00,,,,,,,,,0,0,-0.8660254037844385,-0.5000000000000004,0.0,1.0,405.9122124594624,75.51727721196325,0,0,0,0
2026-05-25 17:00:00,,,,,,,,,0,1,-0.9659258262890683,-0.25881904510252063,0.0,1.0,405.9122124594624,75.51727721196325,0,0,0,0
2026-05-25 18:00:00,,,,,,,,,0,1,-1.0,-1.8369701987210297e-16,0.0,1.0,405.9122124594624,75.51727721196325,0,0,0,0
2026-05-25 19:00:00,,,,,,,,,0,1,-0.9659258262890684,0.2588190451025203,0.0,1.0,405.9122124594624,75.51727721196325,0,0,0,0
2026-05-25 20:00:00,,,,,,,,,0,1,-0.8660254037844386,0.5000000000000001,0.0,1.0,405.9122124594624,75.51727721196325,0,0,0,0
2026-05-25 21:00:00,,,,,,,,,0,0,-0.7071067811865477,0.7071067811865474,0.0,1.0,405.9122124594624,75.51727721196325,0,0,0,0
2026-05-25 22:00:00,,,,,,,,,0,0,-0.5000000000000004,0.8660254037844384,0.0,1.0,405.9122124594624,75.51727721196325,0,0,0,0
2026-05-25 23:00:00,,,,,,,,,0,0,-0.25881904510252157,0.9659258262890681,0.0,1.0,405.9122124594624,75.51727721196325,0,0,0,0
2026-05-26 00:00:00,,,,,,,,,0,0,0.0,1.0,0.7818314824680298,0.6234898018587336,405.9122124594624,75.51727721196325,0,0,0,0
2026-05-26 01:00:00,,,,,,,,,0,0,0.25881904510252074,0.9659258262890683,0.7818314824680298,0.6234898018587336,405.9122124594624,75.51727721196325,0,0,0,0
2026-05-26 02:00:00,,,,,,,,,0,0,0.49999999999999994,0.8660254037844387,0.7818314824680298,0.6234898018587336,405.9122124594624,75.51727721196325,0,0,0,0
2026-05-26 03:00:00,,,,,,,,,0,0,0.7071067811865476,0.7071067811865476,0.7818314824680298,0.6234898018587336,405.9122124594624,75.51727721196325,0,0,0,0
2026-05-26 04:00:00,,,,,,,,,0,0,0.8660254037844386,0.5000000000000001,0.7818314824680298,0.6234898018587336,405.9122124594624,75.51727721196325,0,0,0,0
2026-05-26 05:00:00,,,,,,,,,0,0,0.9659258262890683,0.25881904510252074,0.7818314824680298,0.6234898018587336,405.9122124594624,75.51727721196325,0,0,0,0
2026-05-26 06:00:00,,,,,,,,,0,0,1.0,6.123233995736766e-17,0.7818314824680298,0.6234898018587336,405.9122124594624,75.51727721196325,0,0,0,0
2026-05-26 07:00:00,,,,,,,,,0,1,0.9659258262890683,-0.25881904510252063,0.7818314824680298,0.6234898018587336,405.9122124594624,75.51727721196325,0,0,0,0
2026-05-26 08:00:00,,,,,,,,,0,1,0.8660254037844387,-0.4999999999999998,0.7818314824680298,0.6234898018587336,405.9122124594624,75.51727721196325,0,0,0,0
2026-05-26 09:00:00,,,,,,,,,0,1,0.7071067811865476,-0.7071067811865475,0.7818314824680298,0.6234898018587336,405.9122124594624,75.51727721196325,0,0,0,0
2026-05-26 10:00:00,,,,,,,,,0,1,0.49999999999999994,-0.8660254037844387,0.7818314824680298,0.6234898018587336,405.9122124594624,75.51727721196325,0,0,0,0
2026-05-26 11:00:00,,,,,,,,,0,0,0.258819045102521,-0.9659258262890682,0.7818314824680298,0.6234898018587336,405.9122124594624,75.51727721196325,0,0,0,0
2026-05-26 12:00:00,,,,,,,,,0,0,1.2246467991473532e-16,-1.0,0.7818314824680298,0.6234898018587336,405.9122124594624,75.51727721196325,0,0,0,0
2026-05-26 13:00:00,,,,,,,,,0,0,-0.2588190451025208,-0.9659258262890683,0.7818314824680298,0.6234898018587336,405.9122124594624,75.51727721196325,0,0,0,0
2026-05-26 14:00:00,,,,,,,,,0,0,-0.4999999999999997,-0.8660254037844388,0.7818314824680298,0.6234898018587336,405.9122124594624,75.51727721196325,0,0,0,0
2026-05-26 15:00:00,,,,,,,,,0,0,-0.7071067811865471,-0.7071067811865479,0.7818314824680298,0.6234898018587336,405.9122124594624,75.51727721196325,0,0,0,0
2026-05-26 16:00:00,,,,,,,,,0,0,-0.8660254037844385,-0.5000000000000004,0.7818314824680298,0.6234898018587336,405.9122124594624,75.51727721196325,0,0,0,0
2026-05-26 17:00:00,,,,,,,,,0,1,-0.9659258262890683,-0.25881904510252063,0.7818314824680298,0.6234898018587336,405.9122124594624,75.51727721196325,0,0,0,0
2026-05-26 18:00:00,,,,,,,,,0,1,-1.0,-1.8369701987210297e-16,0.7818314824680298,0.6234898018587336,405.9122124594624,75.51727721196325,0,0,0,0
2026-05-26 19:00:00,,,,,,,,,0,1,-0.9659258262890684,0.2588190451025203,0.7818314824680298,0.6234898018587336,405.9122124594624,75.51727721196325,0,0,0,0
2026-05-26 20:00:00,,,,,,,,,0,1,-0.8660254037844386,0.5000000000000001,0.7818314824680298,0.6234898018587336,405.9122124594624,75.51727721196325,0,0,0,0
2026-05-26 21:00:00,,,,,,,,,0,0,-0.7071067811865477,0.7071067811865474,0.7818314824680298,0.6234898018587336,405.9122124594624,75.51727721196325,0,0,0,0
2026-05-26 22:00:00,,,,,,,,,0,0,-0.5000000000000004,0.8660254037844384,0.7818314824680298,0.6234898018587336,405.9122124594624,75.51727721196325,0,0,0,0
2026-05-26 23:00:00,,,,,,,,,0,0,-0.25881904510252157,0.9659258262890681,0.7818314824680298,0.6234898018587336,405.9122124594624,75.51727721196325,0,0,0,0
2026-05-27 00:00:00,,,,,,,,,0,0,0.0,1.0,0.9749279121818236,-0.22252093395631434,405.9122124594624,75.51727721196325,0,0,0,0
2026-05-27 01:00:00,,,,,,,,,0,0,0.25881904510252074,0.9659258262890683,0.9749279121818236,-0.22252093395631434,405.9122124594624,75.51727721196325,0,0,0,0
2026-05-27 02:00:00,,,,,,,,,0,0,0.49999999999999994,0.8660254037844387,0.9749279121818236,-0.22252093395631434,405.9122124594624,75.51727721196325,0,0,0,0
2026-05-27 03:00:00,,,,,,,,,0,0,0.7071067811865476,0.7071067811865476,0.9749279121818236,-0.22252093395631434,405.9122124594624,75.51727721196325,0,0,0,0
2026-05-27 04:00:00,,,,,,,,,0,0,0.8660254037844386,0.5000000000000001,0.9749279121818236,-0.22252093395631434,405.9122124594624,75.51727721196325,0,0,0,0
2026-05-27 05:00:00,,,,,,,,,0,0,0.9659258262890683,0.25881904510252074,0.9749279121818236,-0.22252093395631434,405.9122124594624,75.51727721196325,0,0,0,0
2026-05-27 06:00:00,,,,,,,,,0,0,1.0,6.123233995736766e-17,0.9749279121818236,-0.22252093395631434,405.9122124594624,75.51727721196325,0,0,0,0
2026-05-27 07:00:00,,,,,,,,,0,1,0.9659258262890683,-0.25881904510252063,0.9749279121818236,-0.22252093395631434,405.9122124594624,75.51727721196325,0,0,0,0
2026-05-27 08:00:00,,,,,,,,,0,1,0.8660254037844387,-0.4999999999999998,0.9749279121818236,-0.22252093395631434,405.9122124594624,75.51727721196325,0,0,0,0
2026-05-27 09:00:00,,,,,,,,,0,1,0.7071067811865476,-0.7071067811865475,0.9749279121818236,-0.22252093395631434,405.9122124594624,75.51727721196325,0,0,0,0
2026-05-27 10:00:00,,,,,,,,,0,1,0.49999999999999994,-0.8660254037844387,0.9749279121818236,-0.22252093395631434,405.9122124594624,75.51727721196325,0,0,0,0
2026-05-27 11:00:00,,,,,,,,,0,0,0.258819045102521,-0.9659258262890682,0.9749279121818236,-0.22252093395631434,405.9122124594624,75.51727721196325,0,0,0,0
2026-05-27 12:00:00,,,,,,,,,0,0,1.2246467991473532e-16,-1.0,0.9749279121818236,-0.22252093395631434,405.9122124594624,75.51727721196325,0,0,0,0
2026-05-27 13:00:00,,,,,,,,,0,0,-0.2588190451025208,-0.9659258262890683,0.9749279121818236,-0.22252093395631434,405.9122124594624,75.51727721196325,0,0,0,0
2026-05-27 14:00:00,,,,,,,,,0,0,-0.4999999999999997,-0.8660254037844388,0.9749279121818236,-0.22252093395631434,405.9122124594624,75.51727721196325,0,0,0,0
2026-05-27 15:00:00,,,,,,,,,0,0,-0.7071067811865471,-0.7071067811865479,0.9749279121818236,-0.22252093395631434,405.9122124594624,75.51727721196325,0,0,0,0
2026-05-27 16:00:00,230.5,42.05,0.0665,61.120000000000005,30.55,52.0,1008.5,4.115,0,0,-0.8660254037844385,-0.5000000000000004,0.9749279121818236,-0.22252093395631434,408.37,40.0,1,1,1,1
2026-05-27 17:00:00,3307.0,25.9,0.4245,74.86,30.4,53.0,1009.5,4.08,0,1,-0.9659258262890683,-0.25881904510252063,0.9749279121818236,-0.22252093395631434,408.33500000000004,41.0,1,1,1,1
2026-05-27 18:00:00,6610.0,14.75,0.6725,83.58500000000001,29.85,57.0,1009.5,3.86,0,1,-1.0,-1.8369701987210297e-16,0.9749279121818236,-0.22252093395631434,408.37,40.0,1,1,1,1
2026-05-27 19:00:00,3358.5,28.0,0.378,75.11500000000001,29.1,61.0,1011.0,2.3049999999999997,0,1,-0.9659258262890684,0.2588190451025203,0.9749279121818236,-0.22252093395631434,408.37,32.0,1,1,1,1
2026-05-27 20:00:00,6457.0,13.2,0.7065,83.75,27.25,69.5,1012.0,2.06,0,1,-0.8660254037844386,0.5000000000000001,0.9749279121818236,-0.22252093395631434,406.21,38.0,1,1,1,1
2026-05-27 21:00:00,1164.0,32.25,0.284,68.235,25.9,74.0,1014.0,1.03,0,0,-0.7071067811865477,0.7071067811865474,0.9749279121818236,-0.22252093395631434,408.37,37.0,1,1,1,1
2026-05-27 22:00:00,1780.5,41.15,0.086,70.185,25.549999999999997,76.0,1013.5,1.03,0,0,-0.5000000000000004,0.8660254037844384,0.9749279121818236,-0.22252093395631434,407.56,40.0,1,1,1,1
2026-05-27 23:00:00,447.5,37.900000000000006,0.158,64.515,24.6,77.5,1013.0,1.03,0,0,-0.25881904510252157,0.9659258262890681,0.9749279121818236,-0.22252093395631434,407.29,44.0,1,1,1,1
2026-05-28 00:00:00,514.5,40.6,0.09749999999999999,64.745,23.95,83.0,1012.0,1.545,0,0,0.0,1.0,0.43388373911755823,-0.900968867902419,407.56,49.0,1,1,1,1
2026-05-28 01:00:00,624.5,40.150000000000006,0.10750000000000001,65.82,23.6,87.0,1013.0,2.06,0,0,0.25881904510252074,0.9659258262890683,0.43388373911755823,-0.900968867902419,406.07,40.0,1,1,1,1
2026-05-28 02:00:00,375.5,37.2,0.1725,63.055,23.1,88.0,1012.5,2.06,0,0,0.49999999999999994,0.8660254037844387,0.43388373911755823,-0.900968867902419,403.24,32.0,1,1,1,1
2026-05-28 03:00:00,309.0,40.05,0.109,62.175,23.1,89.0,1012.5,2.06,0,0,0.7071067811865476,0.7071067811865476,0.43388373911755823,-0.900968867902419,402.36,24.0,1,1,1,1
2026-05-28 04:00:00,249.0,43.85,0.0275,62.205,22.8,90.0,1012.5,4.12,0,0,0.8660254037844386,0.5000000000000001,0.43388373911755823,-0.900968867902419,402.16,22.0,1,1,1,1
2026-05-28 05:00:00,403.5,40.3,0.104,63.855000000000004,22.9,91.0,1013.0,3.605,0,0,0.9659258262890683,0.25881904510252074,0.43388373911755823,-0.900968867902419,402.36,21.0,1,1,1,1
2026-05-28 06:00:00,1903.0,42.25,0.0605,70.275,22.6,91.0,1013.5,4.12,0,0,1.0,6.123233995736766e-17,0.43388373911755823,-0.900968867902419,402.02,28.0,1,1,1,1
2026-05-28 07:00:00,355.0,40.4,0.1125,67.45500000000001,23.049999999999997,89.0,1014.5,4.12,0,1,0.9659258262890683,-0.25881904510252063,0.43388373911755823,-0.900968867902419,405.4,31.0,1,1,1,1
2026-05-28 08:00:00,6297.5,18.65,0.585,82.675,24.450000000000003,84.0,1014.5,5.4,0,1,0.8660254037844387,-0.4999999999999998,0.43388373911755823,-0.900968867902419,404.05,22.0,1,1,1,1
2026-05-28 09:00:00,6545.0,15.399999999999999,0.657,83.41499999999999,26.5,74.0,1014.0,5.654999999999999,0,1,0.7071067811865476,-0.7071067811865475,0.43388373911755823,-0.900968867902419,406.75,30.0,1,1,1,1
2026-05-28 10:00:00,3409.5,27.25,0.395,74.685,28.8,64.0,1014.0,5.4,0,1,0.49999999999999994,-0.8660254037844387,0.43388373911755823,-0.900968867902419,403.78,31.0,1,1,1,1
2026-05-28 11:00:00,1400.5,36.9,0.179,65.75,29.5,61.5,1013.5,5.915,0,0,0.258819045102521,-0.9659258262890682,0.43388373911755823,-0.900968867902419,404.45000000000005,31.0,1,1,1,1
2026-05-28 12:00:00,2435.5,30.4,0.324,73.455,30.2,58.5,1012.5,4.63,0,0,1.2246467991473532e-16,-1.0,0.43388373911755823,-0.900968867902419,404.65999999999997,42.5,1,1,1,1
2026-05-28 13:00:00,2371.0,31.6,0.299,73.145,30.6,57.0,1011.0,4.12,0,0,-0.2588190451025208,-0.9659258262890683,0.43388373911755823,-0.900968867902419,404.05,33.0,1,1,1,1
2026-05-28 14:00:00,2836.0,25.8,0.427,74.94,31.6,52.0,1009.0,5.14,0,0,-0.4999999999999997,-0.8660254037844388,0.43388373911755823,-0.900968867902419,404.05,33.0,1,1,1,1
2026-05-28 15:00:00,2979.375,26.975,0.40075,74.515,31.4375,52.25,1009.25,4.305,0,0,-0.7071067811865471,-0.7071067811865479,0.43388373911755823,-0.900968867902419,404.05,29.0,0,0,0,0
2026-05-28 16:00:00,3122.75,28.15,0.3745,74.09,31.275,52.5,1009.5,3.4699999999999998,0,0,-0.8660254037844385,-0.5000000000000004,0.43388373911755823,-0.900968867902419,404.05,25.0,0,0,0,0
2026-05-28 17:00:00,3266.125,29.325,0.34825,73.665,31.1125,52.75,1009.75,2.635,0,1,-0.9659258262890683,-0.25881904510252063,0.43388373911755823,-0.900968867902419,404.05,21.0,0,0,0,0
2026-05-28 18:00:00,3409.5,30.5,0.322,73.24000000000001,30.95,53.0,1010.0,1.7999999999999998,0,1,-1.0,-1.8369701987210297e-16,0.43388373911755823,-0.900968867902419,404.05,17.0,1,1,1,1
2026-05-28 19:00:00,309.0,41.3,0.0825,65.455,29.65,57.5,1010.5,2.83,0,1,-0.9659258262890684,0.2588190451025203,0.43388373911755823,-0.900968867902419,404.05,33.0,1,1,1,1
2026-05-28 20:00:00,361.0,38.05,0.15425,65.2125,26.275,65.25,1012.75,2.96,0,1,-0.8660254037844386,0.5000000000000001,0.43388373911755823,-0.900968867902419,403.375,32.8,0,0,0,0
2026-05-28 21:00:00,413.0,34.8,0.226,64.97,22.9,73.0,1015.0,3.09,0,0,-0.7071067811865477,0.7071067811865474,0.43388373911755823,-0.900968867902419,402.7,32.6,1,0,1,1
2026-05-28 22:00:00,1058.5,37.4,0.16949999999999998,66.205,24.6,80.5,1014.5,5.145,0,0,-0.5000000000000004,0.8660254037844384,0.43388373911755823,-0.900968867902419,407.28,32.4,1,0,1,1
2026-05-28 23:00:00,477.0,36.65,0.186,65.275,24.0,82.0,1014.5,3.3449999999999998,0,0,-0.25881904510252157,0.9659258262890681,0.43388373911755823,-0.900968867902419,401.35,32.2,1,0,1,1
2026-05-29 00:00:00,627.0,36.5,0.1885,66.47999999999999,22.15,91.0,1013.5,3.085,0,0,0.0,1.0,-0.433883739117558,-0.9009688679024191,401.35,32.0,1,0,1,1
2026-05-29 01:00:00,666.0,42.5,0.056,65.68,23.3,88.0,1013.0,4.12,0,0,0.25881904510252074,0.9659258262890683,-0.433883739117558,-0.9009688679024191,403.51,31.8,1,0,1,1
2026-05-29 02:00:00,659.2051282051282,42.46410256410256,0.05676923076923077,65.6297435897436,23.5,87.1025641025641,1012.8974358974359,4.133076923076923,0,0,0.49999999999999994,0.8660254037844387,-0.433883739117558,-0.9009688679024191,403.6530769230769,75.51727721196325,0,0,0,0
2026-05-29 03:00:00,652.4102564102565,42.42820512820513,0.05753846153846154,65.57948717948719,23.7,86.2051282051282,1012.7948717948718,4.1461538461538465,0,0,0.7071067811865476,0.7071067811865476,-0.433883739117558,-0.9009688679024191,403.79615384615386,75.51727721196325,0,0,0,0
2026-05-29 04:00:00,645.6153846153846,42.39230769230769,0.05830769230769231,65.52923076923078,23.900000000000002,85.3076923076923,1012.6923076923077,4.15923076923077,0,0,0.8660254037844386,0.5000000000000001,-0.433883739117558,-0.9009688679024191,403.93923076923073,75.51727721196325,0,0,0,0
2026-05-29 05:00:00,,,0.05907692307692308,65.47897435897437,,,,,0,0,0.9659258262890683,0.25881904510252074,-0.433883739117558,-0.9009688679024191,404.08230769230767,75.51727721196325,0,0,0,0
2026-05-29 06:00:00,,,0.05984615384615385,65.42871794871796,,,,,0,0,1.0,6.123233995736766e-17,-0.433883739117558,-0.9009688679024191,404.2253846153846,75.51727721196325,0,0,0,0
2026-05-29 07:00:00,,,0.06061538461538462,65.37846153846155,,,,,0,1,0.9659258262890683,-0.25881904510252063,-0.433883739117558,-0.9009688679024191,404.3684615384615,75.51727721196325,0,0,0,0
2026-05-29 08:00:00,,,,,,,,,0,1,0.8660254037844387,-0.4999999999999998,-0.433883739117558,-0.9009688679024191,404.5115384615384,75.51727721196325,0,0,0,0
2026-05-29 09:00:00,,,,,,,,,0,1,0.7071067811865476,-0.7071067811865475,-0.433883739117558,-0.9009688679024191,404.65461538461534,75.51727721196325,0,0,0,0
2026-05-29 10:00:00,,,,,,,,,0,1,0.49999999999999994,-0.8660254037844387,-0.433883739117558,-0.9009688679024191,404.7976923076923,75.51727721196325,0,0,0,0
2026-05-29 11:00:00,,,,,,,,,0,0,0.258819045102521,-0.9659258262890682,-0.433883739117558,-0.9009688679024191,405.9122124594624,75.51727721196325,0,0,0,0
2026-05-29 12:00:00,,,,,,,,,0,0,1.2246467991473532e-16,-1.0,-0.433883739117558,-0.9009688679024191,405.9122124594624,75.51727721196325,0,0,0,0
2026-05-29 13:00:00,,,,,,,,,0,0,-0.2588190451025208,-0.9659258262890683,-0.433883739117558,-0.9009688679024191,405.9122124594624,75.51727721196325,0,0,0,0
2026-05-29 14:00:00,,,,,,,,,0,0,-0.4999999999999997,-0.8660254037844388,-0.433883739117558,-0.9009688679024191,405.9122124594624,75.51727721196325,0,0,0,0
2026-05-29 15:00:00,,,,,,,,,0,0,-0.7071067811865471,-0.7071067811865479,-0.433883739117558,-0.9009688679024191,405.9122124594624,75.51727721196325,0,0,0,0
2026-05-29 16:00:00,,,,,,,,,0,0,-0.8660254037844385,-0.5000000000000004,-0.433883739117558,-0.9009688679024191,405.9122124594624,75.51727721196325,0,0,0,0
2026-05-29 17:00:00,,,,,,,,,0,1,-0.9659258262890683,-0.25881904510252063,-0.433883739117558,-0.9009688679024191,405.9122124594624,75.51727721196325,0,0,0,0
2026-05-29 18:00:00,,,,,,,,,0,1,-1.0,-1.8369701987210297e-16,-0.433883739117558,-0.9009688679024191,405.9122124594624,75.51727721196325,0,0,0,0
2026-05-29 19:00:00,,,,,,,,,0,1,-0.9659258262890684,0.2588190451025203,-0.433883739117558,-0.9009688679024191,405.9122124594624,75.51727721196325,0,0,0,0
2026-05-29 20:00:00,,,,,,,,,0,1,-0.8660254037844386,0.5000000000000001,-0.433883739117558,-0.9009688679024191,405.9122124594624,75.51727721196325,0,0,0,0
2026-05-29 21:00:00,,,,,,,,,0,0,-0.7071067811865477,0.7071067811865474,-0.433883739117558,-0.9009688679024191,405.9122124594624,75.51727721196325,0,0,0,0
2026-05-29 22:00:00,,,,,,,,,0,0,-0.5000000000000004,0.8660254037844384,-0.433883739117558,-0.9009688679024191,405.9122124594624,75.51727721196325,0,0,0,0
2026-05-29 23:00:00,,,,,,,,,0,0,-0.25881904510252157,0.9659258262890681,-0.433883739117558,-0.9009688679024191,405.9122124594624,75.51727721196325,0,0,0,0
2026-05-30 00:00:00,,,,,,,,,1,0,0.0,1.0,-0.9749279121818236,-0.2225209339563146,405.9122124594624,75.51727721196325,0,0,0,0
2026-05-30 01:00:00,,,,,,,,,1,0,0.25881904510252074,0.9659258262890683,-0.9749279121818236,-0.2225209339563146,405.9122124594624,75.51727721196325,0,0,0,0
2026-05-30 02:00:00,,,,,,,,,1,0,0.49999999999999994,0.8660254037844387,-0.9749279121818236,-0.2225209339563146,405.9122124594624,75.51727721196325,0,0,0,0
2026-05-30 03:00:00,,,,,,,,,1,0,0.7071067811865476,0.7071067811865476,-0.9749279121818236,-0.2225209339563146,405.9122124594624,75.51727721196325,0,0,0,0
2026-05-30 04:00:00,,,,,,,,,1,0,0.8660254037844386,0.5000000000000001,-0.9749279121818236,-0.2225209339563146,405.9122124594624,75.51727721196325,0,0,0,0
2026-05-30 05:00:00,,,,,,,,,1,0,0.9659258262890683,0.25881904510252074,-0.9749279121818236,-0.2225209339563146,405.9122124594624,75.51727721196325,0,0,0,0
2026-05-30 06:00:00,,,,,,,,,1,0,1.0,6.123233995736766e-17,-0.9749279121818236,-0.2225209339563146,405.9122124594624,75.51727721196325,0,0,0,0
2026-05-30 07:00:00,,,,,,,,,1,0,0.9659258262890683,-0.25881904510252063,-0.9749279121818236,-0.2225209339563146,405.9122124594624,75.51727721196325,0,0,0,0
2026-05-30 08:00:00,,,,,,,,,1,0,0.8660254037844387,-0.4999999999999998,-0.9749279121818236,-0.2225209339563146,405.9122124594624,75.51727721196325,0,0,0,0
2026-05-30 09:00:00,,,,,,,,,1,0,0.7071067811865476,-0.7071067811865475,-0.9749279121818236,-0.2225209339563146,405.9122124594624,75.51727721196325,0,0,0,0
2026-05-30 10:00:00,,,,,,,,,1,0,0.49999999999999994,-0.8660254037844387,-0.9749279121818236,-0.2225209339563146,405.9122124594624,75.51727721196325,0,0,0,0
2026-05-30 11:00:00,,,,,,,,,1,0,0.258819045102521,-0.9659258262890682,-0.9749279121818236,-0.2225209339563146,405.9122124594624,75.51727721196325,0,0,0,0
2026-05-30 12:00:00,,,,,,,,,1,0,1.2246467991473532e-16,-1.0,-0.9749279121818236,-0.2225209339563146,405.9122124594624,75.51727721196325,0,0,0,0
2026-05-30 13:00:00,,,,,,,,,1,0,-0.2588190451025208,-0.9659258262890683,-0.9749279121818236,-0.2225209339563146,405.9122124594624,75.51727721196325,0,0,0,0
2026-05-30 14:00:00,,,,,,,,,1,0,-0.4999999999999997,-0.8660254037844388,-0.9749279121818236,-0.2225209339563146,405.9122124594624,75.51727721196325,0,0,0,0
2026-05-30 15:00:00,,,,,,,,,1,0,-0.7071067811865471,-0.7071067811865479,-0.9749279121818236,-0.2225209339563146,405.9122124594624,75.51727721196325,0,0,0,0
2026-05-30 16:00:00,401.0,41.1,0.086,63.72,31.1,53.0,1009.0,4.63,1,0,-0.8660254037844385,-0.5000000000000004,-0.9749279121818236,-0.2225209339563146,409.09,24.0,1,1,1,1
2026-05-30 17:00:00,587.5,37.15,0.175,64.05,27.8,62.5,1008.5,3.8549999999999995,1,0,-0.9659258262890683,-0.25881904510252063,-0.9749279121818236,-0.2225209339563146,407.1,19.5,1,1,1,1
2026-05-30 18:00:00,333.5,37.55,0.1645,63.455,25.4,74.0,1010.0,4.12,1,0,-1.0,-1.8369701987210297e-16,-0.9749279121818236,-0.2225209339563146,407.1,22.5,1,1,1,1
2026-05-30 19:00:00,647.5,40.5,0.1005,64.1,24.0,80.5,1011.5,1.8,1,0,-0.9659258262890684,0.2588190451025203,-0.9749279121818236,-0.2225209339563146,407.1,22.5,1,1,1,1
2026-05-30 20:00:00,673.0,39.3,0.1265,66.28999999999999,23.4,85.0,1014.0,2.06,1,0,-0.8660254037844386,0.5000000000000001,-0.9749279121818236,-0.2225209339563146,408.53,24.0,1,1,1,1
2026-05-30 21:00:00,846.0,42.1,0.064,66.775,22.9,87.0,1014.0,3.6,1,0,-0.7071067811865477,0.7071067811865474,-0.9749279121818236,-0.2225209339563146,405.67,21.0,1,1,1,1
2026-05-30 22:00:00,368.0,39.150000000000006,0.1295,63.599999999999994,22.75,87.0,1014.5,2.57,1,0,-0.5000000000000004,0.8660254037844384,-0.9749279121818236,-0.2225209339563146,407.1,22.5,1,1,1,1
2026-05-30 23:00:00,186.5,38.400000000000006,0.14700000000000002,60.745000000000005,22.5,87.0,1014.0,2.83,1,0,-0.25881904510252157,0.9659258262890681,-0.9749279121818236,-0.2225209339563146,407.1,19.5,1,1,1,1
2026-05-31 00:00:00,871.0,36.5,0.1885,67.905,22.200000000000003,88.0,1012.5,3.09,1,0,0.0,1.0,-0.7818314824680299,0.6234898018587334,407.1,19.597014925373134,1,0,1,1
2026-05-31 01:00:00,466.0,38.099999999999994,0.15300000000000002,63.620000000000005,22.5,84.5,1012.0,3.3449999999999998,1,0,0.25881904510252074,0.9659258262890683,-0.7818314824680299,0.6234898018587334,401.35,19.69402985074627,1,0,1,1
2026-05-31 02:00:00,402.0,39.7,0.118,62.915,22.5,83.5,1011.5,2.83,1,0,0.49999999999999994,0.8660254037844387,-0.7818314824680299,0.6234898018587334,410.8,19.791044776119403,1,0,1,1
2026-05-31 03:00:00,800.0,40.45,0.1015,66.67500000000001,22.35,86.5,1011.5,2.57,1,0,0.7071067811865476,0.7071067811865476,-0.7818314824680299,0.6234898018587334,410.8,19.888059701492537,1,0,1,1
2026-05-31 04:00:00,1153.5,40.8,0.0935,68.35,22.25,88.0,1011.5,2.57,1,0,0.8660254037844386,0.5000000000000001,-0.7818314824680299,0.6234898018587334,410.8,19.98507462686567,1,0,1,1
2026-05-31 05:00:00,832.5,39.3,0.1265,67.215,22.200000000000003,88.5,1011.0,3.09,1,0,0.9659258262890683,0.25881904510252074,-0.7818314824680299,0.6234898018587334,410.8,20.082089552238806,1,0,1,1
2026-05-31 06:00:00,792.5,39.45,0.1235,66.89500000000001,21.5,89.5,1012.0,3.09,1,0,1.0,6.123233995736766e-17,-0.7818314824680299,0.6234898018587334,410.8,75.51727721196325,1,0,1,1
2026-05-31 07:00:00,307.0,41.7,0.07300000000000001,62.055,22.0,86.5,1013.0,3.605,1,0,0.9659258262890683,-0.25881904510252063,-0.7818314824680299,0.6234898018587334,410.8,75.51727721196325,1,0,1,1
2026-05-31 08:00:00,728.5,40.5,0.1275,67.75,23.85,79.5,1013.5,3.8600000000000003,1,0,0.8660254037844387,-0.4999999999999998,-0.7818314824680299,0.6234898018587334,410.8,75.51727721196325,1,0,1,1
2026-05-31 09:00:00,807.5,41.1,0.0865,66.75999999999999,25.95,72.0,1013.5,3.8600000000000003,1,0,0.7071067811865476,-0.7071067811865475,-0.7818314824680299,0.6234898018587334,410.8,75.51727721196325,1,0,1,1
2026-05-31 10:00:00,918.5,40.05,0.11,67.5,27.95,64.5,1013.5,3.09,1,0,0.49999999999999994,-0.8660254037844387,-0.7818314824680299,0.6234898018587334,410.8,75.51727721196325,1,0,1,1
2026-05-31 11:00:00,464.0,41.0,0.0895,63.92999999999999,30.049999999999997,53.0,1012.0,3.86,1,0,0.258819045102521,-0.9659258262890682,-0.7818314824680299,0.6234898018587334,410.8,75.51727721196325,1,0,1,1
2026-05-31 12:00:00,673.5,40.55,0.0985,66.03,30.3,53.0,1011.0,2.06,1,0,1.2246467991473532e-16,-1.0,-0.7818314824680299,0.6234898018587334,410.8,75.51727721196325,1,0,1,1
2026-05-31 13:00:00,516.0,35.5,0.21100000000000002,63.965,30.8,52.0,1011.0,2.575,1,0,-0.2588190451025208,-0.9659258262890683,-0.7818314824680299,0.6234898018587334,409.45,75.51727721196325,1,0,1,1
2026-05-31 14:00:00,911.5,40.7,0.0955,67.335,31.549999999999997,49.0,1010.0,3.09,1,0,-0.4999999999999997,-0.8660254037844388,-0.7818314824680299,0.6234898018587334,409.45,75.51727721196325,1,0,1,1
2026-05-31 15:00:00,459.5,41.85,0.07100000000000001,62.535,31.6,50.0,1008.0,2.83,1,0,-0.7071067811865471,-0.7071067811865479,-0.7818314824680299,0.6234898018587334,409.45,75.51727721196325,1,0,1,1
2026-05-31 16:00:00,940.0,38.900000000000006,0.1365,67.775,31.45,53.0,1007.0,3.085,1,0,-0.8660254037844385,-0.5000000000000004,-0.7818314824680299,0.6234898018587334,409.45,75.51727721196325,1,0,1,1
2026-05-31 17:00:00,685.5,37.45,0.16799999999999998,66.655,31.8,53.0,1007.0,3.6,1,0,-0.9659258262890683,-0.25881904510252063,-0.7818314824680299,0.6234898018587334,410.8,75.51727721196325,1,0,1,1
2026-05-31 18:00:00,507.5,42.3,0.062,65.49000000000001,29.049999999999997,60.5,1010.0,3.09,1,0,-1.0,-1.8369701987210297e-16,-0.7818314824680299,0.6234898018587334,410.8,75.51727721196325,1,0,1,1
2026-05-31 19:00:00,798.5,41.55,0.0775,66.64500000000001,27.0,67.5,1012.0,3.71,1,0,-0.9659258262890684,0.2588190451025203,-0.7818314824680299,0.6234898018587334,410.8,75.51727721196325,1,0,1,1
2026-05-31 20:00:00,712.5,36.85,0.182,66.94,25.75,73.0,1013.0,4.13,1,0,-0.8660254037844386,0.5000000000000001,-0.7818314824680299,0.6234898018587334,405.4,75.51727721196325,1,0,1,1
2026-05-31 21:00:00,832.0,42.75,0.050499999999999996,66.355,24.65,74.5,1014.0,3.3449999999999998,1,0,-0.7071067811865477,0.7071067811865474,-0.7818314824680299,0.6234898018587334,406.75,75.51727721196325,1,0,1,1
2026-05-31 22:00:00,520.0,42.6,0.054,64.09,23.85,77.0,1015.0,3.3449999999999998,1,0,-0.5000000000000004,0.8660254037844384,-0.7818314824680299,0.6234898018587334,406.75,75.51727721196325,1,0,1,1
2026-05-31 23:00:00,753.5,39.05,0.1325,66.81,23.45,79.0,1014.0,3.09,1,0,-0.25881904510252157,0.9659258262890681,-0.7818314824680299,0.6234898018587334,408.1,75.51727721196325,1,0,1,1
2026-06-01 00:00:00,326.5,38.2,0.15050000000000002,62.38,22.65,83.0,1014.5,3.6,0,0,0.0,1.0,0.0,1.0,408.1,75.51727721196325,1,0,1,1
2026-06-01 01:00:00,659.5,41.8,0.07150000000000001,65.765,21.7,90.0,1014.0,3.3449999999999998,0,0,0.25881904510252074,0.9659258262890683,0.0,1.0,409.45,75.51727721196325,1,0,1,1
2026-06-01 02:00:00,555.0,37.55,0.16499999999999998,65.335,21.2,89.5,1013.5,3.3449999999999998,0,0,0.49999999999999994,0.8660254037844387,0.0,1.0,408.1,75.51727721196325,1,0,1,1
2026-06-01 03:00:00,213.5,41.05,0.0875,60.269999999999996,21.4,90.0,1013.0,2.0549999999999997,0,0,0.7071067811865476,0.7071067811865476,0.0,1.0,408.1,75.51727721196325,1,0,1,1
2026-06-01 04:00:00,361.5,38.35,0.14800000000000002,63.765,21.3,91.0,1012.5,4.12,0,0,0.8660254037844386,0.5000000000000001,0.0,1.0,406.75,75.51727721196325,1,0,1,1
2026-06-01 05:00:00,596.5,37.25,0.1725,66.06,21.2,90.5,1012.5,3.605,0,0,0.9659258262890683,0.25881904510252074,0.0,1.0,406.75,75.51727721196325,1,0,1,1
2026-06-01 06:00:00,1012.5,39.3,0.127,65.035,21.65,89.0,1013.5,2.83,0,0,1.0,6.123233995736766e-17,0.0,1.0,406.75,75.51727721196325,1,0,1,1
2026-06-01 07:00:00,6350.5,16.15,0.641,83.155,22.700000000000003,83.5,1014.5,2.575,0,1,0.9659258262890683,-0.25881904510252063,0.0,1.0,408.1,75.51727721196325,1,0,1,1
2026-06-01 08:00:00,3422.5,25.45,0.4355,75.09,24.45,75.5,1014.0,3.5999999999999996,0,1,0.8660254037844387,-0.4999999999999998,0.0,1.0,409.45,75.51727721196325,1,0,1,1
2026-06-01 09:00:00,3327.033088235294,25.85735294117647,0.4264264705882353,74.68808823529412,24.625,74.92647058823529,1013.8382352941177,3.5577941176470587,0,1,0.7071067811865476,-0.7071067811865475,0.0,1.0,409.29911764705884,75.51727721196325,0,0,0,0
2026-06-01 10:00:00,3231.5661764705883,26.264705882352942,0.4173529411764706,74.28617647058825,24.8,74.3529411764706,1013.6764705882352,3.5155882352941172,0,1,0.49999999999999994,-0.8660254037844387,0.0,1.0,409.1482352941176,75.51727721196325,0,0,0,0
2026-06-01 11:00:00,3136.0992647058824,26.67205882352941,0.4082794117647059,73.88426470588236,24.974999999999998,73.77941176470588,1013.5147058823529,3.4733823529411763,0,0,0.258819045102521,-0.9659258262890682,0.0,1.0,408.9973529411765,75.51727721196325,0,0,0,0
2026-06-01 12:00:00,,,0.3992058823529412,73.48235294117647,,,,,0,0,1.2246467991473532e-16,-1.0,0.0,1.0,408.8464705882353,75.51727721196325,0,0,0,0
2026-06-01 13:00:00,,,0.3901323529411765,73.0804411764706,,,,,0,0,-0.2588190451025208,-0.9659258262890683,0.0,1.0,408.6955882352941,75.51727721196325,0,0,0,0
2026-06-01 14:00:00,,,0.3810588235294118,72.67852941176471,,,,,0,0,-0.4999999999999997,-0.8660254037844388,0.0,1.0,408.54470588235296,75.51727721196325,0,0,0,0
2026-06-01 15:00:00,,,,,,,,,0,0,-0.7071067811865471,-0.7071067811865479,0.0,1.0,408.39382352941175,75.51727721196325,0,0,0,0
2026-06-01 16:00:00,,,,,,,,,0,0,-0.8660254037844385,-0.5000000000000004,0.0,1.0,408.2429411764706,75.51727721196325,0,0,0,0
2026-06-01 17:00:00,,,,,,,,,0,1,-0.9659258262890683,-0.25881904510252063,0.0,1.0,408.0920588235294,75.51727721196325,0,0,0,0
2026-06-01 18:00:00,,,,,,,,,0,1,-1.0,-1.8369701987210297e-16,0.0,1.0,405.9122124594624,75.51727721196325,0,0,0,0
2026-06-01 19:00:00,,,,,,,,,0,1,-0.9659258262890684,0.2588190451025203,0.0,1.0,405.9122124594624,75.51727721196325,0,0,0,0
2026-06-01 20:00:00,,,,,,,,,0,1,-0.8660254037844386,0.5000000000000001,0.0,1.0,405.9122124594624,75.51727721196325,0,0,0,0
2026-06-01 21:00:00,,,,,,,,,0,0,-0.7071067811865477,0.7071067811865474,0.0,1.0,405.9122124594624,75.51727721196325,0,0,0,0
2026-06-01 22:00:00,,,,,,,,,0,0,-0.5000000000000004,0.8660254037844384,0.0,1.0,405.9122124594624,75.51727721196325,0,0,0,0
2026-06-01 23:00:00,,,,,,,,,0,0,-0.25881904510252157,0.9659258262890681,0.0,1.0,405.9122124594624,75.51727721196325,0,0,0,0
2026-06-02 00:00:00,,,,,,,,,0,0,0.0,1.0,0.7818314824680298,0.6234898018587336,405.9122124594624,75.51727721196325,0,0,0,0
2026-06-02 01:00:00,,,,,,,,,0,0,0.25881904510252074,0.9659258262890683,0.7818314824680298,0.6234898018587336,405.9122124594624,75.51727721196325,0,0,0,0
2026-06-02 02:00:00,,,,,,,,,0,0,0.49999999999999994,0.8660254037844387,0.7818314824680298,0.6234898018587336,405.9122124594624,75.51727721196325,0,0,0,0
2026-06-02 03:00:00,,,,,,,,,0,0,0.7071067811865476,0.7071067811865476,0.7818314824680298,0.6234898018587336,405.9122124594624,75.51727721196325,0,0,0,0
2026-06-02 04:00:00,,,,,,,,,0,0,0.8660254037844386,0.5000000000000001,0.7818314824680298,0.6234898018587336,405.9122124594624,75.51727721196325,0,0,0,0
2026-06-02 05:00:00,,,,,,,,,0,0,0.9659258262890683,0.25881904510252074,0.7818314824680298,0.6234898018587336,405.9122124594624,75.51727721196325,0,0,0,0
2026-06-02 06:00:00,,,,,,,,,0,0,1.0,6.123233995736766e-17,0.7818314824680298,0.6234898018587336,405.9122124594624,75.51727721196325,0,0,0,0
2026-06-02 07:00:00,,,,,,,,,0,1,0.9659258262890683,-0.25881904510252063,0.7818314824680298,0.6234898018587336,405.9122124594624,75.51727721196325,0,0,0,0
2026-06-02 08:00:00,,,,,,,,,0,1,0.8660254037844387,-0.4999999999999998,0.7818314824680298,0.6234898018587336,405.9122124594624,75.51727721196325,0,0,0,0
2026-06-02 09:00:00,,,,,,,,,0,1,0.7071067811865476,-0.7071067811865475,0.7818314824680298,0.6234898018587336,405.9122124594624,75.51727721196325,0,0,0,0
2026-06-02 10:00:00,,,,,,,,,0,1,0.49999999999999994,-0.8660254037844387,0.7818314824680298,0.6234898018587336,405.9122124594624,75.51727721196325,0,0,0,0
2026-06-02 11:00:00,,,,,,,,,0,0,0.258819045102521,-0.9659258262890682,0.7818314824680298,0.6234898018587336,405.9122124594624,75.51727721196325,0,0,0,0
2026-06-02 12:00:00,,,,,,,,,0,0,1.2246467991473532e-16,-1.0,0.7818314824680298,0.6234898018587336,405.9122124594624,75.51727721196325,0,0,0,0
2026-06-02 13:00:00,,,,,,,,,0,0,-0.2588190451025208,-0.9659258262890683,0.7818314824680298,0.6234898018587336,405.9122124594624,75.51727721196325,0,0,0,0
2026-06-02 14:00:00,,,,,,,,,0,0,-0.4999999999999997,-0.8660254037844388,0.7818314824680298,0.6234898018587336,405.9122124594624,75.51727721196325,0,0,0,0
2026-06-02 15:00:00,,,,,,,,,0,0,-0.7071067811865471,-0.7071067811865479,0.7818314824680298,0.6234898018587336,405.9122124594624,75.51727721196325,0,0,0,0
2026-06-02 16:00:00,,,,,,,,,0,0,-0.8660254037844385,-0.5000000000000004,0.7818314824680298,0.6234898018587336,405.9122124594624,75.51727721196325,0,0,0,0
2026-06-02 17:00:00,,,,,,,,,0,1,-0.9659258262890683,-0.25881904510252063,0.7818314824680298,0.6234898018587336,405.9122124594624,75.51727721196325,0,0,0,0
2026-06-02 18:00:00,176.625,39.3,0.127,61.425,30.4,56.0,1008.5,2.165,0,1,-1.0,-1.8369701987210297e-16,0.7818314824680298,0.6234898018587336,404.32,26.0,1,1,1,1
2026-06-02 19:00:00,6617.0,13.35,0.7030000000000001,83.83,30.200000000000003,58.5,1011.0,3.25,0,1,-0.9659258262890684,0.2588190451025203,0.7818314824680298,0.6234898018587336,404.32,26.0,1,1,1,1
2026-06-02 20:00:00,3420.0,27.15,0.396,75.365,23.05,91.0,1012.0,1.7999999999999998,0,1,-0.8660254037844386,0.5000000000000001,0.7818314824680298,0.6234898018587336,403.51,26.0,1,1,1,1
2026-06-02 21:00:00,1131.5,45.8,0.0,68.235,23.9,88.5,1012.5,2.575,0,0,-0.7071067811865477,0.7071067811865474,0.7818314824680298,0.6234898018587336,405.265,27.0,1,1,1,1
2026-06-02 22:00:00,1001.5,36.3,0.1935,66.94500000000001,23.35,88.5,1012.5,4.07,0,0,-0.5000000000000004,0.8660254037844384,0.7818314824680298,0.6234898018587336,408.47,22.5,1,1,1,1
2026-06-02 23:00:00,309.5,40.95,0.09,61.535,22.8,90.0,1011.0,5.26,0,0,-0.25881904510252157,0.9659258262890681,0.7818314824680298,0.6234898018587336,407.065,26.0,1,1,1,1
2026-06-03 00:00:00,680.0,41.25,0.0835,65.765,22.450000000000003,92.5,1011.5,4.12,0,0,0.0,1.0,0.9749279121818236,-0.22252093395631434,404.895,17.5,1,1,1,1
2026-06-03 01:00:00,312.5,41.25,0.089,63.135000000000005,22.700000000000003,90.5,1010.5,3.46,0,0,0.25881904510252074,0.9659258262890683,0.9749279121818236,-0.22252093395631434,404.895,15.5,1,1,1,1
2026-06-03 02:00:00,264.5,41.650000000000006,0.074,61.67,22.8,90.0,1010.5,3.74,0,0,0.49999999999999994,0.8660254037844387,0.9749279121818236,-0.22252093395631434,406.41499999999996,11.0,1,1,1,1
2026-06-03 03:00:00,212.0,36.7,0.185,61.74,22.5,91.0,1010.0,4.14,0,0,0.7071067811865476,0.7071067811865476,0.9749279121818236,-0.22252093395631434,407.43,9.0,1,1,1,1
2026-06-03 04:00:00,883.5,38.35,0.1475,67.58,22.5,92.0,1010.0,3.34,0,0,0.8660254037844386,0.5000000000000001,0.9749279121818236,-0.22252093395631434,405.13,12.0,1,1,1,1
2026-06-03 05:00:00,535.5,41.25,0.08349999999999999,64.58500000000001,22.2,92.0,1010.0,2.9749999999999996,0,0,0.9659258262890683,0.25881904510252074,0.9749279121818236,-0.22252093395631434,407.09,4.0,1,1,1,1
2026-06-03 06:00:00,1371.0,38.3,0.148,68.37,22.2,93.0,1010.5,2.5,0,0,1.0,6.123233995736766e-17,0.9749279121818236,-0.22252093395631434,407.43,8.0,1,1,1,1
2026-06-03 07:00:00,3339.0,24.35,0.45899999999999996,73.915,22.55,91.0,1011.5,3.05,0,1,0.9659258262890683,-0.25881904510252063,0.9749279121818236,-0.22252093395631434,407.02,15.0,1,1,1,1
2026-06-03 08:00:00,3403.5,27.3,0.39399999999999996,73.91,23.65,83.5,1011.0,3.49,0,1,0.8660254037844387,-0.4999999999999998,0.9749279121818236,-0.22252093395631434,405.67,18.0,1,1,1,1
2026-06-03 09:00:00,3610.0,24.849999999999998,0.448,75.28,25.75,72.5,1011.5,3.61,0,1,0.7071067811865476,-0.7071067811865475,0.9749279121818236,-0.22252093395631434,405.4,20.0,1,1,1,1
2026-06-03 10:00:00,6427.0,15.6,0.654,83.31,27.4,65.0,1011.0,4.01,0,1,0.49999999999999994,-0.8660254037844387,0.9749279121818236,-0.22252093395631434,403.24,20.0,1,1,1,1
2026-06-03 11:00:00,6271.592592592592,15.914814814814815,0.646962962962963,82.97259259259259,27.49259259259259,64.5925925925926,1010.8518518518518,4.096666666666667,0,0,0.258819045102521,-0.9659258262890682,0.9749279121818236,-0.22252093395631434,403.42,20.51851851851852,0,0,0,0
2026-06-03 12:00:00,6116.185185185185,16.229629629629628,0.6399259259259259,82.6351851851852,27.585185185185185,64.18518518518519,1010.7037037037037,4.183333333333334,0,0,1.2246467991473532e-16,-1.0,0.9749279121818236,-0.22252093395631434,403.6,21.037037037037038,0,0,0,0
2026-06-03 13:00:00,5960.777777777777,16.544444444444444,0.632888888888889,82.29777777777778,27.677777777777777,63.77777777777778,1010.5555555555555,4.27,0,0,-0.2588190451025208,-0.9659258262890683,0.9749279121818236,-0.22252093395631434,403.78000000000003,21.555555555555557,0,0,0,0
2026-06-03 14:00:00,,,0.6258518518518519,81.96037037037037,,,,,0,0,-0.4999999999999997,-0.8660254037844388,0.9749279121818236,-0.22252093395631434,403.96000000000004,22.074074074074073,0,0,0,0
2026-06-03 15:00:00,,,0.6188148148148148,81.62296296296297,,,,,0,0,-0.7071067811865471,-0.7071067811865479,0.9749279121818236,-0.22252093395631434,404.14000000000004,22.59259259259259,0,0,0,0
2026-06-03 16:00:00,,,0.6117777777777779,81.28555555555556,,,,,0,0,-0.8660254037844385,-0.5000000000000004,0.9749279121818236,-0.22252093395631434,404.32000000000005,23.11111111111111,0,0,0,0
2026-06-03 17:00:00,,,,,,,,,0,1,-0.9659258262890683,-0.25881904510252063,0.9749279121818236,-0.22252093395631434,404.5,75.51727721196325,0,0,0,0
2026-06-03 18:00:00,,,,,,,,,0,1,-1.0,-1.8369701987210297e-16,0.9749279121818236,-0.22252093395631434,404.68,75.51727721196325,0,0,0,0
2026-06-03 19:00:00,,,,,,,,,0,1,-0.9659258262890684,0.2588190451025203,0.9749279121818236,-0.22252093395631434,404.86,75.51727721196325,0,0,0,0
2026-06-03 20:00:00,,,,,,,,,0,1,-0.8660254037844386,0.5000000000000001,0.9749279121818236,-0.22252093395631434,405.9122124594624,75.51727721196325,0,0,0,0
2026-06-03 21:00:00,,,,,,,,,0,0,-0.7071067811865477,0.7071067811865474,0.9749279121818236,-0.22252093395631434,405.9122124594624,75.51727721196325,0,0,0,0
2026-06-03 22:00:00,,,,,,,,,0,0,-0.5000000000000004,0.8660254037844384,0.9749279121818236,-0.22252093395631434,405.9122124594624,75.51727721196325,0,0,0,0
2026-06-03 23:00:00,,,,,,,,,0,0,-0.25881904510252157,0.9659258262890681,0.9749279121818236,-0.22252093395631434,405.9122124594624,75.51727721196325,0,0,0,0
2026-06-04 00:00:00,,,,,,,,,0,0,0.0,1.0,0.43388373911755823,-0.900968867902419,405.9122124594624,75.51727721196325,0,0,0,0
2026-06-04 01:00:00,,,,,,,,,0,0,0.25881904510252074,0.9659258262890683,0.43388373911755823,-0.900968867902419,405.9122124594624,75.51727721196325,0,0,0,0
2026-06-04 02:00:00,,,,,,,,,0,0,0.49999999999999994,0.8660254037844387,0.43388373911755823,-0.900968867902419,405.9122124594624,75.51727721196325,0,0,0,0
2026-06-04 03:00:00,,,,,,,,,0,0,0.7071067811865476,0.7071067811865476,0.43388373911755823,-0.900968867902419,405.9122124594624,75.51727721196325,0,0,0,0
2026-06-04 04:00:00,,,,,,,,,0,0,0.8660254037844386,0.5000000000000001,0.43388373911755823,-0.900968867902419,405.9122124594624,75.51727721196325,0,0,0,0
2026-06-04 05:00:00,,,,,,,,,0,0,0.9659258262890683,0.25881904510252074,0.43388373911755823,-0.900968867902419,405.9122124594624,75.51727721196325,0,0,0,0
2026-06-04 06:00:00,,,,,,,,,0,0,1.0,6.123233995736766e-17,0.43388373911755823,-0.900968867902419,405.9122124594624,75.51727721196325,0,0,0,0
2026-06-04 07:00:00,,,,,,,,,0,1,0.9659258262890683,-0.25881904510252063,0.43388373911755823,-0.900968867902419,405.9122124594624,75.51727721196325,0,0,0,0
2026-06-04 08:00:00,,,,,,,,,0,1,0.8660254037844387,-0.4999999999999998,0.43388373911755823,-0.900968867902419,405.9122124594624,75.51727721196325,0,0,0,0
2026-06-04 09:00:00,,,,,,,,,0,1,0.7071067811865476,-0.7071067811865475,0.43388373911755823,-0.900968867902419,405.9122124594624,75.51727721196325,0,0,0,0
2026-06-04 10:00:00,,,,,,,,,0,1,0.49999999999999994,-0.8660254037844387,0.43388373911755823,-0.900968867902419,405.9122124594624,75.51727721196325,0,0,0,0
2026-06-04 11:00:00,,,,,,,,,0,0,0.258819045102521,-0.9659258262890682,0.43388373911755823,-0.900968867902419,405.9122124594624,75.51727721196325,0,0,0,0
2026-06-04 12:00:00,,,,,,,,,0,0,1.2246467991473532e-16,-1.0,0.43388373911755823,-0.900968867902419,405.9122124594624,75.51727721196325,0,0,0,0
2026-06-04 13:00:00,2231.0,24.1,0.464,74.2,29.9,54.0,1007.0,6.35,0,0,-0.2588190451025208,-0.9659258262890683,0.43388373911755823,-0.900968867902419,408.1,34.0,1,1,1,1
2026-06-04 14:00:00,2515.5,27.75,0.383,74.055,29.85,53.5,1006.0,6.11,0,0,-0.4999999999999997,-0.8660254037844388,0.43388373911755823,-0.900968867902419,408.1,35.0,1,1,1,1
2026-06-04 15:00:00,1482.5,34.55,0.23249999999999998,67.835,30.25,53.0,1006.0,5.84,0,0,-0.7071067811865471,-0.7071067811865479,0.43388373911755823,-0.900968867902419,408.1,35.0,1,1,1,1
2026-06-04 16:00:00,2457.5,29.5,0.34450000000000003,73.64,30.5,52.0,1006.0,5.14,0,0,-0.8660254037844385,-0.5000000000000004,0.43388373911755823,-0.900968867902419,407.155,37.0,1,1,1,1
2026-06-04 17:00:00,3286.0,29.950000000000003,0.3415,73.66,30.35,53.0,1007.0,4.995,0,1,-0.9659258262890683,-0.25881904510252063,0.43388373911755823,-0.900968867902419,406.21,36.0,1,1,1,1
2026-06-04 18:00:00,3451.5,26.65,0.4085,73.1,29.65,57.5,1007.5,6.1850000000000005,0,1,-1.0,-1.8369701987210297e-16,0.43388373911755823,-0.900968867902419,406.21,32.0,1,1,1,1
2026-06-04 19:00:00,6481.0,19.65,0.5635,82.625,28.299999999999997,66.0,1008.0,6.465,0,1,-0.9659258262890684,0.2588190451025203,0.43388373911755823,-0.900968867902419,404.15,26.5,1,1,1,1
2026-06-04 20:00:00,3339.0,24.35,0.459,73.85499999999999,24.85,79.5,1009.0,6.45,0,1,-0.8660254037844386,0.5000000000000001,0.43388373911755823,-0.900968867902419,405.13,40.0,1,1,1,1
2026-06-04 21:00:00,1411.5,36.8,0.182,68.83500000000001,23.5,86.0,1010.0,6.38,0,0,-0.7071067811865477,0.7071067811865474,0.43388373911755823,-0.900968867902419,406.885,31.0,1,1,1,1
2026-06-04 22:00:00,1117.0,33.95,0.246,66.085,22.7,90.0,1010.0,6.13,0,0,-0.5000000000000004,0.8660254037844384,0.43388373911755823,-0.900968867902419,407.39,29.5,1,1,1,1
2026-06-04 23:00:00,226.0,40.400000000000006,0.102,60.65,22.1,90.5,1010.0,6.09,0,0,-0.25881904510252157,0.9659258262890681,0.43388373911755823,-0.900968867902419,408.04499999999996,29.5,1,1,1,1
2026-06-05 00:00:00,459.0,35.8,0.20450000000000002,65.205,21.9,89.0,1009.0,5.76,0,0,0.0,1.0,-0.433883739117558,-0.9009688679024191,407.42499999999995,30.5,1,1,1,1
2026-06-05 01:00:00,243.5,39.85,0.11349999999999999,61.480000000000004,22.049999999999997,88.0,1009.0,6.07,0,0,0.25881904510252074,0.9659258262890683,-0.433883739117558,-0.9009688679024191,407.42499999999995,31.5,1,1,1,1
2026-06-05 02:00:00,783.5,37.95,0.1575,67.00999999999999,22.049999999999997,88.5,1009.0,5.79,0,0,0.49999999999999994,0.8660254037844387,-0.433883739117558,-0.9009688679024191,408.1,32.0,1,1,1,1
2026-06-05 03:00:00,716.5,40.349999999999994,0.1035,66.37,21.9,89.0,1008.0,5.97,0,0,0.7071067811865476,0.7071067811865476,-0.433883739117558,-0.9009688679024191,408.27,39.0,1,1,1,1
2026-06-05 04:00:00,418.0,40.95,0.0895,63.629999999999995,21.7,89.5,1009.0,6.05,0,0,0.8660254037844386,0.5000000000000001,-0.433883739117558,-0.9009688679024191,407.93,39.5,1,1,1,1
2026-06-05 05:00:00,624.0,43.5,0.033,65.19,21.549999999999997,91.0,1009.0,6.22,0,0,0.9659258262890683,0.25881904510252074,-0.433883739117558,-0.9009688679024191,408.605,35.5,1,1,1,1
2026-06-05 06:00:00,2084.5,27.75,0.383,73.25,21.799999999999997,89.5,1009.5,6.38,0,0,1.0,6.123233995736766e-17,-0.433883739117558,-0.9009688679024191,408.775,36.5,1,1,1,1
2026-06-05 07:00:00,6487.0,14.9,0.669,83.47,22.8,84.0,1010.5,7.18,0,1,0.9659258262890683,-0.25881904510252063,-0.433883739117558,-0.9009688679024191,408.775,33.0,1,1,1,1
2026-06-05 08:00:00,6655.0,17.6,0.609,83.1,24.65,76.0,1011.5,7.96,0,1,0.8660254037844387,-0.4999999999999998,-0.433883739117558,-0.9009688679024191,409.45,30.0,1,1,1,1
2026-06-05 09:00:00,6580.5,16.25,0.6385000000000001,83.295,26.4,67.0,1011.0,7.79,0,1,0.7071067811865476,-0.7071067811865475,-0.433883739117558,-0.9009688679024191,408.44,41.0,1,1,1,1
2026-06-05 10:00:00,225.0,36.7,0.184,64.99,27.3,65.0,1011.0,7.55,0,1,0.49999999999999994,-0.8660254037844387,-0.433883739117558,-0.9009688679024191,407.43,52.0,1,1,1,1
2026-06-05 11:00:00,226.06666666666666,36.718333333333334,0.18359166666666665,65.00049999999999,27.305,64.96666666666667,1011.0041666666667,7.547375,0,0,0.258819045102521,-0.9659258262890682,-0.433883739117558,-0.9009688679024191,407.4318253968254,52.78333333333333,0,0,0,0
2026-06-05 12:00:00,227.13333333333333,36.73666666666667,0.18318333333333334,65.011,27.310000000000002,64.93333333333334,1011.0083333333333,7.54475,0,0,1.2246467991473532e-16,-1.0,-0.433883739117558,-0.9009688679024191,407.4336507936508,53.56666666666667,0,0,0,0
2026-06-05 13:00:00,228.2,36.755,0.182775,65.02149999999999,27.315,64.9,1011.0125,7.5421249999999995,0,0,-0.2588190451025208,-0.9659258262890683,-0.433883739117558,-0.9009688679024191,407.4354761904762,54.35,0,0,0,0
2026-06-05 14:00:00,,,0.18236666666666665,65.03199999999998,,,,,0,0,-0.4999999999999997,-0.8660254037844388,-0.433883739117558,-0.9009688679024191,407.4373015873016,55.13333333333333,0,0,0,0
2026-06-05 15:00:00,,,0.18195833333333333,65.04249999999999,,,,,0,0,-0.7071067811865471,-0.7071067811865479,-0.433883739117558,-0.9009688679024191,407.43912698412703,55.916666666666664,0,0,0,0
2026-06-05 16:00:00,,,0.18155,65.05299999999998,,,,,0,0,-0.8660254037844385,-0.5000000000000004,-0.433883739117558,-0.9009688679024191,407.4409523809524,56.7,0,0,0,0
2026-06-05 17:00:00,,,,,,,,,0,1,-0.9659258262890683,-0.25881904510252063,-0.433883739117558,-0.9009688679024191,407.4427777777778,75.51727721196325,0,0,0,0
2026-06-05 18:00:00,,,,,,,,,0,1,-1.0,-1.8369701987210297e-16,-0.433883739117558,-0.9009688679024191,407.4446031746032,75.51727721196325,0,0,0,0
2026-06-05 19:00:00,,,,,,,,,0,1,-0.9659258262890684,0.2588190451025203,-0.433883739117558,-0.9009688679024191,407.4464285714286,75.51727721196325,0,0,0,0
2026-06-05 20:00:00,,,,,,,,,0,1,-0.8660254037844386,0.5000000000000001,-0.433883739117558,-0.9009688679024191,405.9122124594624,75.51727721196325,0,0,0,0
2026-06-05 21:00:00,,,,,,,,,0,0,-0.7071067811865477,0.7071067811865474,-0.433883739117558,-0.9009688679024191,405.9122124594624,75.51727721196325,0,0,0,0
2026-06-05 22:00:00,,,,,,,,,0,0,-0.5000000000000004,0.8660254037844384,-0.433883739117558,-0.9009688679024191,405.9122124594624,75.51727721196325,0,0,0,0
2026-06-05 23:00:00,,,,,,,,,0,0,-0.25881904510252157,0.9659258262890681,-0.433883739117558,-0.9009688679024191,405.9122124594624,75.51727721196325,0,0,0,0
2026-06-06 00:00:00,,,,,,,,,1,0,0.0,1.0,-0.9749279121818236,-0.2225209339563146,405.9122124594624,75.51727721196325,0,0,0,0
2026-06-06 01:00:00,,,,,,,,,1,0,0.25881904510252074,0.9659258262890683,-0.9749279121818236,-0.2225209339563146,405.9122124594624,75.51727721196325,0,0,0,0
2026-06-06 02:00:00,,,,,,,,,1,0,0.49999999999999994,0.8660254037844387,-0.9749279121818236,-0.2225209339563146,405.9122124594624,75.51727721196325,0,0,0,0
2026-06-06 03:00:00,,,,,,,,,1,0,0.7071067811865476,0.7071067811865476,-0.9749279121818236,-0.2225209339563146,405.9122124594624,75.51727721196325,0,0,0,0
2026-06-06 04:00:00,,,,,,,,,1,0,0.8660254037844386,0.5000000000000001,-0.9749279121818236,-0.2225209339563146,405.9122124594624,75.51727721196325,0,0,0,0
2026-06-06 05:00:00,,,,,,,,,1,0,0.9659258262890683,0.25881904510252074,-0.9749279121818236,-0.2225209339563146,405.9122124594624,75.51727721196325,0,0,0,0
2026-06-06 06:00:00,,,,,,,,,1,0,1.0,6.123233995736766e-17,-0.9749279121818236,-0.2225209339563146,405.9122124594624,75.51727721196325,0,0,0,0
2026-06-06 07:00:00,,,,,,,,,1,0,0.9659258262890683,-0.25881904510252063,-0.9749279121818236,-0.2225209339563146,405.9122124594624,75.51727721196325,0,0,0,0
2026-06-06 08:00:00,,,,,,,,,1,0,0.8660254037844387,-0.4999999999999998,-0.9749279121818236,-0.2225209339563146,405.9122124594624,75.51727721196325,0,0,0,0
2026-06-06 09:00:00,,,,,,,,,1,0,0.7071067811865476,-0.7071067811865475,-0.9749279121818236,-0.2225209339563146,405.9122124594624,75.51727721196325,0,0,0,0
2026-06-06 10:00:00,,,,,,,,,1,0,0.49999999999999994,-0.8660254037844387,-0.9749279121818236,-0.2225209339563146,405.9122124594624,75.51727721196325,0,0,0,0
2026-06-06 11:00:00,,,,,,,,,1,0,0.258819045102521,-0.9659258262890682,-0.9749279121818236,-0.2225209339563146,405.9122124594624,75.51727721196325,0,0,0,0
2026-06-06 12:00:00,,,,,,,,,1,0,1.2246467991473532e-16,-1.0,-0.9749279121818236,-0.2225209339563146,405.9122124594624,75.51727721196325,0,0,0,0
2026-06-06 13:00:00,,,,,,,,,1,0,-0.2588190451025208,-0.9659258262890683,-0.9749279121818236,-0.2225209339563146,405.9122124594624,75.51727721196325,0,0,0,0
2026-06-06 14:00:00,,,,,,,,,1,0,-0.4999999999999997,-0.8660254037844388,-0.9749279121818236,-0.2225209339563146,405.9122124594624,75.51727721196325,0,0,0,0
2026-06-06 15:00:00,,,,,,,,,1,0,-0.7071067811865471,-0.7071067811865479,-0.9749279121818236,-0.2225209339563146,405.9122124594624,75.51727721196325,0,0,0,0
2026-06-06 16:00:00,,,,,,,,,1,0,-0.8660254037844385,-0.5000000000000004,-0.9749279121818236,-0.2225209339563146,405.9122124594624,75.51727721196325,0,0,0,0
2026-06-06 17:00:00,,,,,,,,,1,0,-0.9659258262890683,-0.25881904510252063,-0.9749279121818236,-0.2225209339563146,405.9122124594624,75.51727721196325,0,0,0,0
2026-06-06 18:00:00,,,,,,,,,1,0,-1.0,-1.8369701987210297e-16,-0.9749279121818236,-0.2225209339563146,405.9122124594624,75.51727721196325,0,0,0,0
2026-06-06 19:00:00,,,,,,,,,1,0,-0.9659258262890684,0.2588190451025203,-0.9749279121818236,-0.2225209339563146,405.9122124594624,75.51727721196325,0,0,0,0
2026-06-06 20:00:00,,,,,,,,,1,0,-0.8660254037844386,0.5000000000000001,-0.9749279121818236,-0.2225209339563146,405.9122124594624,75.51727721196325,0,0,0,0
2026-06-06 21:00:00,,,,,,,,,1,0,-0.7071067811865477,0.7071067811865474,-0.9749279121818236,-0.2225209339563146,405.9122124594624,75.51727721196325,0,0,0,0
2026-06-06 22:00:00,,,,,,,,,1,0,-0.5000000000000004,0.8660254037844384,-0.9749279121818236,-0.2225209339563146,405.9122124594624,75.51727721196325,0,0,0,0
2026-06-06 23:00:00,,,,,,,,,1,0,-0.25881904510252157,0.9659258262890681,-0.9749279121818236,-0.2225209339563146,405.9122124594624,75.51727721196325,0,0,0,0
2026-06-07 00:00:00,,,,,,,,,1,0,0.0,1.0,-0.7818314824680299,0.6234898018587334,405.9122124594624,75.51727721196325,0,0,0,0
2026-06-07 01:00:00,,,,,,,,,1,0,0.25881904510252074,0.9659258262890683,-0.7818314824680299,0.6234898018587334,405.9122124594624,75.51727721196325,0,0,0,0
2026-06-07 02:00:00,,,,,,,,,1,0,0.49999999999999994,0.8660254037844387,-0.7818314824680299,0.6234898018587334,405.9122124594624,75.51727721196325,0,0,0,0
2026-06-07 03:00:00,,,,,,,,,1,0,0.7071067811865476,0.7071067811865476,-0.7818314824680299,0.6234898018587334,405.9122124594624,75.51727721196325,0,0,0,0
2026-06-07 04:00:00,,,,,,,,,1,0,0.8660254037844386,0.5000000000000001,-0.7818314824680299,0.6234898018587334,405.9122124594624,75.51727721196325,0,0,0,0
2026-06-07 05:00:00,,,,,,,,,1,0,0.9659258262890683,0.25881904510252074,-0.7818314824680299,0.6234898018587334,405.9122124594624,75.51727721196325,0,0,0,0
2026-06-07 06:00:00,,,,,,,,,1,0,1.0,6.123233995736766e-17,-0.7818314824680299,0.6234898018587334,405.9122124594624,75.51727721196325,0,0,0,0
2026-06-07 07:00:00,,,,,,,,,1,0,0.9659258262890683,-0.25881904510252063,-0.7818314824680299,0.6234898018587334,405.9122124594624,75.51727721196325,0,0,0,0
2026-06-07 08:00:00,,,,,,,,,1,0,0.8660254037844387,-0.4999999999999998,-0.7818314824680299,0.6234898018587334,405.9122124594624,75.51727721196325,0,0,0,0
2026-06-07 09:00:00,,,,,,,,,1,0,0.7071067811865476,-0.7071067811865475,-0.7818314824680299,0.6234898018587334,405.9122124594624,75.51727721196325,0,0,0,0
2026-06-07 10:00:00,,,,,,,,,1,0,0.49999999999999994,-0.8660254037844387,-0.7818314824680299,0.6234898018587334,405.9122124594624,75.51727721196325,0,0,0,0
2026-06-07 11:00:00,,,,,,,,,1,0,0.258819045102521,-0.9659258262890682,-0.7818314824680299,0.6234898018587334,405.9122124594624,75.51727721196325,0,0,0,0
2026-06-07 12:00:00,,,,,,,,,1,0,1.2246467991473532e-16,-1.0,-0.7818314824680299,0.6234898018587334,405.9122124594624,75.51727721196325,0,0,0,0
2026-06-07 13:00:00,,,,,,,,,1,0,-0.2588190451025208,-0.9659258262890683,-0.7818314824680299,0.6234898018587334,405.9122124594624,75.51727721196325,0,0,0,0
2026-06-07 14:00:00,,,,,,,,,1,0,-0.4999999999999997,-0.8660254037844388,-0.7818314824680299,0.6234898018587334,405.9122124594624,75.51727721196325,0,0,0,0
2026-06-07 15:00:00,,,,,,,,,1,0,-0.7071067811865471,-0.7071067811865479,-0.7818314824680299,0.6234898018587334,405.9122124594624,75.51727721196325,0,0,0,0
2026-06-07 16:00:00,,,,,,,,,1,0,-0.8660254037844385,-0.5000000000000004,-0.7818314824680299,0.6234898018587334,405.9122124594624,75.51727721196325,0,0,0,0
2026-06-07 17:00:00,,,,,,,,,1,0,-0.9659258262890683,-0.25881904510252063,-0.7818314824680299,0.6234898018587334,405.9122124594624,75.51727721196325,0,0,0,0
2026-06-07 18:00:00,,,,,,,,,1,0,-1.0,-1.8369701987210297e-16,-0.7818314824680299,0.6234898018587334,405.9122124594624,75.51727721196325,0,0,0,0
2026-06-07 19:00:00,,,,,,,,,1,0,-0.9659258262890684,0.2588190451025203,-0.7818314824680299,0.6234898018587334,405.9122124594624,75.51727721196325,0,0,0,0
2026-06-07 20:00:00,,,,,,,,,1,0,-0.8660254037844386,0.5000000000000001,-0.7818314824680299,0.6234898018587334,405.9122124594624,75.51727721196325,0,0,0,0
2026-06-07 21:00:00,,,,,,,,,1,0,-0.7071067811865477,0.7071067811865474,-0.7818314824680299,0.6234898018587334,405.9122124594624,75.51727721196325,0,0,0,0
2026-06-07 22:00:00,,,,,,,,,1,0,-0.5000000000000004,0.8660254037844384,-0.7818314824680299,0.6234898018587334,405.9122124594624,75.51727721196325,0,0,0,0
2026-06-07 23:00:00,,,,,,,,,1,0,-0.25881904510252157,0.9659258262890681,-0.7818314824680299,0.6234898018587334,405.9122124594624,75.51727721196325,0,0,0,0
2026-06-08 00:00:00,,,,,,,,,0,0,0.0,1.0,0.0,1.0,405.9122124594624,75.51727721196325,0,0,0,0
2026-06-08 01:00:00,,,,,,,,,0,0,0.25881904510252074,0.9659258262890683,0.0,1.0,405.9122124594624,75.51727721196325,0,0,0,0
2026-06-08 02:00:00,,,,,,,,,0,0,0.49999999999999994,0.8660254037844387,0.0,1.0,405.9122124594624,75.51727721196325,0,0,0,0
2026-06-08 03:00:00,,,,,,,,,0,0,0.7071067811865476,0.7071067811865476,0.0,1.0,405.9122124594624,75.51727721196325,0,0,0,0
2026-06-08 04:00:00,,,,,,,,,0,0,0.8660254037844386,0.5000000000000001,0.0,1.0,405.9122124594624,75.51727721196325,0,0,0,0
2026-06-08 05:00:00,,,,,,,,,0,0,0.9659258262890683,0.25881904510252074,0.0,1.0,405.9122124594624,75.51727721196325,0,0,0,0
2026-06-08 06:00:00,,,,,,,,,0,0,1.0,6.123233995736766e-17,0.0,1.0,405.9122124594624,75.51727721196325,0,0,0,0
2026-06-08 07:00:00,,,,,,,,,0,1,0.9659258262890683,-0.25881904510252063,0.0,1.0,405.9122124594624,75.51727721196325,0,0,0,0
2026-06-08 08:00:00,,,,,,,,,0,1,0.8660254037844387,-0.4999999999999998,0.0,1.0,405.9122124594624,75.51727721196325,0,0,0,0
2026-06-08 09:00:00,,,,,,,,,0,1,0.7071067811865476,-0.7071067811865475,0.0,1.0,405.9122124594624,75.51727721196325,0,0,0,0
2026-06-08 10:00:00,,,,,,,,,0,1,0.49999999999999994,-0.8660254037844387,0.0,1.0,405.9122124594624,75.51727721196325,0,0,0,0
2026-06-08 11:00:00,,,,,,,,,0,0,0.258819045102521,-0.9659258262890682,0.0,1.0,405.9122124594624,75.51727721196325,0,0,0,0
2026-06-08 12:00:00,,,,,,,,,0,0,1.2246467991473532e-16,-1.0,0.0,1.0,405.9122124594624,75.51727721196325,0,0,0,0
2026-06-08 13:00:00,,,,,,,,,0,0,-0.2588190451025208,-0.9659258262890683,0.0,1.0,405.9122124594624,75.51727721196325,0,0,0,0
2026-06-08 14:00:00,,,,,,,,,0,0,-0.4999999999999997,-0.8660254037844388,0.0,1.0,405.9122124594624,75.51727721196325,0,0,0,0
2026-06-08 15:00:00,,,,,,,,,0,0,-0.7071067811865471,-0.7071067811865479,0.0,1.0,405.9122124594624,75.51727721196325,0,0,0,0
2026-06-08 16:00:00,,,,,,,,,0,0,-0.8660254037844385,-0.5000000000000004,0.0,1.0,405.9122124594624,75.51727721196325,0,0,0,0
2026-06-08 17:00:00,,,,,,,,,0,1,-0.9659258262890683,-0.25881904510252063,0.0,1.0,405.9122124594624,75.51727721196325,0,0,0,0
2026-06-08 18:00:00,,,,,,,,,0,1,-1.0,-1.8369701987210297e-16,0.0,1.0,405.9122124594624,75.51727721196325,0,0,0,0
2026-06-08 19:00:00,,,,,,,,,0,1,-0.9659258262890684,0.2588190451025203,0.0,1.0,405.9122124594624,75.51727721196325,0,0,0,0
2026-06-08 20:00:00,,,,,,,,,0,1,-0.8660254037844386,0.5000000000000001,0.0,1.0,405.9122124594624,75.51727721196325,0,0,0,0
2026-06-08 21:00:00,,,,,,,,,0,0,-0.7071067811865477,0.7071067811865474,0.0,1.0,405.9122124594624,75.51727721196325,0,0,0,0
2026-06-08 22:00:00,,,,,,,,,0,0,-0.5000000000000004,0.8660254037844384,0.0,1.0,405.9122124594624,75.51727721196325,0,0,0,0
2026-06-08 23:00:00,,,,,,,,,0,0,-0.25881904510252157,0.9659258262890681,0.0,1.0,405.9122124594624,75.51727721196325,0,0,0,0
2026-06-09 00:00:00,,,,,,,,,0,0,0.0,1.0,0.7818314824680298,0.6234898018587336,405.9122124594624,75.51727721196325,0,0,0,0
2026-06-09 01:00:00,,,,,,,,,0,0,0.25881904510252074,0.9659258262890683,0.7818314824680298,0.6234898018587336,405.9122124594624,75.51727721196325,0,0,0,0
2026-06-09 02:00:00,,,,,,,,,0,0,0.49999999999999994,0.8660254037844387,0.7818314824680298,0.6234898018587336,405.9122124594624,75.51727721196325,0,0,0,0
2026-06-09 03:00:00,,,,,,,,,0,0,0.7071067811865476,0.7071067811865476,0.7818314824680298,0.6234898018587336,405.9122124594624,75.51727721196325,0,0,0,0
2026-06-09 04:00:00,,,,,,,,,0,0,0.8660254037844386,0.5000000000000001,0.7818314824680298,0.6234898018587336,405.9122124594624,75.51727721196325,0,0,0,0
2026-06-09 05:00:00,,,,,,,,,0,0,0.9659258262890683,0.25881904510252074,0.7818314824680298,0.6234898018587336,405.9122124594624,75.51727721196325,0,0,0,0
2026-06-09 06:00:00,,,,,,,,,0,0,1.0,6.123233995736766e-17,0.7818314824680298,0.6234898018587336,405.9122124594624,75.51727721196325,0,0,0,0
2026-06-09 07:00:00,,,,,,,,,0,1,0.9659258262890683,-0.25881904510252063,0.7818314824680298,0.6234898018587336,405.9122124594624,75.51727721196325,0,0,0,0
2026-06-09 08:00:00,,,,,,,,,0,1,0.8660254037844387,-0.4999999999999998,0.7818314824680298,0.6234898018587336,405.9122124594624,75.51727721196325,0,0,0,0
2026-06-09 09:00:00,,,,,,,,,0,1,0.7071067811865476,-0.7071067811865475,0.7818314824680298,0.6234898018587336,405.9122124594624,75.51727721196325,0,0,0,0
2026-06-09 10:00:00,,,,,,,,,0,1,0.49999999999999994,-0.8660254037844387,0.7818314824680298,0.6234898018587336,405.9122124594624,75.51727721196325,0,0,0,0
2026-06-09 11:00:00,,,,,,,,,0,0,0.258819045102521,-0.9659258262890682,0.7818314824680298,0.6234898018587336,405.9122124594624,75.51727721196325,0,0,0,0
2026-06-09 12:00:00,,,,,,,,,0,0,1.2246467991473532e-16,-1.0,0.7818314824680298,0.6234898018587336,405.9122124594624,75.51727721196325,0,0,0,0
2026-06-09 13:00:00,,,,,,,,,0,0,-0.2588190451025208,-0.9659258262890683,0.7818314824680298,0.6234898018587336,405.9122124594624,75.51727721196325,0,0,0,0
2026-06-09 14:00:00,,,,,,,,,0,0,-0.4999999999999997,-0.8660254037844388,0.7818314824680298,0.6234898018587336,405.9122124594624,75.51727721196325,0,0,0,0
2026-06-09 15:00:00,,,,,,,,,0,0,-0.7071067811865471,-0.7071067811865479,0.7818314824680298,0.6234898018587336,405.9122124594624,75.51727721196325,0,0,0,0
2026-06-09 16:00:00,,,,,,,,,0,0,-0.8660254037844385,-0.5000000000000004,0.7818314824680298,0.6234898018587336,405.9122124594624,75.51727721196325,0,0,0,0
2026-06-09 17:00:00,,,,,,,,,0,1,-0.9659258262890683,-0.25881904510252063,0.7818314824680298,0.6234898018587336,405.9122124594624,75.51727721196325,0,0,0,0
2026-06-09 18:00:00,,,,,,,,,0,1,-1.0,-1.8369701987210297e-16,0.7818314824680298,0.6234898018587336,405.9122124594624,75.51727721196325,0,0,0,0
2026-06-09 19:00:00,,,,,,,,,0,1,-0.9659258262890684,0.2588190451025203,0.7818314824680298,0.6234898018587336,405.9122124594624,75.51727721196325,0,0,0,0
2026-06-09 20:00:00,,,,,,,,,0,1,-0.8660254037844386,0.5000000000000001,0.7818314824680298,0.6234898018587336,405.9122124594624,75.51727721196325,0,0,0,0
2026-06-09 21:00:00,,,,,,,,,0,0,-0.7071067811865477,0.7071067811865474,0.7818314824680298,0.6234898018587336,405.9122124594624,75.51727721196325,0,0,0,0
2026-06-09 22:00:00,,,,,,,,,0,0,-0.5000000000000004,0.8660254037844384,0.7818314824680298,0.6234898018587336,405.9122124594624,75.51727721196325,0,0,0,0
2026-06-09 23:00:00,,,,,,,,,0,0,-0.25881904510252157,0.9659258262890681,0.7818314824680298,0.6234898018587336,405.9122124594624,75.51727721196325,0,0,0,0
2026-06-10 00:00:00,,,,,,,,,0,0,0.0,1.0,0.9749279121818236,-0.22252093395631434,405.9122124594624,75.51727721196325,0,0,0,0
2026-06-10 01:00:00,,,,,,,,,0,0,0.25881904510252074,0.9659258262890683,0.9749279121818236,-0.22252093395631434,405.9122124594624,75.51727721196325,0,0,0,0
2026-06-10 02:00:00,,,,,,,,,0,0,0.49999999999999994,0.8660254037844387,0.9749279121818236,-0.22252093395631434,405.9122124594624,75.51727721196325,0,0,0,0
2026-06-10 03:00:00,,,,,,,,,0,0,0.7071067811865476,0.7071067811865476,0.9749279121818236,-0.22252093395631434,405.9122124594624,75.51727721196325,0,0,0,0
2026-06-10 04:00:00,,,,,,,,,0,0,0.8660254037844386,0.5000000000000001,0.9749279121818236,-0.22252093395631434,405.9122124594624,75.51727721196325,0,0,0,0
2026-06-10 05:00:00,,,,,,,,,0,0,0.9659258262890683,0.25881904510252074,0.9749279121818236,-0.22252093395631434,405.9122124594624,75.51727721196325,0,0,0,0
2026-06-10 06:00:00,,,,,,,,,0,0,1.0,6.123233995736766e-17,0.9749279121818236,-0.22252093395631434,405.9122124594624,75.51727721196325,0,0,0,0
2026-06-10 07:00:00,,,,,,,,,0,1,0.9659258262890683,-0.25881904510252063,0.9749279121818236,-0.22252093395631434,405.9122124594624,75.51727721196325,0,0,0,0
2026-06-10 08:00:00,,,,,,,,,0,1,0.8660254037844387,-0.4999999999999998,0.9749279121818236,-0.22252093395631434,405.9122124594624,75.51727721196325,0,0,0,0
2026-06-10 09:00:00,,,,,,,,,0,1,0.7071067811865476,-0.7071067811865475,0.9749279121818236,-0.22252093395631434,405.9122124594624,75.51727721196325,0,0,0,0
2026-06-10 10:00:00,,,,,,,,,0,1,0.49999999999999994,-0.8660254037844387,0.9749279121818236,-0.22252093395631434,405.9122124594624,75.51727721196325,0,0,0,0
2026-06-10 11:00:00,,,,,,,,,0,0,0.258819045102521,-0.9659258262890682,0.9749279121818236,-0.22252093395631434,405.9122124594624,75.51727721196325,0,0,0,0
2026-06-10 12:00:00,,,,,,,,,0,0,1.2246467991473532e-16,-1.0,0.9749279121818236,-0.22252093395631434,405.9122124594624,75.51727721196325,0,0,0,0
2026-06-10 13:00:00,,,,,,,,,0,0,-0.2588190451025208,-0.9659258262890683,0.9749279121818236,-0.22252093395631434,405.9122124594624,75.51727721196325,0,0,0,0
2026-06-10 14:00:00,,,,,,,,,0,0,-0.4999999999999997,-0.8660254037844388,0.9749279121818236,-0.22252093395631434,405.9122124594624,75.51727721196325,0,0,0,0
2026-06-10 15:00:00,,,,,,,,,0,0,-0.7071067811865471,-0.7071067811865479,0.9749279121818236,-0.22252093395631434,405.9122124594624,75.51727721196325,0,0,0,0
2026-06-10 16:00:00,,,,,,,,,0,0,-0.8660254037844385,-0.5000000000000004,0.9749279121818236,-0.22252093395631434,405.9122124594624,75.51727721196325,0,0,0,0
2026-06-10 17:00:00,,,,,,,,,0,1,-0.9659258262890683,-0.25881904510252063,0.9749279121818236,-0.22252093395631434,405.9122124594624,75.51727721196325,0,0,0,0
2026-06-10 18:00:00,,,,,,,,,0,1,-1.0,-1.8369701987210297e-16,0.9749279121818236,-0.22252093395631434,405.9122124594624,75.51727721196325,0,0,0,0
2026-06-10 19:00:00,,,,,,,,,0,1,-0.9659258262890684,0.2588190451025203,0.9749279121818236,-0.22252093395631434,405.9122124594624,75.51727721196325,0,0,0,0
2026-06-10 20:00:00,,,,,,,,,0,1,-0.8660254037844386,0.5000000000000001,0.9749279121818236,-0.22252093395631434,405.9122124594624,75.51727721196325,0,0,0,0
2026-06-10 21:00:00,,,,,,,,,0,0,-0.7071067811865477,0.7071067811865474,0.9749279121818236,-0.22252093395631434,405.9122124594624,75.51727721196325,0,0,0,0
2026-06-10 22:00:00,,,,,,,,,0,0,-0.5000000000000004,0.8660254037844384,0.9749279121818236,-0.22252093395631434,405.9122124594624,75.51727721196325,0,0,0,0
2026-06-10 23:00:00,,,,,,,,,0,0,-0.25881904510252157,0.9659258262890681,0.9749279121818236,-0.22252093395631434,405.9122124594624,75.51727721196325,0,0,0,0
2026-06-11 00:00:00,,,,,,,,,0,0,0.0,1.0,0.43388373911755823,-0.900968867902419,405.9122124594624,75.51727721196325,0,0,0,0
2026-06-11 01:00:00,,,,,,,,,0,0,0.25881904510252074,0.9659258262890683,0.43388373911755823,-0.900968867902419,405.9122124594624,75.51727721196325,0,0,0,0
2026-06-11 02:00:00,,,,,,,,,0,0,0.49999999999999994,0.8660254037844387,0.43388373911755823,-0.900968867902419,405.9122124594624,75.51727721196325,0,0,0,0
2026-06-11 03:00:00,,,,,,,,,0,0,0.7071067811865476,0.7071067811865476,0.43388373911755823,-0.900968867902419,405.9122124594624,75.51727721196325,0,0,0,0
2026-06-11 04:00:00,,,,,,,,,0,0,0.8660254037844386,0.5000000000000001,0.43388373911755823,-0.900968867902419,405.9122124594624,75.51727721196325,0,0,0,0
2026-06-11 05:00:00,,,,,,,,,0,0,0.9659258262890683,0.25881904510252074,0.43388373911755823,-0.900968867902419,405.9122124594624,75.51727721196325,0,0,0,0
2026-06-11 06:00:00,,,,,,,,,0,0,1.0,6.123233995736766e-17,0.43388373911755823,-0.900968867902419,405.9122124594624,75.51727721196325,0,0,0,0
2026-06-11 07:00:00,,,,,,,,,0,1,0.9659258262890683,-0.25881904510252063,0.43388373911755823,-0.900968867902419,405.9122124594624,75.51727721196325,0,0,0,0
2026-06-11 08:00:00,,,,,,,,,0,1,0.8660254037844387,-0.4999999999999998,0.43388373911755823,-0.900968867902419,405.9122124594624,75.51727721196325,0,0,0,0
2026-06-11 09:00:00,,,,,,,,,0,1,0.7071067811865476,-0.7071067811865475,0.43388373911755823,-0.900968867902419,405.9122124594624,75.51727721196325,0,0,0,0
2026-06-11 10:00:00,,,,,,,,,0,1,0.49999999999999994,-0.8660254037844387,0.43388373911755823,-0.900968867902419,405.9122124594624,75.51727721196325,0,0,0,0
2026-06-11 11:00:00,,,,,,,,,0,0,0.258819045102521,-0.9659258262890682,0.43388373911755823,-0.900968867902419,405.9122124594624,75.51727721196325,0,0,0,0
2026-06-11 12:00:00,,,,,,,,,0,0,1.2246467991473532e-16,-1.0,0.43388373911755823,-0.900968867902419,405.9122124594624,75.51727721196325,0,0,0,0
2026-06-11 13:00:00,,,,,,,,,0,0,-0.2588190451025208,-0.9659258262890683,0.43388373911755823,-0.900968867902419,405.9122124594624,75.51727721196325,0,0,0,0
2026-06-11 14:00:00,,,,,,,,,0,0,-0.4999999999999997,-0.8660254037844388,0.43388373911755823,-0.900968867902419,405.9122124594624,75.51727721196325,0,0,0,0
2026-06-11 15:00:00,,,,,,,,,0,0,-0.7071067811865471,-0.7071067811865479,0.43388373911755823,-0.900968867902419,405.9122124594624,75.51727721196325,0,0,0,0
2026-06-11 16:00:00,,,,,,,,,0,0,-0.8660254037844385,-0.5000000000000004,0.43388373911755823,-0.900968867902419,405.9122124594624,75.51727721196325,0,0,0,0
2026-06-11 17:00:00,,,,,,,,,0,1,-0.9659258262890683,-0.25881904510252063,0.43388373911755823,-0.900968867902419,405.9122124594624,75.51727721196325,0,0,0,0
2026-06-11 18:00:00,,,,,,,,,0,1,-1.0,-1.8369701987210297e-16,0.43388373911755823,-0.900968867902419,405.9122124594624,75.51727721196325,0,0,0,0
2026-06-11 19:00:00,,,,,,,,,0,1,-0.9659258262890684,0.2588190451025203,0.43388373911755823,-0.900968867902419,405.9122124594624,75.51727721196325,0,0,0,0
2026-06-11 20:00:00,,,,,,,,,0,1,-0.8660254037844386,0.5000000000000001,0.43388373911755823,-0.900968867902419,405.9122124594624,75.51727721196325,0,0,0,0
2026-06-11 21:00:00,,,,,,,,,0,0,-0.7071067811865477,0.7071067811865474,0.43388373911755823,-0.900968867902419,405.9122124594624,75.51727721196325,0,0,0,0
2026-06-11 22:00:00,,,,,,,,,0,0,-0.5000000000000004,0.8660254037844384,0.43388373911755823,-0.900968867902419,405.9122124594624,75.51727721196325,0,0,0,0
2026-06-11 23:00:00,,,,,,,,,0,0,-0.25881904510252157,0.9659258262890681,0.43388373911755823,-0.900968867902419,405.9122124594624,75.51727721196325,0,0,0,0
2026-06-12 00:00:00,,,,,,,,,0,0,0.0,1.0,-0.433883739117558,-0.9009688679024191,405.9122124594624,75.51727721196325,0,0,0,0
2026-06-12 01:00:00,,,,,,,,,0,0,0.25881904510252074,0.9659258262890683,-0.433883739117558,-0.9009688679024191,405.9122124594624,75.51727721196325,0,0,0,0
2026-06-12 02:00:00,,,,,,,,,0,0,0.49999999999999994,0.8660254037844387,-0.433883739117558,-0.9009688679024191,405.9122124594624,75.51727721196325,0,0,0,0
2026-06-12 03:00:00,,,,,,,,,0,0,0.7071067811865476,0.7071067811865476,-0.433883739117558,-0.9009688679024191,405.9122124594624,75.51727721196325,0,0,0,0
2026-06-12 04:00:00,,,,,,,,,0,0,0.8660254037844386,0.5000000000000001,-0.433883739117558,-0.9009688679024191,405.9122124594624,75.51727721196325,0,0,0,0
2026-06-12 05:00:00,,,,,,,,,0,0,0.9659258262890683,0.25881904510252074,-0.433883739117558,-0.9009688679024191,405.9122124594624,75.51727721196325,0,0,0,0
2026-06-12 06:00:00,,,,,,,,,0,0,1.0,6.123233995736766e-17,-0.433883739117558,-0.9009688679024191,405.9122124594624,75.51727721196325,0,0,0,0
2026-06-12 07:00:00,,,,,,,,,0,1,0.9659258262890683,-0.25881904510252063,-0.433883739117558,-0.9009688679024191,405.9122124594624,75.51727721196325,0,0,0,0
2026-06-12 08:00:00,,,,,,,,,0,1,0.8660254037844387,-0.4999999999999998,-0.433883739117558,-0.9009688679024191,405.9122124594624,75.51727721196325,0,0,0,0
2026-06-12 09:00:00,,,,,,,,,0,1,0.7071067811865476,-0.7071067811865475,-0.433883739117558,-0.9009688679024191,405.9122124594624,75.51727721196325,0,0,0,0
2026-06-12 10:00:00,,,,,,,,,0,1,0.49999999999999994,-0.8660254037844387,-0.433883739117558,-0.9009688679024191,405.9122124594624,75.51727721196325,0,0,0,0
2026-06-12 11:00:00,,,,,,,,,0,0,0.258819045102521,-0.9659258262890682,-0.433883739117558,-0.9009688679024191,405.9122124594624,75.51727721196325,0,0,0,0
2026-06-12 12:00:00,,,,,,,,,0,0,1.2246467991473532e-16,-1.0,-0.433883739117558,-0.9009688679024191,405.9122124594624,75.51727721196325,0,0,0,0
2026-06-12 13:00:00,,,,,,,,,0,0,-0.2588190451025208,-0.9659258262890683,-0.433883739117558,-0.9009688679024191,405.9122124594624,75.51727721196325,0,0,0,0
2026-06-12 14:00:00,,,,,,,,,0,0,-0.4999999999999997,-0.8660254037844388,-0.433883739117558,-0.9009688679024191,405.9122124594624,75.51727721196325,0,0,0,0
2026-06-12 15:00:00,,,,,,,,,0,0,-0.7071067811865471,-0.7071067811865479,-0.433883739117558,-0.9009688679024191,405.9122124594624,75.51727721196325,0,0,0,0
2026-06-12 16:00:00,,,,,,,,,0,0,-0.8660254037844385,-0.5000000000000004,-0.433883739117558,-0.9009688679024191,405.9122124594624,75.51727721196325,0,0,0,0
2026-06-12 17:00:00,,,,,,,,,0,1,-0.9659258262890683,-0.25881904510252063,-0.433883739117558,-0.9009688679024191,405.9122124594624,75.51727721196325,0,0,0,0
2026-06-12 18:00:00,,,,,,,,,0,1,-1.0,-1.8369701987210297e-16,-0.433883739117558,-0.9009688679024191,405.9122124594624,75.51727721196325,0,0,0,0
2026-06-12 19:00:00,,,,,,,,,0,1,-0.9659258262890684,0.2588190451025203,-0.433883739117558,-0.9009688679024191,405.9122124594624,75.51727721196325,0,0,0,0
2026-06-12 20:00:00,,,,,,,,,0,1,-0.8660254037844386,0.5000000000000001,-0.433883739117558,-0.9009688679024191,405.9122124594624,75.51727721196325,0,0,0,0
2026-06-12 21:00:00,,,,,,,,,0,0,-0.7071067811865477,0.7071067811865474,-0.433883739117558,-0.9009688679024191,405.9122124594624,75.51727721196325,0,0,0,0
2026-06-12 22:00:00,,,,,,,,,0,0,-0.5000000000000004,0.8660254037844384,-0.433883739117558,-0.9009688679024191,405.9122124594624,75.51727721196325,0,0,0,0
2026-06-12 23:00:00,,,,,,,,,0,0,-0.25881904510252157,0.9659258262890681,-0.433883739117558,-0.9009688679024191,405.9122124594624,75.51727721196325,0,0,0,0
2026-06-13 00:00:00,,,,,,,,,1,0,0.0,1.0,-0.9749279121818236,-0.2225209339563146,405.9122124594624,75.51727721196325,0,0,0,0
2026-06-13 01:00:00,,,,,,,,,1,0,0.25881904510252074,0.9659258262890683,-0.9749279121818236,-0.2225209339563146,405.9122124594624,75.51727721196325,0,0,0,0
2026-06-13 02:00:00,,,,,,,,,1,0,0.49999999999999994,0.8660254037844387,-0.9749279121818236,-0.2225209339563146,405.9122124594624,75.51727721196325,0,0,0,0
2026-06-13 03:00:00,,,,,,,,,1,0,0.7071067811865476,0.7071067811865476,-0.9749279121818236,-0.2225209339563146,405.9122124594624,75.51727721196325,0,0,0,0
2026-06-13 04:00:00,,,,,,,,,1,0,0.8660254037844386,0.5000000000000001,-0.9749279121818236,-0.2225209339563146,405.9122124594624,75.51727721196325,0,0,0,0
2026-06-13 05:00:00,,,,,,,,,1,0,0.9659258262890683,0.25881904510252074,-0.9749279121818236,-0.2225209339563146,405.9122124594624,75.51727721196325,0,0,0,0
2026-06-13 06:00:00,,,,,,,,,1,0,1.0,6.123233995736766e-17,-0.9749279121818236,-0.2225209339563146,405.9122124594624,75.51727721196325,0,0,0,0
2026-06-13 07:00:00,,,,,,,,,1,0,0.9659258262890683,-0.25881904510252063,-0.9749279121818236,-0.2225209339563146,405.9122124594624,75.51727721196325,0,0,0,0
2026-06-13 08:00:00,,,,,,,,,1,0,0.8660254037844387,-0.4999999999999998,-0.9749279121818236,-0.2225209339563146,405.9122124594624,75.51727721196325,0,0,0,0
2026-06-13 09:00:00,,,,,,,,,1,0,0.7071067811865476,-0.7071067811865475,-0.9749279121818236,-0.2225209339563146,405.9122124594624,75.51727721196325,0,0,0,0
2026-06-13 10:00:00,,,,,,,,,1,0,0.49999999999999994,-0.8660254037844387,-0.9749279121818236,-0.2225209339563146,405.9122124594624,75.51727721196325,0,0,0,0
2026-06-13 11:00:00,,,,,,,,,1,0,0.258819045102521,-0.9659258262890682,-0.9749279121818236,-0.2225209339563146,405.9122124594624,75.51727721196325,0,0,0,0
2026-06-13 12:00:00,,,,,,,,,1,0,1.2246467991473532e-16,-1.0,-0.9749279121818236,-0.2225209339563146,405.9122124594624,75.51727721196325,0,0,0,0
2026-06-13 13:00:00,,,,,,,,,1,0,-0.2588190451025208,-0.9659258262890683,-0.9749279121818236,-0.2225209339563146,405.9122124594624,75.51727721196325,0,0,0,0
2026-06-13 14:00:00,,,,,,,,,1,0,-0.4999999999999997,-0.8660254037844388,-0.9749279121818236,-0.2225209339563146,405.9122124594624,75.51727721196325,0,0,0,0
2026-06-13 15:00:00,,,,,,,,,1,0,-0.7071067811865471,-0.7071067811865479,-0.9749279121818236,-0.2225209339563146,405.9122124594624,75.51727721196325,0,0,0,0
2026-06-13 16:00:00,,,,,,,,,1,0,-0.8660254037844385,-0.5000000000000004,-0.9749279121818236,-0.2225209339563146,405.9122124594624,75.51727721196325,0,0,0,0
2026-06-13 17:00:00,,,,,,,,,1,0,-0.9659258262890683,-0.25881904510252063,-0.9749279121818236,-0.2225209339563146,405.9122124594624,75.51727721196325,0,0,0,0
2026-06-13 18:00:00,,,,,,,,,1,0,-1.0,-1.8369701987210297e-16,-0.9749279121818236,-0.2225209339563146,405.9122124594624,75.51727721196325,0,0,0,0
2026-06-13 19:00:00,,,,,,,,,1,0,-0.9659258262890684,0.2588190451025203,-0.9749279121818236,-0.2225209339563146,405.9122124594624,75.51727721196325,0,0,0,0
2026-06-13 20:00:00,,,,,,,,,1,0,-0.8660254037844386,0.5000000000000001,-0.9749279121818236,-0.2225209339563146,405.9122124594624,75.51727721196325,0,0,0,0
2026-06-13 21:00:00,,,,,,,,,1,0,-0.7071067811865477,0.7071067811865474,-0.9749279121818236,-0.2225209339563146,405.9122124594624,75.51727721196325,0,0,0,0
2026-06-13 22:00:00,,,,,,,,,1,0,-0.5000000000000004,0.8660254037844384,-0.9749279121818236,-0.2225209339563146,405.9122124594624,75.51727721196325,0,0,0,0
2026-06-13 23:00:00,,,,,,,,,1,0,-0.25881904510252157,0.9659258262890681,-0.9749279121818236,-0.2225209339563146,405.9122124594624,75.51727721196325,0,0,0,0
2026-06-14 00:00:00,,,,,,,,,1,0,0.0,1.0,-0.7818314824680299,0.6234898018587334,405.9122124594624,75.51727721196325,0,0,0,0
2026-06-14 01:00:00,,,,,,,,,1,0,0.25881904510252074,0.9659258262890683,-0.7818314824680299,0.6234898018587334,405.9122124594624,75.51727721196325,0,0,0,0
2026-06-14 02:00:00,,,,,,,,,1,0,0.49999999999999994,0.8660254037844387,-0.7818314824680299,0.6234898018587334,405.9122124594624,75.51727721196325,0,0,0,0
2026-06-14 03:00:00,,,,,,,,,1,0,0.7071067811865476,0.7071067811865476,-0.7818314824680299,0.6234898018587334,405.9122124594624,75.51727721196325,0,0,0,0
2026-06-14 04:00:00,,,,,,,,,1,0,0.8660254037844386,0.5000000000000001,-0.7818314824680299,0.6234898018587334,405.9122124594624,75.51727721196325,0,0,0,0
2026-06-14 05:00:00,,,,,,,,,1,0,0.9659258262890683,0.25881904510252074,-0.7818314824680299,0.6234898018587334,405.9122124594624,75.51727721196325,0,0,0,0
2026-06-14 06:00:00,,,,,,,,,1,0,1.0,6.123233995736766e-17,-0.7818314824680299,0.6234898018587334,405.9122124594624,75.51727721196325,0,0,0,0
2026-06-14 07:00:00,,,,,,,,,1,0,0.9659258262890683,-0.25881904510252063,-0.7818314824680299,0.6234898018587334,405.9122124594624,75.51727721196325,0,0,0,0
2026-06-14 08:00:00,,,,,,,,,1,0,0.8660254037844387,-0.4999999999999998,-0.7818314824680299,0.6234898018587334,405.9122124594624,75.51727721196325,0,0,0,0
2026-06-14 09:00:00,,,,,,,,,1,0,0.7071067811865476,-0.7071067811865475,-0.7818314824680299,0.6234898018587334,405.9122124594624,75.51727721196325,0,0,0,0
2026-06-14 10:00:00,,,,,,,,,1,0,0.49999999999999994,-0.8660254037844387,-0.7818314824680299,0.6234898018587334,405.9122124594624,75.51727721196325,0,0,0,0
2026-06-14 11:00:00,,,,,,,,,1,0,0.258819045102521,-0.9659258262890682,-0.7818314824680299,0.6234898018587334,405.9122124594624,75.51727721196325,0,0,0,0
2026-06-14 12:00:00,,,,,,,,,1,0,1.2246467991473532e-16,-1.0,-0.7818314824680299,0.6234898018587334,405.9122124594624,75.51727721196325,0,0,0,0
2026-06-14 13:00:00,,,,,,,,,1,0,-0.2588190451025208,-0.9659258262890683,-0.7818314824680299,0.6234898018587334,405.9122124594624,75.51727721196325,0,0,0,0
2026-06-14 14:00:00,,,,,,,,,1,0,-0.4999999999999997,-0.8660254037844388,-0.7818314824680299,0.6234898018587334,405.9122124594624,75.51727721196325,0,0,0,0
2026-06-14 15:00:00,,,,,,,,,1,0,-0.7071067811865471,-0.7071067811865479,-0.7818314824680299,0.6234898018587334,405.9122124594624,75.51727721196325,0,0,0,0
2026-06-14 16:00:00,,,,,,,,,1,0,-0.8660254037844385,-0.5000000000000004,-0.7818314824680299,0.6234898018587334,405.9122124594624,75.51727721196325,0,0,0,0
2026-06-14 17:00:00,,,,,,,,,1,0,-0.9659258262890683,-0.25881904510252063,-0.7818314824680299,0.6234898018587334,405.9122124594624,75.51727721196325,0,0,0,0
2026-06-14 18:00:00,,,,,,,,,1,0,-1.0,-1.8369701987210297e-16,-0.7818314824680299,0.6234898018587334,405.9122124594624,75.51727721196325,0,0,0,0
2026-06-14 19:00:00,,,,,,,,,1,0,-0.9659258262890684,0.2588190451025203,-0.7818314824680299,0.6234898018587334,405.9122124594624,75.51727721196325,0,0,0,0
2026-06-14 20:00:00,,,,,,,,,1,0,-0.8660254037844386,0.5000000000000001,-0.7818314824680299,0.6234898018587334,405.9122124594624,75.51727721196325,0,0,0,0
2026-06-14 21:00:00,,,,,,,,,1,0,-0.7071067811865477,0.7071067811865474,-0.7818314824680299,0.6234898018587334,405.9122124594624,75.51727721196325,0,0,0,0
2026-06-14 22:00:00,,,,,,,,,1,0,-0.5000000000000004,0.8660254037844384,-0.7818314824680299,0.6234898018587334,405.9122124594624,75.51727721196325,0,0,0,0
2026-06-14 23:00:00,,,,,,,,,1,0,-0.25881904510252157,0.9659258262890681,-0.7818314824680299,0.6234898018587334,405.9122124594624,75.51727721196325,0,0,0,0
2026-06-15 00:00:00,,,,,,,,,0,0,0.0,1.0,0.0,1.0,405.9122124594624,75.51727721196325,0,0,0,0
2026-06-15 01:00:00,,,,,,,,,0,0,0.25881904510252074,0.9659258262890683,0.0,1.0,405.9122124594624,75.51727721196325,0,0,0,0
2026-06-15 02:00:00,,,,,,,,,0,0,0.49999999999999994,0.8660254037844387,0.0,1.0,405.9122124594624,75.51727721196325,0,0,0,0
2026-06-15 03:00:00,,,,,,,,,0,0,0.7071067811865476,0.7071067811865476,0.0,1.0,405.9122124594624,75.51727721196325,0,0,0,0
2026-06-15 04:00:00,,,,,,,,,0,0,0.8660254037844386,0.5000000000000001,0.0,1.0,405.9122124594624,75.51727721196325,0,0,0,0
2026-06-15 05:00:00,,,,,,,,,0,0,0.9659258262890683,0.25881904510252074,0.0,1.0,405.9122124594624,75.51727721196325,0,0,0,0
2026-06-15 06:00:00,,,,,,,,,0,0,1.0,6.123233995736766e-17,0.0,1.0,405.9122124594624,75.51727721196325,0,0,0,0
2026-06-15 07:00:00,,,,,,,,,0,1,0.9659258262890683,-0.25881904510252063,0.0,1.0,405.9122124594624,75.51727721196325,0,0,0,0
2026-06-15 08:00:00,,,,,,,,,0,1,0.8660254037844387,-0.4999999999999998,0.0,1.0,405.9122124594624,75.51727721196325,0,0,0,0
2026-06-15 09:00:00,,,,,,,,,0,1,0.7071067811865476,-0.7071067811865475,0.0,1.0,405.9122124594624,75.51727721196325,0,0,0,0
2026-06-15 10:00:00,481.0,41.1,0.086,67.51,28.5,57.0,1012.0,6.92,0,1,0.49999999999999994,-0.8660254037844387,0.0,1.0,405.9122124594624,240.0,0,1,1,1
2026-06-15 11:00:00,2884.0,27.65,0.3855,74.68,28.15,59.5,1011.0,6.975,0,0,0.258819045102521,-0.9659258262890682,0.0,1.0,405.9122124594624,76.0,0,1,1,1
2026-06-15 12:00:00,2708.0,26.8,0.40399999999999997,74.54,28.766666666666666,57.666666666666664,1011.0,7.23,0,0,1.2246467991473532e-16,-1.0,0.0,1.0,405.9122124594624,76.0,0,1,1,1
2026-06-15 13:00:00,2751.3763440860216,26.684946236559142,0.40655913978494623,74.63548387096775,28.724113475177305,57.87588652482269,1011.0212765957447,7.201063829787234,0,0,-0.2588190451025208,-0.9659258262890683,0.0,1.0,405.9122124594624,75.78014184397163,0,0,0,0
2026-06-15 14:00:00,2794.7526881720432,26.56989247311828,0.40911827956989244,74.73096774193549,28.681560283687944,58.08510638297872,1011.0425531914893,7.1721276595744685,0,0,-0.4999999999999997,-0.8660254037844388,0.0,1.0,405.9122124594624,75.56028368794327,0,0,0,0
2026-06-15 15:00:00,2838.1290322580644,26.45483870967742,0.4116774193548387,74.82645161290323,28.63900709219858,58.29432624113475,1011.063829787234,7.143191489361702,0,0,-0.7071067811865471,-0.7071067811865479,0.0,1.0,405.9122124594624,75.34042553191489,0,0,0,0
2026-06-15 16:00:00,,,0.41423655913978497,74.92193548387097,,,,,0,0,-0.8660254037844385,-0.5000000000000004,0.0,1.0,405.9122124594624,75.12056737588652,0,0,0,0
2026-06-15 17:00:00,,,0.4167956989247312,75.01741935483871,,,,,0,1,-0.9659258262890683,-0.25881904510252063,0.0,1.0,405.9122124594624,74.90070921985816,0,0,0,0
2026-06-15 18:00:00,,,0.41935483870967744,75.11290322580645,,,,,0,1,-1.0,-1.8369701987210297e-16,0.0,1.0,405.9122124594624,74.68085106382979,0,0,0,0
2026-06-15 19:00:00,,,,,,,,,0,1,-0.9659258262890684,0.2588190451025203,0.0,1.0,405.9122124594624,75.51727721196325,0,0,0,0
2026-06-15 20:00:00,,,,,,,,,0,1,-0.8660254037844386,0.5000000000000001,0.0,1.0,405.9122124594624,75.51727721196325,0,0,0,0
2026-06-15 21:00:00,,,,,,,,,0,0,-0.7071067811865477,0.7071067811865474,0.0,1.0,405.9122124594624,75.51727721196325,0,0,0,0
2026-06-15 22:00:00,,,,,,,,,0,0,-0.5000000000000004,0.8660254037844384,0.0,1.0,405.9122124594624,75.51727721196325,0,0,0,0
2026-06-15 23:00:00,,,,,,,,,0,0,-0.25881904510252157,0.9659258262890681,0.0,1.0,405.9122124594624,75.51727721196325,0,0,0,0
2026-06-16 00:00:00,,,,,,,,,0,0,0.0,1.0,0.7818314824680298,0.6234898018587336,405.9122124594624,75.51727721196325,0,0,0,0
2026-06-16 01:00:00,,,,,,,,,0,0,0.25881904510252074,0.9659258262890683,0.7818314824680298,0.6234898018587336,405.9122124594624,75.51727721196325,0,0,0,0
2026-06-16 02:00:00,,,,,,,,,0,0,0.49999999999999994,0.8660254037844387,0.7818314824680298,0.6234898018587336,405.9122124594624,75.51727721196325,0,0,0,0
2026-06-16 03:00:00,,,,,,,,,0,0,0.7071067811865476,0.7071067811865476,0.7818314824680298,0.6234898018587336,405.9122124594624,75.51727721196325,0,0,0,0
2026-06-16 04:00:00,,,,,,,,,0,0,0.8660254037844386,0.5000000000000001,0.7818314824680298,0.6234898018587336,405.9122124594624,75.51727721196325,0,0,0,0
2026-06-16 05:00:00,,,,,,,,,0,0,0.9659258262890683,0.25881904510252074,0.7818314824680298,0.6234898018587336,405.9122124594624,75.51727721196325,0,0,0,0
2026-06-16 06:00:00,,,,,,,,,0,0,1.0,6.123233995736766e-17,0.7818314824680298,0.6234898018587336,405.9122124594624,75.51727721196325,0,0,0,0
2026-06-16 07:00:00,,,,,,,,,0,1,0.9659258262890683,-0.25881904510252063,0.7818314824680298,0.6234898018587336,405.9122124594624,75.51727721196325,0,0,0,0
2026-06-16 08:00:00,,,,,,,,,0,1,0.8660254037844387,-0.4999999999999998,0.7818314824680298,0.6234898018587336,405.9122124594624,75.51727721196325,0,0,0,0
2026-06-16 09:00:00,,,,,,,,,0,1,0.7071067811865476,-0.7071067811865475,0.7818314824680298,0.6234898018587336,405.9122124594624,75.51727721196325,0,0,0,0
2026-06-16 10:00:00,,,,,,,,,0,1,0.49999999999999994,-0.8660254037844387,0.7818314824680298,0.6234898018587336,405.9122124594624,75.51727721196325,0,0,0,0
2026-06-16 11:00:00,,,,,,,,,0,0,0.258819045102521,-0.9659258262890682,0.7818314824680298,0.6234898018587336,405.9122124594624,75.51727721196325,0,0,0,0
2026-06-16 12:00:00,,,,,,,,,0,0,1.2246467991473532e-16,-1.0,0.7818314824680298,0.6234898018587336,405.9122124594624,75.51727721196325,0,0,0,0
2026-06-16 13:00:00,,,,,,,,,0,0,-0.2588190451025208,-0.9659258262890683,0.7818314824680298,0.6234898018587336,405.9122124594624,75.51727721196325,0,0,0,0
2026-06-16 14:00:00,,,,,,,,,0,0,-0.4999999999999997,-0.8660254037844388,0.7818314824680298,0.6234898018587336,405.9122124594624,75.51727721196325,0,0,0,0
2026-06-16 15:00:00,,,,,,,,,0,0,-0.7071067811865471,-0.7071067811865479,0.7818314824680298,0.6234898018587336,405.9122124594624,75.51727721196325,0,0,0,0
2026-06-16 16:00:00,,,,,,,,,0,0,-0.8660254037844385,-0.5000000000000004,0.7818314824680298,0.6234898018587336,405.9122124594624,75.51727721196325,0,0,0,0
2026-06-16 17:00:00,,,,,,,,,0,1,-0.9659258262890683,-0.25881904510252063,0.7818314824680298,0.6234898018587336,405.9122124594624,75.51727721196325,0,0,0,0
2026-06-16 18:00:00,,,,,,,,,0,1,-1.0,-1.8369701987210297e-16,0.7818314824680298,0.6234898018587336,405.9122124594624,75.51727721196325,0,0,0,0
2026-06-16 19:00:00,,,,,,,,,0,1,-0.9659258262890684,0.2588190451025203,0.7818314824680298,0.6234898018587336,405.9122124594624,75.51727721196325,0,0,0,0
2026-06-16 20:00:00,,,,,,,,,0,1,-0.8660254037844386,0.5000000000000001,0.7818314824680298,0.6234898018587336,405.9122124594624,75.51727721196325,0,0,0,0
2026-06-16 21:00:00,,,,,,,,,0,0,-0.7071067811865477,0.7071067811865474,0.7818314824680298,0.6234898018587336,405.9122124594624,75.51727721196325,0,0,0,0
2026-06-16 22:00:00,,,,,,,,,0,0,-0.5000000000000004,0.8660254037844384,0.7818314824680298,0.6234898018587336,405.9122124594624,75.51727721196325,0,0,0,0
2026-06-16 23:00:00,,,,,,,,,0,0,-0.25881904510252157,0.9659258262890681,0.7818314824680298,0.6234898018587336,405.9122124594624,75.51727721196325,0,0,0,0
2026-06-17 00:00:00,,,,,,,,,0,0,0.0,1.0,0.9749279121818236,-0.22252093395631434,405.9122124594624,75.51727721196325,0,0,0,0
2026-06-17 01:00:00,,,,,,,,,0,0,0.25881904510252074,0.9659258262890683,0.9749279121818236,-0.22252093395631434,405.9122124594624,75.51727721196325,0,0,0,0
2026-06-17 02:00:00,,,,,,,,,0,0,0.49999999999999994,0.8660254037844387,0.9749279121818236,-0.22252093395631434,405.9122124594624,75.51727721196325,0,0,0,0
2026-06-17 03:00:00,,,,,,,,,0,0,0.7071067811865476,0.7071067811865476,0.9749279121818236,-0.22252093395631434,405.9122124594624,75.51727721196325,0,0,0,0
2026-06-17 04:00:00,,,,,,,,,0,0,0.8660254037844386,0.5000000000000001,0.9749279121818236,-0.22252093395631434,405.9122124594624,75.51727721196325,0,0,0,0
2026-06-17 05:00:00,,,,,,,,,0,0,0.9659258262890683,0.25881904510252074,0.9749279121818236,-0.22252093395631434,405.9122124594624,75.51727721196325,0,0,0,0
2026-06-17 06:00:00,,,,,,,,,0,0,1.0,6.123233995736766e-17,0.9749279121818236,-0.22252093395631434,405.9122124594624,75.51727721196325,0,0,0,0
2026-06-17 07:00:00,,,,,,,,,0,1,0.9659258262890683,-0.25881904510252063,0.9749279121818236,-0.22252093395631434,405.9122124594624,75.51727721196325,0,0,0,0
2026-06-17 08:00:00,,,,,,,,,0,1,0.8660254037844387,-0.4999999999999998,0.9749279121818236,-0.22252093395631434,405.9122124594624,75.51727721196325,0,0,0,0
2026-06-17 09:00:00,,,,,,,,,0,1,0.7071067811865476,-0.7071067811865475,0.9749279121818236,-0.22252093395631434,405.9122124594624,75.51727721196325,0,0,0,0
2026-06-17 10:00:00,,,,,,,,,0,1,0.49999999999999994,-0.8660254037844387,0.9749279121818236,-0.22252093395631434,405.9122124594624,75.51727721196325,0,0,0,0
2026-06-17 11:00:00,,,,,,,,,0,0,0.258819045102521,-0.9659258262890682,0.9749279121818236,-0.22252093395631434,405.9122124594624,75.51727721196325,0,0,0,0
2026-06-17 12:00:00,,,,,,,,,0,0,1.2246467991473532e-16,-1.0,0.9749279121818236,-0.22252093395631434,405.9122124594624,75.51727721196325,0,0,0,0
2026-06-17 13:00:00,,,,,,,,,0,0,-0.2588190451025208,-0.9659258262890683,0.9749279121818236,-0.22252093395631434,405.9122124594624,75.51727721196325,0,0,0,0
2026-06-17 14:00:00,,,,,,,,,0,0,-0.4999999999999997,-0.8660254037844388,0.9749279121818236,-0.22252093395631434,405.9122124594624,75.51727721196325,0,0,0,0
2026-06-17 15:00:00,,,,,,,,,0,0,-0.7071067811865471,-0.7071067811865479,0.9749279121818236,-0.22252093395631434,405.9122124594624,75.51727721196325,0,0,0,0
2026-06-17 16:00:00,,,,,,,,,0,0,-0.8660254037844385,-0.5000000000000004,0.9749279121818236,-0.22252093395631434,405.9122124594624,75.51727721196325,0,0,0,0
2026-06-17 17:00:00,,,,,,,,,0,1,-0.9659258262890683,-0.25881904510252063,0.9749279121818236,-0.22252093395631434,405.9122124594624,75.51727721196325,0,0,0,0
2026-06-17 18:00:00,,,,,,,,,0,1,-1.0,-1.8369701987210297e-16,0.9749279121818236,-0.22252093395631434,405.9122124594624,75.51727721196325,0,0,0,0
2026-06-17 19:00:00,,,,,,,,,0,1,-0.9659258262890684,0.2588190451025203,0.9749279121818236,-0.22252093395631434,405.9122124594624,75.51727721196325,0,0,0,0
2026-06-17 20:00:00,,,,,,,,,0,1,-0.8660254037844386,0.5000000000000001,0.9749279121818236,-0.22252093395631434,405.9122124594624,75.51727721196325,0,0,0,0
2026-06-17 21:00:00,,,,,,,,,0,0,-0.7071067811865477,0.7071067811865474,0.9749279121818236,-0.22252093395631434,405.9122124594624,75.51727721196325,0,0,0,0
2026-06-17 22:00:00,,,,,,,,,0,0,-0.5000000000000004,0.8660254037844384,0.9749279121818236,-0.22252093395631434,405.9122124594624,75.51727721196325,0,0,0,0
2026-06-17 23:00:00,,,,,,,,,0,0,-0.25881904510252157,0.9659258262890681,0.9749279121818236,-0.22252093395631434,405.9122124594624,75.51727721196325,0,0,0,0
2026-06-18 00:00:00,,,,,,,,,0,0,0.0,1.0,0.43388373911755823,-0.900968867902419,405.9122124594624,75.51727721196325,0,0,0,0
2026-06-18 01:00:00,,,,,,,,,0,0,0.25881904510252074,0.9659258262890683,0.43388373911755823,-0.900968867902419,405.9122124594624,75.51727721196325,0,0,0,0
2026-06-18 02:00:00,,,,,,,,,0,0,0.49999999999999994,0.8660254037844387,0.43388373911755823,-0.900968867902419,405.9122124594624,75.51727721196325,0,0,0,0
2026-06-18 03:00:00,,,,,,,,,0,0,0.7071067811865476,0.7071067811865476,0.43388373911755823,-0.900968867902419,405.9122124594624,75.51727721196325,0,0,0,0
2026-06-18 04:00:00,,,,,,,,,0,0,0.8660254037844386,0.5000000000000001,0.43388373911755823,-0.900968867902419,405.9122124594624,75.51727721196325,0,0,0,0
2026-06-18 05:00:00,,,,,,,,,0,0,0.9659258262890683,0.25881904510252074,0.43388373911755823,-0.900968867902419,405.9122124594624,75.51727721196325,0,0,0,0
2026-06-18 06:00:00,,,,,,,,,0,0,1.0,6.123233995736766e-17,0.43388373911755823,-0.900968867902419,405.9122124594624,75.51727721196325,0,0,0,0
2026-06-18 07:00:00,,,,,,,,,0,1,0.9659258262890683,-0.25881904510252063,0.43388373911755823,-0.900968867902419,405.9122124594624,75.51727721196325,0,0,0,0
2026-06-18 08:00:00,,,,,,,,,0,1,0.8660254037844387,-0.4999999999999998,0.43388373911755823,-0.900968867902419,405.9122124594624,75.51727721196325,0,0,0,0
2026-06-18 09:00:00,,,,,,,,,0,1,0.7071067811865476,-0.7071067811865475,0.43388373911755823,-0.900968867902419,405.9122124594624,75.51727721196325,0,0,0,0
2026-06-18 10:00:00,,,,,,,,,0,1,0.49999999999999994,-0.8660254037844387,0.43388373911755823,-0.900968867902419,405.9122124594624,75.51727721196325,0,0,0,0
2026-06-18 11:00:00,,,,,,,,,0,0,0.258819045102521,-0.9659258262890682,0.43388373911755823,-0.900968867902419,405.9122124594624,75.51727721196325,0,0,0,0
2026-06-18 12:00:00,,,,,,,,,0,0,1.2246467991473532e-16,-1.0,0.43388373911755823,-0.900968867902419,405.9122124594624,75.51727721196325,0,0,0,0
2026-06-18 13:00:00,,,,,,,,,0,0,-0.2588190451025208,-0.9659258262890683,0.43388373911755823,-0.900968867902419,405.9122124594624,75.51727721196325,0,0,0,0
2026-06-18 14:00:00,,,,,,,,,0,0,-0.4999999999999997,-0.8660254037844388,0.43388373911755823,-0.900968867902419,405.9122124594624,75.51727721196325,0,0,0,0
2026-06-18 15:00:00,,,,,,,,,0,0,-0.7071067811865471,-0.7071067811865479,0.43388373911755823,-0.900968867902419,405.9122124594624,75.51727721196325,0,0,0,0
2026-06-18 16:00:00,,,,,,,,,0,0,-0.8660254037844385,-0.5000000000000004,0.43388373911755823,-0.900968867902419,405.9122124594624,75.51727721196325,0,0,0,0
2026-06-18 17:00:00,,,,,,,,,0,1,-0.9659258262890683,-0.25881904510252063,0.43388373911755823,-0.900968867902419,405.9122124594624,75.51727721196325,0,0,0,0
2026-06-18 18:00:00,,,,,,,,,0,1,-1.0,-1.8369701987210297e-16,0.43388373911755823,-0.900968867902419,405.9122124594624,75.51727721196325,0,0,0,0
2026-06-18 19:00:00,,,,,,,,,0,1,-0.9659258262890684,0.2588190451025203,0.43388373911755823,-0.900968867902419,405.9122124594624,75.51727721196325,0,0,0,0
2026-06-18 20:00:00,,,,,,,,,0,1,-0.8660254037844386,0.5000000000000001,0.43388373911755823,-0.900968867902419,405.9122124594624,75.51727721196325,0,0,0,0
2026-06-18 21:00:00,,,,,,,,,0,0,-0.7071067811865477,0.7071067811865474,0.43388373911755823,-0.900968867902419,405.9122124594624,75.51727721196325,0,0,0,0
2026-06-18 22:00:00,,,,,,,,,0,0,-0.5000000000000004,0.8660254037844384,0.43388373911755823,-0.900968867902419,405.9122124594624,75.51727721196325,0,0,0,0
2026-06-18 23:00:00,,,,,,,,,0,0,-0.25881904510252157,0.9659258262890681,0.43388373911755823,-0.900968867902419,405.9122124594624,75.51727721196325,0,0,0,0
2026-06-19 00:00:00,,,,,,,,,0,0,0.0,1.0,-0.433883739117558,-0.9009688679024191,405.9122124594624,75.51727721196325,0,0,0,0
2026-06-19 01:00:00,,,,,,,,,0,0,0.25881904510252074,0.9659258262890683,-0.433883739117558,-0.9009688679024191,405.9122124594624,75.51727721196325,0,0,0,0
2026-06-19 02:00:00,,,,,,,,,0,0,0.49999999999999994,0.8660254037844387,-0.433883739117558,-0.9009688679024191,405.9122124594624,75.51727721196325,0,0,0,0
2026-06-19 03:00:00,,,,,,,,,0,0,0.7071067811865476,0.7071067811865476,-0.433883739117558,-0.9009688679024191,405.9122124594624,75.51727721196325,0,0,0,0
2026-06-19 04:00:00,,,,,,,,,0,0,0.8660254037844386,0.5000000000000001,-0.433883739117558,-0.9009688679024191,405.9122124594624,75.51727721196325,0,0,0,0
2026-06-19 05:00:00,,,,,,,,,0,0,0.9659258262890683,0.25881904510252074,-0.433883739117558,-0.9009688679024191,405.9122124594624,75.51727721196325,0,0,0,0
2026-06-19 06:00:00,,,,,,,,,0,0,1.0,6.123233995736766e-17,-0.433883739117558,-0.9009688679024191,405.9122124594624,75.51727721196325,0,0,0,0
2026-06-19 07:00:00,,,,,,,,,0,1,0.9659258262890683,-0.25881904510252063,-0.433883739117558,-0.9009688679024191,405.9122124594624,75.51727721196325,0,0,0,0
2026-06-19 08:00:00,,,,,,,,,0,1,0.8660254037844387,-0.4999999999999998,-0.433883739117558,-0.9009688679024191,405.9122124594624,75.51727721196325,0,0,0,0
2026-06-19 09:00:00,6742.0,16.1,0.642,83.42,,,,,0,1,0.7071067811865476,-0.7071067811865475,-0.433883739117558,-0.9009688679024191,405.9122124594624,75.51727721196325,0,0,1,1
2026-06-19 10:00:00,6629.25,14.4,0.68,83.655,24.766666666666666,77.33333333333333,1013.0,4.51,0,1,0.49999999999999994,-0.8660254037844387,-0.433883739117558,-0.9009688679024191,408.0433333333333,55.333333333333336,1,1,1,1
2026-06-19 11:00:00,2311.0,25.2,0.44,74.16,25.5,76.0,1012.0,4.54,0,0,0.258819045102521,-0.9659258262890682,-0.433883739117558,-0.9009688679024191,410.64,52.0,1,1,1,1
2026-06-19 12:00:00,2353.0,27.9,0.38,73.755,25.52018779342723,75.90610328638498,1011.9859154929577,4.518483412322275,0,0,1.2246467991473532e-16,-1.0,-0.433883739117558,-0.9009688679024191,410.6023696682464,52.064,0,0,0,0
2026-06-19 13:00:00,2395.0,30.6,0.32,73.35,25.54037558685446,75.81220657276995,1011.9718309859155,4.4969668246445496,0,0,-0.2588190451025208,-0.9659258262890683,-0.433883739117558,-0.9009688679024191,410.5647393364929,52.128,0,0,1,1
2026-06-19 14:00:00,2452.6666666666665,28.333333333333336,0.37,73.85333333333332,25.56056338028169,75.71830985915493,1011.9577464788732,4.475450236966824,0,0,-0.4999999999999997,-0.8660254037844388,-0.433883739117558,-0.9009688679024191,410.5271090047393,52.192,0,0,0,0
2026-06-19 15:00:00,2510.3333333333335,26.066666666666666,0.42,74.35666666666667,,,,,0,0,-0.7071067811865471,-0.7071067811865479,-0.433883739117558,-0.9009688679024191,410.48947867298574,52.256,0,0,0,0
2026-06-19 16:00:00,2568.0,23.8,0.47,74.86,,,,,0,0,-0.8660254037844385,-0.5000000000000004,-0.433883739117558,-0.9009688679024191,410.4518483412322,52.32,0,0,1,1
2026-06-19 17:00:00,4649.0,21.75,0.5165,78.82,,,,,0,1,-0.9659258262890683,-0.25881904510252063,-0.433883739117558,-0.9009688679024191,410.41421800947865,52.384,0,0,0,0
2026-06-19 18:00:00,6730.0,19.7,0.563,82.78,,,,,0,1,-1.0,-1.8369701987210297e-16,-0.433883739117558,-0.9009688679024191,410.37658767772507,75.51727721196325,0,0,1,1
2026-06-19 19:00:00,6570.0,15.35,0.6599999999999999,83.45,,,,,0,1,-0.9659258262890684,0.2588190451025203,-0.433883739117558,-0.9009688679024191,410.33895734597155,75.51727721196325,0,0,0,0
2026-06-19 20:00:00,6410.0,11.0,0.757,84.12,,,,,0,1,-0.8660254037844386,0.5000000000000001,-0.433883739117558,-0.9009688679024191,410.301327014218,75.51727721196325,0,0,1,1
2026-06-19 21:00:00,2333.0,30.3,0.327,73.3,,,,,0,0,-0.7071067811865477,0.7071067811865474,-0.433883739117558,-0.9009688679024191,405.9122124594624,75.51727721196325,0,0,1,1
2026-06-19 22:00:00,1755.0,39.5,0.121,70.41,,,,,0,0,-0.5000000000000004,0.8660254037844384,-0.433883739117558,-0.9009688679024191,405.9122124594624,75.51727721196325,0,0,1,1
2026-06-19 23:00:00,1281.5,40.25,0.105,68.6,,,,,0,0,-0.25881904510252157,0.9659258262890681,-0.433883739117558,-0.9009688679024191,405.9122124594624,75.51727721196325,0,0,0,0
2026-06-20 00:00:00,808.0,41.0,0.089,66.79,,,,,1,0,0.0,1.0,-0.9749279121818236,-0.2225209339563146,405.9122124594624,75.51727721196325,0,0,1,1
2026-06-20 01:00:00,855.5,41.025,0.08825,67.0125,,,,,1,0,0.25881904510252074,0.9659258262890683,-0.9749279121818236,-0.2225209339563146,405.9122124594624,75.51727721196325,0,0,0,0
2026-06-20 02:00:00,903.0,41.05,0.0875,67.23500000000001,,,,,1,0,0.49999999999999994,0.8660254037844387,-0.9749279121818236,-0.2225209339563146,405.9122124594624,75.51727721196325,0,0,0,0
2026-06-20 03:00:00,950.5,41.075,0.08675,67.45750000000001,,,,,1,0,0.7071067811865476,0.7071067811865476,-0.9749279121818236,-0.2225209339563146,405.9122124594624,75.51727721196325,0,0,0,0
2026-06-20 04:00:00,998.0,41.1,0.086,67.68,,,,,1,0,0.8660254037844386,0.5000000000000001,-0.9749279121818236,-0.2225209339563146,405.9122124594624,75.51727721196325,0,0,1,1
2026-06-20 05:00:00,953.0,40.925,0.09,67.495,,,,,1,0,0.9659258262890683,0.25881904510252074,-0.9749279121818236,-0.2225209339563146,405.9122124594624,75.51727721196325,0,0,0,0
2026-06-20 06:00:00,908.0,40.75,0.094,67.31,,,,,1,0,1.0,6.123233995736766e-17,-0.9749279121818236,-0.2225209339563146,405.9122124594624,75.51727721196325,0,0,0,0
2026-06-20 07:00:00,863.0,40.575,0.09799999999999999,67.125,,,,,1,0,0.9659258262890683,-0.25881904510252063,-0.9749279121818236,-0.2225209339563146,405.9122124594624,75.51727721196325,0,0,0,0
2026-06-20 08:00:00,818.0,40.4,0.102,66.94,,,,,1,0,0.8660254037844387,-0.4999999999999998,-0.9749279121818236,-0.2225209339563146,405.9122124594624,75.51727721196325,0,0,1,1
2026-06-20 09:00:00,909.5,39.0,0.1335,67.63,,,,,1,0,0.7071067811865476,-0.7071067811865475,-0.9749279121818236,-0.2225209339563146,405.9122124594624,75.51727721196325,0,0,0,0
2026-06-20 10:00:00,1001.0,37.6,0.165,68.32,,,,,1,0,0.49999999999999994,-0.8660254037844387,-0.9749279121818236,-0.2225209339563146,405.9122124594624,75.51727721196325,0,0,1,1
2026-06-20 11:00:00,853.5,40.949999999999996,0.0905,66.97,,,,,1,0,0.258819045102521,-0.9659258262890682,-0.9749279121818236,-0.2225209339563146,405.9122124594624,75.51727721196325,0,0,0,0
2026-06-20 12:00:00,706.0,44.3,0.016,65.62,,,,,1,0,1.2246467991473532e-16,-1.0,-0.9749279121818236,-0.2225209339563146,405.9122124594624,75.51727721196325,0,0,1,1
2026-06-20 13:00:00,878.0,42.65,0.053,66.775,,,,,1,0,-0.2588190451025208,-0.9659258262890683,-0.9749279121818236,-0.2225209339563146,405.9122124594624,75.51727721196325,0,0,0,0
2026-06-20 14:00:00,1050.0,41.0,0.09,67.93,,,,,1,0,-0.4999999999999997,-0.8660254037844388,-0.9749279121818236,-0.2225209339563146,405.9122124594624,75.51727721196325,0,0,1,1
2026-06-20 15:00:00,893.0,40.55,0.0995,67.23500000000001,,,,,1,0,-0.7071067811865471,-0.7071067811865479,-0.9749279121818236,-0.2225209339563146,405.9122124594624,75.51727721196325,0,0,0,0
2026-06-20 16:00:00,736.0,40.1,0.109,66.54,,,,,1,0,-0.8660254037844385,-0.5000000000000004,-0.9749279121818236,-0.2225209339563146,405.9122124594624,75.51727721196325,0,0,1,1
2026-06-20 17:00:00,530.0,37.6,0.163,65.55,,,,,1,0,-0.9659258262890683,-0.25881904510252063,-0.9749279121818236,-0.2225209339563146,405.9122124594624,75.51727721196325,0,0,1,1
2026-06-20 18:00:00,798.0,36.45,0.189,67.275,,,,,1,0,-1.0,-1.8369701987210297e-16,-0.9749279121818236,-0.2225209339563146,405.9122124594624,75.51727721196325,0,0,0,0
2026-06-20 19:00:00,1066.0,35.3,0.215,69.0,,,,,1,0,-0.9659258262890684,0.2588190451025203,-0.9749279121818236,-0.2225209339563146,405.9122124594624,75.51727721196325,0,0,1,1
2026-06-20 20:00:00,364.0,41.5,0.078,63.24,,,,,1,0,-0.8660254037844386,0.5000000000000001,-0.9749279121818236,-0.2225209339563146,405.9122124594624,75.51727721196325,0,0,1,1
2026-06-20 21:00:00,733.5,40.8,0.093,65.765,,,,,1,0,-0.7071067811865477,0.7071067811865474,-0.9749279121818236,-0.2225209339563146,405.9122124594624,75.51727721196325,0,0,0,0
2026-06-20 22:00:00,1103.0,40.1,0.108,68.29,,,,,1,0,-0.5000000000000004,0.8660254037844384,-0.9749279121818236,-0.2225209339563146,405.9122124594624,75.51727721196325,0,0,1,1
2026-06-20 23:00:00,612.0,38.4,0.147,66.04,,,,,1,0,-0.25881904510252157,0.9659258262890681,-0.9749279121818236,-0.2225209339563146,405.9122124594624,75.51727721196325,0,0,1,1
2026-06-21 00:00:00,654.0,39.62,0.11979999999999999,66.08,,,,,1,0,0.0,1.0,-0.7818314824680299,0.6234898018587334,405.9122124594624,75.51727721196325,0,0,0,0
2026-06-21 01:00:00,696.0,40.839999999999996,0.0926,66.12,,,,,1,0,0.25881904510252074,0.9659258262890683,-0.7818314824680299,0.6234898018587334,405.9122124594624,75.51727721196325,0,0,0,0
2026-06-21 02:00:00,738.0,42.06,0.0654,66.16,,,,,1,0,0.49999999999999994,0.8660254037844387,-0.7818314824680299,0.6234898018587334,405.9122124594624,75.51727721196325,0,0,0,0
2026-06-21 03:00:00,,,0.0382,66.19999999999999,,,,,1,0,0.7071067811865476,0.7071067811865476,-0.7818314824680299,0.6234898018587334,405.9122124594624,75.51727721196325,0,0,0,0
2026-06-21 04:00:00,822.0,44.5,0.011,66.24,,,,,1,0,0.8660254037844386,0.5000000000000001,-0.7818314824680299,0.6234898018587334,405.9122124594624,75.51727721196325,0,0,1,1
2026-06-21 05:00:00,816.5,43.675,0.029500000000000002,66.35749999999999,,,,,1,0,0.9659258262890683,0.25881904510252074,-0.7818314824680299,0.6234898018587334,405.9122124594624,75.51727721196325,0,0,0,0
2026-06-21 06:00:00,811.0,42.85,0.048,66.475,,,,,1,0,1.0,6.123233995736766e-17,-0.7818314824680299,0.6234898018587334,405.9122124594624,75.51727721196325,0,0,0,0
2026-06-21 07:00:00,805.5,42.025000000000006,0.0665,66.59249999999999,,,,,1,0,0.9659258262890683,-0.25881904510252063,-0.7818314824680299,0.6234898018587334,405.9122124594624,75.51727721196325,0,0,0,0
2026-06-21 08:00:00,800.0,41.2,0.085,66.71,,,,,1,0,0.8660254037844387,-0.4999999999999998,-0.7818314824680299,0.6234898018587334,405.9122124594624,75.51727721196325,0,0,1,1
2026-06-21 09:00:00,680.3333333333334,39.43333333333334,0.124,66.16,,,,,1,0,0.7071067811865476,-0.7071067811865475,-0.7818314824680299,0.6234898018587334,405.9122124594624,75.51727721196325,0,0,0,0
2026-06-21 10:00:00,560.6666666666666,37.666666666666664,0.163,65.61,,,,,1,0,0.49999999999999994,-0.8660254037844387,-0.7818314824680299,0.6234898018587334,405.9122124594624,75.51727721196325,0,0,0,0
2026-06-21 11:00:00,441.0,35.9,0.202,65.06,,,,,1,0,0.258819045102521,-0.9659258262890682,-0.7818314824680299,0.6234898018587334,405.9122124594624,75.51727721196325,0,0,1,1
2026-06-21 12:00:00,528.6666666666666,36.833333333333336,0.18133333333333335,65.57333333333334,,,,,1,0,1.2246467991473532e-16,-1.0,-0.7818314824680299,0.6234898018587334,405.9122124594624,75.51727721196325,0,0,0,0
2026-06-21 13:00:00,616.3333333333333,37.766666666666666,0.16066666666666668,66.08666666666666,,,,,1,0,-0.2588190451025208,-0.9659258262890683,-0.7818314824680299,0.6234898018587334,405.9122124594624,75.51727721196325,0,0,0,0
2026-06-21 14:00:00,704.0,38.7,0.14,66.6,,,,,1,0,-0.4999999999999997,-0.8660254037844388,-0.7818314824680299,0.6234898018587334,405.9122124594624,75.51727721196325,0,0,1,1
2026-06-21 15:00:00,768.5,40.55,0.099,66.63499999999999,,,,,1,0,-0.7071067811865471,-0.7071067811865479,-0.7818314824680299,0.6234898018587334,405.9122124594624,75.51727721196325,0,0,0,0
2026-06-21 16:00:00,833.0,42.4,0.058,66.67,,,,,1,0,-0.8660254037844385,-0.5000000000000004,-0.7818314824680299,0.6234898018587334,405.9122124594624,75.51727721196325,0,0,1,1
2026-06-21 17:00:00,824.5,42.65,0.052000000000000005,66.575,,,,,1,0,-0.9659258262890683,-0.25881904510252063,-0.7818314824680299,0.6234898018587334,405.9122124594624,75.51727721196325,0,0,0,0
2026-06-21 18:00:00,816.0,42.9,0.046,66.48,,,,,1,0,-1.0,-1.8369701987210297e-16,-0.7818314824680299,0.6234898018587334,405.9122124594624,75.51727721196325,0,0,1,1
2026-06-21 19:00:00,884.5,42.349999999999994,0.059,66.92500000000001,,,,,1,0,-0.9659258262890684,0.2588190451025203,-0.7818314824680299,0.6234898018587334,405.9122124594624,75.51727721196325,0,0,0,0
2026-06-21 20:00:00,953.0,41.8,0.072,67.37,,,,,1,0,-0.8660254037844386,0.5000000000000001,-0.7818314824680299,0.6234898018587334,405.9122124594624,75.51727721196325,0,0,1,1
2026-06-21 21:00:00,523.0,36.7,0.185,65.67,,,,,1,0,-0.7071067811865477,0.7071067811865474,-0.7818314824680299,0.6234898018587334,405.9122124594624,75.51727721196325,0,0,1,1
2026-06-21 22:00:00,688.0,40.5,0.1,66.05000000000001,,,,,1,0,-0.5000000000000004,0.8660254037844384,-0.7818314824680299,0.6234898018587334,405.9122124594624,75.51727721196325,0,0,0,0
2026-06-21 23:00:00,853.0,44.3,0.015,66.43,,,,,1,0,-0.25881904510252157,0.9659258262890681,-0.7818314824680299,0.6234898018587334,405.9122124594624,75.51727721196325,0,0,1,1
2026-06-22 00:00:00,686.6666666666666,42.43333333333333,0.056999999999999995,65.49333333333334,,,,,0,0,0.0,1.0,0.0,1.0,405.9122124594624,75.51727721196325,0,0,0,0
2026-06-22 01:00:00,520.3333333333333,40.56666666666667,0.09899999999999999,64.55666666666667,,,,,0,0,0.25881904510252074,0.9659258262890683,0.0,1.0,405.9122124594624,75.51727721196325,0,0,0,0
2026-06-22 02:00:00,354.0,38.7,0.141,63.62,,,,,0,0,0.49999999999999994,0.8660254037844387,0.0,1.0,405.9122124594624,75.51727721196325,0,0,1,1
2026-06-22 03:00:00,1376.6666666666665,34.66666666666667,0.23049999999999998,66.94166666666666,,,,,0,0,0.7071067811865476,0.7071067811865476,0.0,1.0,405.9122124594624,75.51727721196325,0,0,0,0
2026-06-22 04:00:00,2399.333333333333,30.633333333333333,0.31999999999999995,70.26333333333334,,,,,0,0,0.8660254037844386,0.5000000000000001,0.0,1.0,405.9122124594624,75.51727721196325,0,0,0,0
2026-06-22 05:00:00,3422.0,26.6,0.4095,73.585,,,,,0,0,0.9659258262890683,0.25881904510252074,0.0,1.0,405.9122124594624,75.51727721196325,0,0,0,0
2026-06-22 06:00:00,,,0.499,76.90666666666667,,,,,0,0,1.0,6.123233995736766e-17,0.0,1.0,405.9122124594624,75.51727721196325,0,0,0,0
2026-06-22 07:00:00,,,0.5885,80.22833333333332,,,,,0,1,0.9659258262890683,-0.25881904510252063,0.0,1.0,405.9122124594624,75.51727721196325,0,0,0,0
2026-06-22 08:00:00,6490.0,14.5,0.678,83.55,,,,,0,1,0.8660254037844387,-0.4999999999999998,0.0,1.0,405.9122124594624,75.51727721196325,0,0,1,1
2026-06-22 09:00:00,5863.5,16.8,0.6266666666666667,82.01166666666666,,,,,0,1,0.7071067811865476,-0.7071067811865475,0.0,1.0,405.9122124594624,75.51727721196325,0,0,0,0
2026-06-22 10:00:00,5237.0,19.1,0.5753333333333334,80.47333333333333,,,,,0,1,0.49999999999999994,-0.8660254037844387,0.0,1.0,405.9122124594624,75.51727721196325,0,0,0,0
2026-06-22 11:00:00,4610.5,21.4,0.524,78.935,,,,,0,0,0.258819045102521,-0.9659258262890682,0.0,1.0,405.9122124594624,75.51727721196325,0,0,0,0
2026-06-22 12:00:00,,,0.4726666666666667,77.39666666666666,,,,,0,0,1.2246467991473532e-16,-1.0,0.0,1.0,405.9122124594624,75.51727721196325,0,0,0,0
2026-06-22 13:00:00,,,0.42133333333333334,75.85833333333333,,,,,0,0,-0.2588190451025208,-0.9659258262890683,0.0,1.0,405.9122124594624,75.51727721196325,0,0,0,0
2026-06-22 14:00:00,2731.0,28.3,0.37,74.32,,,,,0,0,-0.4999999999999997,-0.8660254037844388,0.0,1.0,405.9122124594624,75.51727721196325,0,0,1,1
2026-06-22 15:00:00,3665.75,25.975,0.422,76.4225,,,,,0,0,-0.7071067811865471,-0.7071067811865479,0.0,1.0,405.9122124594624,75.51727721196325,0,0,0,0
2026-06-22 16:00:00,4600.5,23.65,0.474,78.525,,,,,0,0,-0.8660254037844385,-0.5000000000000004,0.0,1.0,405.9122124594624,75.51727721196325,0,0,0,0
2026-06-22 17:00:00,5535.25,21.325,0.526,80.6275,,,,,0,1,-0.9659258262890683,-0.25881904510252063,0.0,1.0,405.9122124594624,75.51727721196325,0,0,0,0
2026-06-22 18:00:00,6470.0,19.0,0.578,82.73,,,,,0,1,-1.0,-1.8369701987210297e-16,0.0,1.0,405.9122124594624,75.51727721196325,0,0,1,1
2026-06-22 19:00:00,4960.666666666667,25.700000000000003,0.42866666666666664,78.79333333333334,,,,,0,1,-0.9659258262890684,0.2588190451025203,0.0,1.0,405.9122124594624,75.51727721196325,0,0,0,0
2026-06-22 20:00:00,3451.3333333333335,32.400000000000006,0.2793333333333333,74.85666666666667,,,,,0,1,-0.8660254037844386,0.5000000000000001,0.0,1.0,405.9122124594624,75.51727721196325,0,0,0,0
2026-06-22 21:00:00,1942.0,39.1,0.13,70.92,,,,,0,0,-0.7071067811865477,0.7071067811865474,0.0,1.0,405.9122124594624,75.51727721196325,0,0,1,1
2026-06-22 22:00:00,1233.5,37.650000000000006,0.163,68.345,,,,,0,0,-0.5000000000000004,0.8660254037844384,0.0,1.0,405.9122124594624,75.51727721196325,0,0,0,0
2026-06-22 23:00:00,525.0,36.2,0.196,65.77,,,,,0,0,-0.25881904510252157,0.9659258262890681,0.0,1.0,405.9122124594624,75.51727721196325,0,0,1,1
2026-06-23 00:00:00,806.0,36.3,0.193,67.32499999999999,,,,,0,0,0.0,1.0,0.7818314824680298,0.6234898018587336,405.9122124594624,75.51727721196325,0,0,0,0
2026-06-23 01:00:00,1087.0,36.4,0.19,68.88,,,,,0,0,0.25881904510252074,0.9659258262890683,0.7818314824680298,0.6234898018587336,405.9122124594624,75.51727721196325,0,0,1,1
2026-06-23 02:00:00,890.5,36.4,0.19025,67.4875,,,,,0,0,0.49999999999999994,0.8660254037844387,0.7818314824680298,0.6234898018587336,405.9122124594624,75.51727721196325,0,0,0,0
2026-06-23 03:00:00,694.0,36.4,0.1905,66.095,,,,,0,0,0.7071067811865476,0.7071067811865476,0.7818314824680298,0.6234898018587336,405.9122124594624,75.51727721196325,0,0,0,0
2026-06-23 04:00:00,497.5,36.4,0.19075,64.7025,,,,,0,0,0.8660254037844386,0.5000000000000001,0.7818314824680298,0.6234898018587336,405.9122124594624,75.51727721196325,0,0,0,0
2026-06-23 05:00:00,301.0,36.4,0.191,63.31,,,,,0,0,0.9659258262890683,0.25881904510252074,0.7818314824680298,0.6234898018587336,405.9122124594624,75.51727721196325,0,0,1,1
2026-06-23 06:00:00,1849.75,29.849999999999998,0.3365,68.56,,,,,0,0,1.0,6.123233995736766e-17,0.7818314824680298,0.6234898018587336,405.9122124594624,75.51727721196325,0,0,0,0
2026-06-23 07:00:00,3398.5,23.299999999999997,0.48200000000000004,73.81,,,,,0,1,0.9659258262890683,-0.25881904510252063,0.7818314824680298,0.6234898018587336,405.9122124594624,75.51727721196325,0,0,0,0
2026-06-23 08:00:00,4947.25,16.749999999999996,0.6275000000000001,79.06,,,,,0,1,0.8660254037844387,-0.4999999999999998,0.7818314824680298,0.6234898018587336,405.9122124594624,75.51727721196325,0,0,0,0
2026-06-23 09:00:00,6496.0,10.2,0.773,84.31,,,,,0,1,0.7071067811865476,-0.7071067811865475,0.7818314824680298,0.6234898018587336,405.9122124594624,75.51727721196325,0,0,1,1
2026-06-23 10:00:00,5094.333333333333,16.46666666666667,0.6336666666666666,80.68666666666667,,,,,0,1,0.49999999999999994,-0.8660254037844387,0.7818314824680298,0.6234898018587336,405.9122124594624,75.51727721196325,0,0,0,0
2026-06-23 11:00:00,3692.6666666666665,22.733333333333334,0.4943333333333333,77.06333333333333,,,,,0,0,0.258819045102521,-0.9659258262890682,0.7818314824680298,0.6234898018587336,405.9122124594624,75.51727721196325,0,0,0,0
2026-06-23 12:00:00,2291.0,29.0,0.355,73.44,,,,,0,0,1.2246467991473532e-16,-1.0,0.7818314824680298,0.6234898018587336,405.9122124594624,75.51727721196325,0,0,1,1
2026-06-23 13:00:00,2402.3333333333335,28.5,0.36633333333333334,73.72666666666666,,,,,0,0,-0.2588190451025208,-0.9659258262890683,0.7818314824680298,0.6234898018587336,405.9122124594624,75.51727721196325,0,0,0,0
2026-06-23 14:00:00,2513.6666666666665,28.0,0.37766666666666665,74.01333333333334,,,,,0,0,-0.4999999999999997,-0.8660254037844388,0.7818314824680298,0.6234898018587336,405.9122124594624,75.51727721196325,0,0,0,0
2026-06-23 15:00:00,2625.0,27.5,0.389,74.3,,,,,0,0,-0.7071067811865471,-0.7071067811865479,0.7818314824680298,0.6234898018587336,405.9122124594624,75.51727721196325,0,0,1,1
2026-06-23 16:00:00,4560.0,20.45,0.546,79.025,,,,,0,0,-0.8660254037844385,-0.5000000000000004,0.7818314824680298,0.6234898018587336,405.9122124594624,75.51727721196325,0,0,0,0
2026-06-23 17:00:00,6495.0,13.4,0.703,83.75,,,,,0,1,-0.9659258262890683,-0.25881904510252063,0.7818314824680298,0.6234898018587336,405.9122124594624,75.51727721196325,0,0,1,1
2026-06-23 18:00:00,6415.0,14.466666666666667,0.6786666666666666,83.5,,,,,0,1,-1.0,-1.8369701987210297e-16,0.7818314824680298,0.6234898018587336,405.9122124594624,75.51727721196325,0,0,0,0
2026-06-23 19:00:00,6335.0,15.533333333333335,0.6543333333333333,83.25,,,,,0,1,-0.9659258262890684,0.2588190451025203,0.7818314824680298,0.6234898018587336,405.9122124594624,75.51727721196325,0,0,0,0
2026-06-23 20:00:00,6255.0,16.6,0.63,83.0,,,,,0,1,-0.8660254037844386,0.5000000000000001,0.7818314824680298,0.6234898018587336,405.9122124594624,75.51727721196325,0,0,1,1
2026-06-23 21:00:00,2220.0,31.5,0.299,72.86,,,,,0,0,-0.7071067811865477,0.7071067811865474,0.7818314824680298,0.6234898018587336,405.9122124594624,75.51727721196325,0,0,1,1
2026-06-23 22:00:00,1542.0,39.4,0.1495,70.815,,,,,0,0,-0.5000000000000004,0.8660254037844384,0.7818314824680298,0.6234898018587336,405.9122124594624,75.51727721196325,0,0,0,0
2026-06-23 23:00:00,864.0,47.3,0.0,68.77,,,,,0,0,-0.25881904510252157,0.9659258262890681,0.7818314824680298,0.6234898018587336,405.9122124594624,75.51727721196325,0,0,1,1
2026-06-24 00:00:00,827.5,43.55,0.0575,67.83500000000001,,,,,0,0,0.0,1.0,0.9749279121818236,-0.22252093395631434,405.9122124594624,75.51727721196325,0,0,0,0
2026-06-24 01:00:00,791.0,39.8,0.115,66.9,,,,,0,0,0.25881904510252074,0.9659258262890683,0.9749279121818236,-0.22252093395631434,405.9122124594624,75.51727721196325,0,0,1,1
2026-06-24 02:00:00,796.25,40.175,0.10675000000000001,66.86250000000001,,,,,0,0,0.49999999999999994,0.8660254037844387,0.9749279121818236,-0.22252093395631434,405.9122124594624,75.51727721196325,0,0,0,0
2026-06-24 03:00:00,801.5,40.55,0.0985,66.825,,,,,0,0,0.7071067811865476,0.7071067811865476,0.9749279121818236,-0.22252093395631434,405.9122124594624,75.51727721196325,0,0,0,0
2026-06-24 04:00:00,806.75,40.925,0.09025,66.7875,,,,,0,0,0.8660254037844386,0.5000000000000001,0.9749279121818236,-0.22252093395631434,405.9122124594624,75.51727721196325,0,0,0,0
2026-06-24 05:00:00,812.0,41.3,0.082,66.75,,,,,0,0,0.9659258262890683,0.25881904510252074,0.9749279121818236,-0.22252093395631434,405.9122124594624,75.51727721196325,0,0,1,1
2026-06-24 06:00:00,2235.75,35.9,0.202,70.72,,,,,0,0,1.0,6.123233995736766e-17,0.9749279121818236,-0.22252093395631434,405.9122124594624,75.51727721196325,0,0,0,0
2026-06-24 07:00:00,3659.5,30.5,0.322,74.69,,,,,0,1,0.9659258262890683,-0.25881904510252063,0.9749279121818236,-0.22252093395631434,405.9122124594624,75.51727721196325,0,0,0,0
2026-06-24 08:00:00,5083.25,25.099999999999998,0.442,78.66,,,,,0,1,0.8660254037844387,-0.4999999999999998,0.9749279121818236,-0.22252093395631434,405.9122124594624,75.51727721196325,0,0,0,0
2026-06-24 09:00:00,6507.0,19.7,0.562,82.63,,,,,0,1,0.7071067811865476,-0.7071067811865475,0.9749279121818236,-0.22252093395631434,405.9122124594624,75.51727721196325,0,0,1,1
2026-06-24 10:00:00,5256.666666666667,23.96666666666667,0.46766666666666673,79.63,,,,,0,1,0.49999999999999994,-0.8660254037844387,0.9749279121818236,-0.22252093395631434,405.9122124594624,75.51727721196325,0,0,0,0
2026-06-24 11:00:00,4006.3333333333335,28.233333333333334,0.3733333333333334,76.63,,,,,0,0,0.258819045102521,-0.9659258262890682,0.9749279121818236,-0.22252093395631434,405.9122124594624,75.51727721196325,0,0,0,0
2026-06-24 12:00:00,2756.0,32.5,0.279,73.63,,,,,0,0,1.2246467991473532e-16,-1.0,0.9749279121818236,-0.22252093395631434,405.9122124594624,75.51727721196325,0,0,1,1
2026-06-24 13:00:00,2736.3333333333335,29.6,0.343,74.11333333333333,,,,,0,0,-0.2588190451025208,-0.9659258262890683,0.9749279121818236,-0.22252093395631434,405.9122124594624,75.51727721196325,0,0,0,0
2026-06-24 14:00:00,2716.6666666666665,26.7,0.40700000000000003,74.59666666666666,,,,,0,0,-0.4999999999999997,-0.8660254037844388,0.9749279121818236,-0.22252093395631434,405.9122124594624,75.51727721196325,0,0,0,0
2026-06-24 15:00:00,2697.0,23.8,0.471,75.08,,,,,0,0,-0.7071067811865471,-0.7071067811865479,0.9749279121818236,-0.22252093395631434,405.9122124594624,75.51727721196325,0,0,1,1
2026-06-24 16:00:00,4510.5,20.6,0.5425,79.0,,,,,0,0,-0.8660254037844385,-0.5000000000000004,0.9749279121818236,-0.22252093395631434,405.9122124594624,75.51727721196325,0,0,0,0
2026-06-24 17:00:00,6324.0,17.4,0.614,82.92,,,,,0,1,-0.9659258262890683,-0.25881904510252063,0.9749279121818236,-0.22252093395631434,405.9122124594624,75.51727721196325,0,0,1,1
2026-06-24 18:00:00,6484.5,18.2,0.596,82.88499999999999,,,,,0,1,-1.0,-1.8369701987210297e-16,0.9749279121818236,-0.22252093395631434,405.9122124594624,75.51727721196325,0,0,0,0
2026-06-24 19:00:00,6645.0,19.0,0.578,82.85,,,,,0,1,-0.9659258262890684,0.2588190451025203,0.9749279121818236,-0.22252093395631434,405.9122124594624,75.51727721196325,0,0,1,1
2026-06-24 20:00:00,4399.0,24.65,0.4525,77.9,,,,,0,1,-0.8660254037844386,0.5000000000000001,0.9749279121818236,-0.22252093395631434,405.9122124594624,75.51727721196325,0,0,0,0
2026-06-24 21:00:00,2153.0,30.3,0.327,72.95,,,,,0,0,-0.7071067811865477,0.7071067811865474,0.9749279121818236,-0.22252093395631434,405.9122124594624,75.51727721196325,0,0,1,1
2026-06-24 22:00:00,1945.0,37.6,0.165,71.21,,,,,0,0,-0.5000000000000004,0.8660254037844384,0.9749279121818236,-0.22252093395631434,405.9122124594624,75.51727721196325,0,0,1,1
2026-06-24 23:00:00,1138.0,38.85,0.137,67.14,,,,,0,0,-0.25881904510252157,0.9659258262890681,0.9749279121818236,-0.22252093395631434,405.9122124594624,75.51727721196325,0,0,0,0
2026-06-25 00:00:00,331.0,40.1,0.109,63.07,,,,,0,0,0.0,1.0,0.43388373911755823,-0.900968867902419,405.9122124594624,75.51727721196325,0,0,1,1
2026-06-25 01:00:00,356.75,39.475,0.123,63.475,,,,,0,0,0.25881904510252074,0.9659258262890683,0.43388373911755823,-0.900968867902419,405.9122124594624,75.51727721196325,0,0,0,0
2026-06-25 02:00:00,382.5,38.85,0.137,63.879999999999995,,,,,0,0,0.49999999999999994,0.8660254037844387,0.43388373911755823,-0.900968867902419,405.9122124594624,75.51727721196325,0,0,0,0
2026-06-25 03:00:00,408.25,38.225,0.15100000000000002,64.285,,,,,0,0,0.7071067811865476,0.7071067811865476,0.43388373911755823,-0.900968867902419,405.9122124594624,75.51727721196325,0,0,0,0
2026-06-25 04:00:00,434.0,37.6,0.165,64.69,,,,,0,0,0.8660254037844386,0.5000000000000001,0.43388373911755823,-0.900968867902419,405.9122124594624,75.51727721196325,0,0,1,1
2026-06-25 05:00:00,1933.5,32.25,0.28375,69.3175,,,,,0,0,0.9659258262890683,0.25881904510252074,0.43388373911755823,-0.900968867902419,405.9122124594624,75.51727721196325,0,0,0,0
2026-06-25 06:00:00,3433.0,26.9,0.40249999999999997,73.945,,,,,0,0,1.0,6.123233995736766e-17,0.43388373911755823,-0.900968867902419,405.9122124594624,75.51727721196325,0,0,0,0
2026-06-25 07:00:00,4932.5,21.55,0.52125,78.5725,,,,,0,1,0.9659258262890683,-0.25881904510252063,0.43388373911755823,-0.900968867902419,405.9122124594624,75.51727721196325,0,0,0,0
2026-06-25 08:00:00,6432.0,16.2,0.64,83.2,,,,,0,1,0.8660254037844387,-0.4999999999999998,0.43388373911755823,-0.900968867902419,405.9122124594624,75.51727721196325,0,0,1,1
2026-06-25 09:00:00,5134.666666666666,20.266666666666666,0.55,80.13666666666667,,,,,0,1,0.7071067811865476,-0.7071067811865475,0.43388373911755823,-0.900968867902419,405.9122124594624,75.51727721196325,0,0,0,0
2026-06-25 10:00:00,3837.333333333333,24.333333333333332,0.46,77.07333333333334,,,,,0,1,0.49999999999999994,-0.8660254037844387,0.43388373911755823,-0.900968867902419,405.9122124594624,75.51727721196325,0,0,0,0
2026-06-25 11:00:00,2540.0,28.4,0.37,74.01,,,,,0,0,0.258819045102521,-0.9659258262890682,0.43388373911755823,-0.900968867902419,405.9122124594624,75.51727721196325,0,0,1,1
2026-06-25 12:00:00,2473.5,29.9,0.33599999999999997,73.62,,,,,0,0,1.2246467991473532e-16,-1.0,0.43388373911755823,-0.900968867902419,405.9122124594624,75.51727721196325,0,0,0,0
2026-06-25 13:00:00,2407.0,31.4,0.302,73.23,,,,,0,0,-0.2588190451025208,-0.9659258262890683,0.43388373911755823,-0.900968867902419,405.9122124594624,75.51727721196325,0,0,1,1
2026-06-25 14:00:00,2455.3333333333335,28.3,0.3706666666666667,73.86333333333333,,,,,0,0,-0.4999999999999997,-0.8660254037844388,0.43388373911755823,-0.900968867902419,405.9122124594624,75.51727721196325,0,0,0,0
2026-06-25 15:00:00,2503.6666666666665,25.2,0.43933333333333335,74.49666666666667,,,,,0,0,-0.7071067811865471,-0.7071067811865479,0.43388373911755823,-0.900968867902419,405.9122124594624,75.51727721196325,0,0,0,0
2026-06-25 16:00:00,2552.0,22.1,0.508,75.13,,,,,0,0,-0.8660254037844385,-0.5000000000000004,0.43388373911755823,-0.900968867902419,405.9122124594624,75.51727721196325,0,0,1,1
2026-06-25 17:00:00,4579.5,18.85,0.5800000000000001,79.275,,,,,0,1,-0.9659258262890683,-0.25881904510252063,0.43388373911755823,-0.900968867902419,405.9122124594624,75.51727721196325,0,0,0,0
2026-06-25 18:00:00,6607.0,15.6,0.652,83.42,,,,,0,1,-1.0,-1.8369701987210297e-16,0.43388373911755823,-0.900968867902419,405.9122124594624,75.51727721196325,0,0,1,1
2026-06-25 19:00:00,6640.0,18.25,0.594,82.975,,,,,0,1,-0.9659258262890684,0.2588190451025203,0.43388373911755823,-0.900968867902419,405.9122124594624,75.51727721196325,0,0,0,0
2026-06-25 20:00:00,6673.0,20.9,0.536,82.53,,,,,0,1,-0.8660254037844386,0.5000000000000001,0.43388373911755823,-0.900968867902419,405.9122124594624,75.51727721196325,0,0,1,1
2026-06-25 21:00:00,4211.0,25.6,0.4315,77.285,,,,,0,0,-0.7071067811865477,0.7071067811865474,0.43388373911755823,-0.900968867902419,405.9122124594624,75.51727721196325,0,0,0,0
2026-06-25 22:00:00,1749.0,30.3,0.327,72.04,,,,,0,0,-0.5000000000000004,0.8660254037844384,0.43388373911755823,-0.900968867902419,405.9122124594624,75.51727721196325,0,0,1,1
2026-06-25 23:00:00,1007.0,43.3,0.037,67.33,,,,,0,0,-0.25881904510252157,0.9659258262890681,0.43388373911755823,-0.900968867902419,405.9122124594624,75.51727721196325,0,0,1,1
2026-06-26 00:00:00,897.5,41.724999999999994,0.07225,66.9925,,,,,0,0,0.0,1.0,-0.433883739117558,-0.9009688679024191,405.9122124594624,75.51727721196325,0,0,0,0
2026-06-26 01:00:00,788.0,40.15,0.10749999999999998,66.655,,,,,0,0,0.25881904510252074,0.9659258262890683,-0.433883739117558,-0.9009688679024191,405.9122124594624,75.51727721196325,0,0,0,0
2026-06-26 02:00:00,678.5,38.575,0.14275,66.3175,,,,,0,0,0.49999999999999994,0.8660254037844387,-0.433883739117558,-0.9009688679024191,405.9122124594624,75.51727721196325,0,0,0,0
2026-06-26 03:00:00,569.0,37.0,0.178,65.98,,,,,0,0,0.7071067811865476,0.7071067811865476,-0.433883739117558,-0.9009688679024191,405.9122124594624,75.51727721196325,0,0,1,1
2026-06-26 04:00:00,2090.0,32.35,0.2815,70.2275,,,,,0,0,0.8660254037844386,0.5000000000000001,-0.433883739117558,-0.9009688679024191,405.9122124594624,75.51727721196325,0,0,0,0
2026-06-26 05:00:00,3611.0,27.7,0.385,74.475,,,,,0,0,0.9659258262890683,0.25881904510252074,-0.433883739117558,-0.9009688679024191,405.9122124594624,75.51727721196325,0,0,0,0
2026-06-26 06:00:00,5132.0,23.049999999999997,0.4885,78.7225,,,,,0,0,1.0,6.123233995736766e-17,-0.433883739117558,-0.9009688679024191,405.9122124594624,75.51727721196325,0,0,0,0
2026-06-26 07:00:00,6653.0,18.4,0.592,82.97,,,,,0,1,0.9659258262890683,-0.25881904510252063,-0.433883739117558,-0.9009688679024191,405.9122124594624,75.51727721196325,0,0,1,1
2026-06-26 08:00:00,6705.0,16.333333333333332,0.6376666666666666,83.36666666666666,,,,,0,1,0.8660254037844387,-0.4999999999999998,-0.433883739117558,-0.9009688679024191,405.9122124594624,75.51727721196325,0,0,0,0
2026-06-26 09:00:00,6757.0,14.266666666666666,0.6833333333333333,83.76333333333334,,,,,0,1,0.7071067811865476,-0.7071067811865475,-0.433883739117558,-0.9009688679024191,405.9122124594624,75.51727721196325,0,0,0,0
2026-06-26 10:00:00,6809.0,12.2,0.729,84.16,,,,,0,1,0.49999999999999994,-0.8660254037844387,-0.433883739117558,-0.9009688679024191,405.9122124594624,75.51727721196325,0,0,1,1
2026-06-26 11:00:00,5385.666666666667,17.333333333333332,0.6146666666666667,80.81666666666666,,,,,0,0,0.258819045102521,-0.9659258262890682,-0.433883739117558,-0.9009688679024191,405.9122124594624,75.51727721196325,0,0,0,0
2026-06-26 12:00:00,3962.3333333333335,22.46666666666667,0.5003333333333333,77.47333333333333,,,,,0,0,1.2246467991473532e-16,-1.0,-0.433883739117558,-0.9009688679024191,405.9122124594624,75.51727721196325,0,0,0,0
2026-06-26 13:00:00,2539.0,27.6,0.386,74.13,,,,,0,0,-0.2588190451025208,-0.9659258262890683,-0.433883739117558,-0.9009688679024191,405.9122124594624,75.51727721196325,0,0,1,1
2026-06-26 14:00:00,2415.5,26.4,0.41300000000000003,74.125,,,,,0,0,-0.4999999999999997,-0.8660254037844388,-0.433883739117558,-0.9009688679024191,405.9122124594624,75.51727721196325,0,0,0,0
2026-06-26 15:00:00,2292.0,25.2,0.44,74.12,,,,,0,0,-0.7071067811865471,-0.7071067811865479,-0.433883739117558,-0.9009688679024191,405.9122124594624,75.51727721196325,0,0,1,1
2026-06-26 16:00:00,4393.0,20.9,0.535,78.64500000000001,,,,,0,0,-0.8660254037844385,-0.5000000000000004,-0.433883739117558,-0.9009688679024191,405.9122124594624,75.51727721196325,0,0,0,0
2026-06-26 17:00:00,6494.0,16.6,0.63,83.17,,,,,0,1,-0.9659258262890683,-0.25881904510252063,-0.433883739117558,-0.9009688679024191,405.9122124594624,75.51727721196325,0,0,1,1
2026-06-26 18:00:00,6662.5,16.0,0.644,83.39,,,,,0,1,-1.0,-1.8369701987210297e-16,-0.433883739117558,-0.9009688679024191,405.9122124594624,75.51727721196325,0,0,0,0
2026-06-26 19:00:00,6831.0,15.4,0.658,83.61,,,,,0,1,-0.9659258262890684,0.2588190451025203,-0.433883739117558,-0.9009688679024191,405.9122124594624,75.51727721196325,0,0,1,1
2026-06-26 20:00:00,4365.5,29.700000000000003,0.3395,76.785,,,,,0,1,-0.8660254037844386,0.5000000000000001,-0.433883739117558,-0.9009688679024191,405.9122124594624,75.51727721196325,0,0,0,0
2026-06-26 21:00:00,1900.0,44.0,0.021,69.96,,,,,0,0,-0.7071067811865477,0.7071067811865474,-0.433883739117558,-0.9009688679024191,405.9122124594624,75.51727721196325,0,0,1,1
2026-06-26 22:00:00,2400.0,30.9,0.314,73.31,,,,,0,0,-0.5000000000000004,0.8660254037844384,-0.433883739117558,-0.9009688679024191,405.9122124594624,75.51727721196325,0,0,1,1
2026-06-26 23:00:00,1631.0,34.75,0.22799999999999998,70.4,,,,,0,0,-0.25881904510252157,0.9659258262890681,-0.433883739117558,-0.9009688679024191,405.9122124594624,75.51727721196325,0,0,0,0
2026-06-27 00:00:00,862.0,38.6,0.142,67.49,,,,,1,0,0.0,1.0,-0.9749279121818236,-0.2225209339563146,405.9122124594624,75.51727721196325,0,0,1,1
2026-06-27 01:00:00,807.25,39.325,0.12625,67.04499999999999,,,,,1,0,0.25881904510252074,0.9659258262890683,-0.9749279121818236,-0.2225209339563146,405.9122124594624,75.51727721196325,0,0,0,0
2026-06-27 02:00:00,752.5,40.05,0.11049999999999999,66.6,,,,,1,0,0.49999999999999994,0.8660254037844387,-0.9749279121818236,-0.2225209339563146,405.9122124594624,75.51727721196325,0,0,0,0
2026-06-27 03:00:00,697.75,40.775,0.09475,66.155,,,,,1,0,0.7071067811865476,0.7071067811865476,-0.9749279121818236,-0.2225209339563146,405.9122124594624,75.51727721196325,0,0,0,0
2026-06-27 04:00:00,643.0,41.5,0.079,65.71,,,,,1,0,0.8660254037844386,0.5000000000000001,-0.9749279121818236,-0.2225209339563146,405.9122124594624,75.51727721196325,0,0,1,1
2026-06-27 05:00:00,631.3333333333334,40.333333333333336,0.105,65.83999999999999,,,,,1,0,0.9659258262890683,0.25881904510252074,-0.9749279121818236,-0.2225209339563146,405.9122124594624,75.51727721196325,0,0,0,0
2026-06-27 06:00:00,619.6666666666666,39.166666666666664,0.131,65.97,,,,,1,0,1.0,6.123233995736766e-17,-0.9749279121818236,-0.2225209339563146,405.9122124594624,75.51727721196325,0,0,0,0
2026-06-27 07:00:00,608.0,38.0,0.157,66.1,,,,,1,0,0.9659258262890683,-0.25881904510252063,-0.9749279121818236,-0.2225209339563146,405.9122124594624,75.51727721196325,0,0,1,1
2026-06-27 08:00:00,660.6666666666666,37.333333333333336,0.171,66.54333333333334,,,,,1,0,0.8660254037844387,-0.4999999999999998,-0.9749279121818236,-0.2225209339563146,405.9122124594624,75.51727721196325,0,0,0,0
2026-06-27 09:00:00,713.3333333333334,36.666666666666664,0.185,66.98666666666666,,,,,1,0,0.7071067811865476,-0.7071067811865475,-0.9749279121818236,-0.2225209339563146,405.9122124594624,75.51727721196325,0,0,0,0
2026-06-27 10:00:00,766.0,36.0,0.199,67.43,,,,,1,0,0.49999999999999994,-0.8660254037844387,-0.9749279121818236,-0.2225209339563146,405.9122124594624,75.51727721196325,0,0,1,1
2026-06-27 11:00:00,812.0,43.5,0.033,66.36,,,,,1,0,0.258819045102521,-0.9659258262890682,-0.9749279121818236,-0.2225209339563146,405.9122124594624,75.51727721196325,0,0,1,1
2026-06-27 12:00:00,574.0,39.2,0.129,65.21000000000001,,,,,1,0,1.2246467991473532e-16,-1.0,-0.9749279121818236,-0.2225209339563146,405.9122124594624,75.51727721196325,0,0,0,0
2026-06-27 13:00:00,336.0,34.9,0.225,64.06,,,,,1,0,-0.2588190451025208,-0.9659258262890683,-0.9749279121818236,-0.2225209339563146,405.9122124594624,75.51727721196325,0,0,1,1
2026-06-27 14:00:00,502.5,36.4,0.192,65.295,,,,,1,0,-0.4999999999999997,-0.8660254037844388,-0.9749279121818236,-0.2225209339563146,405.9122124594624,75.51727721196325,0,0,0,0
2026-06-27 15:00:00,669.0,37.9,0.159,66.53,,,,,1,0,-0.7071067811865471,-0.7071067811865479,-0.9749279121818236,-0.2225209339563146,405.9122124594624,75.51727721196325,0,0,1,1
2026-06-27 16:00:00,920.0,40.4,0.103,67.46,,,,,1,0,-0.8660254037844385,-0.5000000000000004,-0.9749279121818236,-0.2225209339563146,405.9122124594624,75.51727721196325,0,0,1,1
2026-06-27 17:00:00,789.5,40.3,0.1045,66.75,,,,,1,0,-0.9659258262890683,-0.25881904510252063,-0.9749279121818236,-0.2225209339563146,405.9122124594624,75.51727721196325,0,0,0,0
2026-06-27 18:00:00,659.0,40.2,0.106,66.04,,,,,1,0,-1.0,-1.8369701987210297e-16,-0.9749279121818236,-0.2225209339563146,405.9122124594624,75.51727721196325,0,0,1,1
2026-06-27 19:00:00,879.0,42.4,0.058,66.9,,,,,1,0,-0.9659258262890684,0.2588190451025203,-0.9749279121818236,-0.2225209339563146,405.9122124594624,75.51727721196325,0,0,1,1
2026-06-27 20:00:00,740.0,40.2,0.10650000000000001,66.465,,,,,1,0,-0.8660254037844386,0.5000000000000001,-0.9749279121818236,-0.2225209339563146,405.9122124594624,75.51727721196325,0,0,0,0
2026-06-27 21:00:00,601.0,38.0,0.155,66.03,,,,,1,0,-0.7071067811865477,0.7071067811865474,-0.9749279121818236,-0.2225209339563146,405.9122124594624,75.51727721196325,0,0,1,1
2026-06-27 22:00:00,1060.0,37.3,0.17,68.61,,,,,1,0,-0.5000000000000004,0.8660254037844384,-0.9749279121818236,-0.2225209339563146,405.9122124594624,75.51727721196325,0,0,1,1
2026-06-27 23:00:00,844.5,38.0,0.1545,67.35499999999999,,,,,1,0,-0.25881904510252157,0.9659258262890681,-0.9749279121818236,-0.2225209339563146,405.9122124594624,75.51727721196325,0,0,0,0
2026-06-28 00:00:00,629.0,38.7,0.139,66.1,,,,,1,0,0.0,1.0,-0.7818314824680299,0.6234898018587334,405.9122124594624,75.51727721196325,0,0,1,1
2026-06-28 01:00:00,731.4,38.74,0.13820000000000002,66.61,,,,,1,0,0.25881904510252074,0.9659258262890683,-0.7818314824680299,0.6234898018587334,405.9122124594624,75.51727721196325,0,0,0,0
2026-06-28 02:00:00,833.8,38.78,0.13740000000000002,67.12,,,,,1,0,0.49999999999999994,0.8660254037844387,-0.7818314824680299,0.6234898018587334,405.9122124594624,75.51727721196325,0,0,0,0
2026-06-28 03:00:00,936.2,38.82,0.1366,67.63,,,,,1,0,0.7071067811865476,0.7071067811865476,-0.7818314824680299,0.6234898018587334,405.9122124594624,75.51727721196325,0,0,0,0
2026-06-28 04:00:00,,,0.1358,68.14,,,,,1,0,0.8660254037844386,0.5000000000000001,-0.7818314824680299,0.6234898018587334,405.9122124594624,75.51727721196325,0,0,0,0
2026-06-28 05:00:00,1141.0,38.9,0.135,68.65,,,,,1,0,0.9659258262890683,0.25881904510252074,-0.7818314824680299,0.6234898018587334,405.9122124594624,75.51727721196325,0,0,1,1
2026-06-28 06:00:00,786.0,38.300000000000004,0.14833333333333332,67.12333333333333,,,,0.0,1,0,1.0,6.123233995736766e-17,-0.7818314824680299,0.6234898018587334,402.7,75.51727721196325,1,0,1,1
2026-06-28 07:00:00,893.0,36.7,0.18416666666666665,67.94166666666666,,,,2.975,1,0,0.9659258262890683,-0.25881904510252063,-0.7818314824680299,0.6234898018587334,402.7,75.51727721196325,0,0,0,0
2026-06-28 08:00:00,1000.0,35.1,0.22,68.76,29.8,56.0,1009.0,5.95,1,0,0.8660254037844387,-0.4999999999999998,-0.7818314824680299,0.6234898018587334,402.7,75.51727721196325,1,0,1,1
2026-06-28 09:00:00,772.0,37.400000000000006,0.16899999999999998,67.03,30.1,55.5,1008.0,5.825,1,0,0.7071067811865476,-0.7071067811865475,-0.7818314824680299,0.6234898018587334,402.7,75.51727721196325,0,0,0,0
2026-06-28 10:00:00,544.0,39.7,0.118,65.3,30.4,55.0,1007.0,5.7,1,0,0.49999999999999994,-0.8660254037844387,-0.7818314824680299,0.6234898018587334,402.7,75.51727721196325,1,0,1,1
2026-06-28 11:00:00,710.0,41.1,0.087,66.08500000000001,29.299999999999997,59.0,1007.0,5.92,1,0,0.258819045102521,-0.9659258262890682,-0.7818314824680299,0.6234898018587334,402.7,75.51727721196325,0,0,0,0
2026-06-28 12:00:00,876.0,42.5,0.056,66.87,28.2,63.0,1007.0,6.14,1,0,1.2246467991473532e-16,-1.0,-0.7818314824680299,0.6234898018587334,402.7,75.51727721196325,1,0,1,1
2026-06-28 13:00:00,745.5,40.5,0.1005,66.46000000000001,27.299999999999997,66.0,1008.5,6.614999999999999,1,0,-0.2588190451025208,-0.9659258262890683,-0.7818314824680299,0.6234898018587334,403.375,75.51727721196325,0,0,0,0
2026-06-28 14:00:00,615.0,38.5,0.145,66.05,26.4,69.0,1010.0,7.09,1,0,-0.4999999999999997,-0.8660254037844388,-0.7818314824680299,0.6234898018587334,404.05,75.51727721196325,1,0,1,1
2026-06-28 15:00:00,786.0,35.1,0.221,67.72,25.4,69.0,1010.0,7.32,1,0,-0.7071067811865471,-0.7071067811865479,-0.7818314824680299,0.6234898018587334,404.05,75.51727721196325,1,0,1,1
2026-06-28 16:00:00,740.0,36.400000000000006,0.192,67.22,24.799999999999997,71.0,1011.0,7.07,1,0,-0.8660254037844385,-0.5000000000000004,-0.7818314824680299,0.6234898018587334,406.75,75.51727721196325,0,0,0,0
2026-06-28 17:00:00,694.0,37.7,0.163,66.72,24.2,73.0,1012.0,6.82,1,0,-0.9659258262890683,-0.25881904510252063,-0.7818314824680299,0.6234898018587334,409.45,75.51727721196325,1,0,1,1
2026-06-28 18:00:00,851.0,37.9,0.158,67.56,23.1,78.0,1010.0,6.19,1,0,-1.0,-1.8369701987210297e-16,-0.7818314824680299,0.6234898018587334,406.75,75.51727721196325,1,0,1,1
2026-06-28 19:00:00,689.0,37.599999999999994,0.1645,66.575,22.85,79.5,1010.0,6.255000000000001,1,0,-0.9659258262890684,0.2588190451025203,-0.7818314824680299,0.6234898018587334,406.75,75.51727721196325,0,0,0,0
2026-06-28 20:00:00,527.0,37.3,0.171,65.59,22.6,81.0,1010.0,6.32,1,0,-0.8660254037844386,0.5000000000000001,-0.7818314824680299,0.6234898018587334,406.75,75.51727721196325,1,0,1,1
2026-06-28 21:00:00,898.0,40.2,0.106,67.38,22.6,83.0,1009.0,6.32,1,0,-0.7071067811865477,0.7071067811865474,-0.7818314824680299,0.6234898018587334,404.05,75.51727721196325,1,0,1,1
2026-06-28 22:00:00,744.5,39.650000000000006,0.1185,66.57,22.3,83.0,1009.0,6.17,1,0,-0.5000000000000004,0.8660254037844384,-0.7818314824680299,0.6234898018587334,403.375,75.51727721196325,0,0,0,0
2026-06-28 23:00:00,591.0,39.1,0.131,65.76,22.0,83.0,1009.0,6.02,1,0,-0.25881904510252157,0.9659258262890681,-0.7818314824680299,0.6234898018587334,402.7,75.51727721196325,1,0,1,1
2026-06-29 00:00:00,383.8125,37.95,0.157,63.315,22.0,84.0,1009.5,6.255,0,0,0.0,1.0,0.0,1.0,402.7,75.51727721196325,0,0,0,0
2026-06-29 01:00:00,176.625,36.8,0.183,60.87,22.0,85.0,1010.0,6.49,0,0,0.25881904510252074,0.9659258262890683,0.0,1.0,402.7,75.51727721196325,1,0,1,1
2026-06-29 02:00:00,533.9,35.96,0.2018,63.126,23.24,80.0,1009.6,6.626,0,0,0.49999999999999994,0.8660254037844387,0.0,1.0,402.7,75.51727721196325,0,0,0,0
2026-06-29 03:00:00,891.175,35.12,0.22060000000000002,65.382,24.48,75.0,1009.2,6.7620000000000005,0,0,0.7071067811865476,0.7071067811865476,0.0,1.0,402.7,75.51727721196325,0,0,0,0
2026-06-29 04:00:00,1248.45,34.28,0.2394,67.638,25.72,70.0,1008.8,6.898,0,0,0.8660254037844386,0.5000000000000001,0.0,1.0,402.7,75.51727721196325,0,0,0,0
2026-06-29 05:00:00,,,0.2582,69.894,,,,,0,0,0.9659258262890683,0.25881904510252074,0.0,1.0,402.7,75.51727721196325,0,0,0,0
2026-06-29 06:00:00,1963.0,32.6,0.277,72.15,28.2,60.0,1008.0,7.17,0,0,1.0,6.123233995736766e-17,0.0,1.0,402.7,75.51727721196325,1,0,1,1
2026-06-29 07:00:00,2098.6,32.620000000000005,0.2762,72.4,27.62,64.8,1008.0,7.2059999999999995,0,1,0.9659258262890683,-0.25881904510252063,0.0,1.0,402.43,75.51727721196325,0,0,0,0
2026-06-29 08:00:00,2234.2,32.64,0.27540000000000003,72.65,27.04,69.6,1008.0,7.242,0,1,0.8660254037844387,-0.4999999999999998,0.0,1.0,402.16,75.51727721196325,0,0,0,0
2026-06-29 09:00:00,2369.8,32.660000000000004,0.2746,72.9,26.46,74.4,1008.0,7.278,0,1,0.7071067811865476,-0.7071067811865475,0.0,1.0,401.89,75.51727721196325,0,0,0,0
2026-06-29 10:00:00,,,0.27380000000000004,73.15,,,,,0,1,0.49999999999999994,-0.8660254037844387,0.0,1.0,401.62,75.51727721196325,0,0,0,0
2026-06-29 11:00:00,2641.0,32.7,0.273,73.4,25.3,84.0,1008.0,7.35,0,0,0.258819045102521,-0.9659258262890682,0.0,1.0,401.35,75.51727721196325,1,0,1,1
2026-06-29 12:00:00,2571.25,31.375,0.30250000000000005,73.515,24.775,85.0,1008.75,7.27,0,0,1.2246467991473532e-16,-1.0,0.0,1.0,401.6875,75.51727721196325,0,0,0,0
2026-06-29 13:00:00,2501.5,30.05,0.332,73.63,24.25,86.0,1009.5,7.1899999999999995,0,0,-0.2588190451025208,-0.9659258262890683,0.0,1.0,402.025,75.51727721196325,0,0,0,0
2026-06-29 14:00:00,2431.75,28.725,0.36150000000000004,73.745,23.725,87.0,1010.25,7.11,0,0,-0.4999999999999997,-0.8660254037844388,0.0,1.0,402.3625,75.51727721196325,0,0,0,0
2026-06-29 15:00:00,2362.0,27.4,0.391,73.86,23.2,88.0,1011.0,7.03,0,0,-0.7071067811865471,-0.7071067811865479,0.0,1.0,402.7,75.51727721196325,1,0,1,1
2026-06-29 16:00:00,3831.0,23.633333333333333,0.4746666666666667,77.05333333333333,23.166666666666668,86.33333333333333,1011.3333333333334,7.056666666666667,0,0,-0.8660254037844385,-0.5000000000000004,0.0,1.0,402.7,75.51727721196325,0,0,0,0
2026-06-29 17:00:00,5300.0,19.866666666666667,0.5583333333333333,80.24666666666667,23.133333333333333,84.66666666666667,1011.6666666666666,7.083333333333334,0,1,-0.9659258262890683,-0.25881904510252063,0.0,1.0,402.7,75.51727721196325,0,0,0,0
2026-06-29 18:00:00,6769.0,16.1,0.642,83.44,23.1,83.0,1012.0,7.11,0,1,-1.0,-1.8369701987210297e-16,0.0,1.0,402.7,75.51727721196325,1,0,1,1
2026-06-29 19:00:00,6670.5,13.3,0.7045,83.875,22.85,82.0,1011.5,7.345000000000001,0,1,-0.9659258262890684,0.2588190451025203,0.0,1.0,402.7,75.51727721196325,0,0,0,0
2026-06-29 20:00:00,6572.0,10.5,0.767,84.31,22.6,81.0,1011.0,7.58,0,1,-0.8660254037844386,0.5000000000000001,0.0,1.0,402.7,75.51727721196325,1,0,1,1
2026-06-29 21:00:00,2124.0,25.1,0.441,73.8,22.0,80.0,1010.0,7.16,0,0,-0.7071067811865477,0.7071067811865474,0.0,1.0,402.7,75.51727721196325,1,0,1,1
2026-06-29 22:00:00,2068.0,27.6,0.387,73.25,21.5,81.0,1010.0,7.09,0,0,-0.5000000000000004,0.8660254037844384,0.0,1.0,402.7,75.51727721196325,1,0,1,1
2026-06-29 23:00:00,1427.5,32.8,0.2715,70.22999999999999,21.5,81.5,1010.0,7.074999999999999,0,0,-0.25881904510252157,0.9659258262890681,0.0,1.0,402.7,75.51727721196325,0,0,0,0
2026-06-30 00:00:00,787.0,38.0,0.156,67.21,21.5,82.0,1010.0,7.06,0,0,0.0,1.0,0.7818314824680298,0.6234898018587336,402.7,75.51727721196325,1,0,1,1
2026-06-30 01:00:00,845.5,39.65,0.1195,67.19999999999999,22.75,77.75,1010.25,7.52,0,0,0.25881904510252074,0.9659258262890683,0.7818314824680298,0.6234898018587336,402.7,75.51727721196325,0,0,0,0
2026-06-30 02:00:00,904.0,41.300000000000004,0.083,67.19,24.0,73.5,1010.5,7.98,0,0,0.49999999999999994,0.8660254037844387,0.7818314824680298,0.6234898018587336,402.7,75.51727721196325,0,0,0,0
2026-06-30 03:00:00,962.5,42.95,0.0465,67.18,25.25,69.25,1010.75,8.44,0,0,0.7071067811865476,0.7071067811865476,0.7818314824680298,0.6234898018587336,402.7,75.51727721196325,0,0,0,0
2026-06-30 04:00:00,1021.0,44.6,0.01,67.17,26.5,65.0,1011.0,8.9,0,0,0.8660254037844386,0.5000000000000001,0.7818314824680298,0.6234898018587336,402.7,75.51727721196325,1,0,1,1
2026-06-30 05:00:00,2359.75,37.45,0.1685,71.17750000000001,27.1,63.0,1010.0,8.8675,0,0,0.9659258262890683,0.25881904510252074,0.7818314824680298,0.6234898018587336,402.7,75.51727721196325,0,0,0,0
2026-06-30 06:00:00,3698.5,30.299999999999997,0.327,75.185,27.7,61.0,1009.0,8.835,0,0,1.0,6.123233995736766e-17,0.7818314824680298,0.6234898018587336,402.7,75.51727721196325,0,0,0,0
2026-06-30 07:00:00,5037.25,23.15,0.48550000000000004,79.1925,28.299999999999997,59.0,1008.0,8.8025,0,1,0.9659258262890683,-0.25881904510252063,0.7818314824680298,0.6234898018587336,402.7,75.51727721196325,0,0,0,0
2026-06-30 08:00:00,6376.0,16.0,0.644,83.2,28.9,57.0,1007.0,8.77,0,1,0.8660254037844387,-0.4999999999999998,0.7818314824680298,0.6234898018587336,402.7,75.51727721196325,1,0,1,1
2026-06-30 09:00:00,5101.666666666667,18.266666666666666,0.594,80.47333333333333,28.4,59.0,1008.0,8.503333333333334,0,1,0.7071067811865476,-0.7071067811865475,0.7818314824680298,0.6234898018587336,402.7,75.51727721196325,0,0,0,0
2026-06-30 10:00:00,3827.3333333333335,20.533333333333335,0.544,77.74666666666667,27.9,61.0,1009.0,8.236666666666666,0,1,0.49999999999999994,-0.8660254037844387,0.7818314824680298,0.6234898018587336,402.7,75.51727721196325,0,0,0,0
2026-06-30 11:00:00,2553.0,22.8,0.494,75.02,27.4,63.0,1010.0,7.97,0,0,0.258819045102521,-0.9659258262890682,0.7818314824680298,0.6234898018587336,402.7,75.51727721196325,1,0,1,1
2026-06-30 12:00:00,2659.5,25.4,0.436,74.72999999999999,26.95,64.5,1010.0,7.625,0,0,1.2246467991473532e-16,-1.0,0.7818314824680298,0.6234898018587336,403.375,75.51727721196325,0,0,0,0
2026-06-30 13:00:00,2766.0,28.0,0.378,74.44,26.5,66.0,1010.0,7.28,0,0,-0.2588190451025208,-0.9659258262890683,0.7818314824680298,0.6234898018587336,404.05,75.51727721196325,1,0,1,1
2026-06-30 14:00:00,2633.6666666666665,29.0,0.35533333333333333,74.03666666666666,25.6,70.0,1010.6666666666666,7.1433333333333335,0,0,-0.4999999999999997,-0.8660254037844388,0.7818314824680298,0.6234898018587336,404.05,75.51727721196325,0,0,0,0
2026-06-30 15:00:00,2501.3333333333335,30.0,0.33266666666666667,73.63333333333334,24.7,74.0,1011.3333333333334,7.006666666666667,0,0,-0.7071067811865471,-0.7071067811865479,0.7818314824680298,0.6234898018587336,404.05,75.51727721196325,0,0,0,0
2026-06-30 16:00:00,2369.0,31.0,0.31,73.23,23.8,78.0,1012.0,6.87,0,0,-0.8660254037844385,-0.5000000000000004,0.7818314824680298,0.6234898018587336,404.05,75.51727721196325,1,0,1,1
2026-06-30 17:00:00,4452.5,25.5,0.43300000000000005,77.91499999999999,23.200000000000003,79.5,1012.5,7.015000000000001,0,1,-0.9659258262890683,-0.25881904510252063,0.7818314824680298,0.6234898018587336,404.05,75.51727721196325,0,0,0,0
2026-06-30 18:00:00,6536.0,20.0,0.556,82.6,22.6,81.0,1013.0,7.16,0,1,-1.0,-1.8369701987210297e-16,0.7818314824680298,0.6234898018587336,404.05,75.51727721196325,1,0,1,1
2026-06-30 19:00:00,6515.5,19.05,0.5765,82.75,22.6,82.0,1012.0,7.15,0,1,-0.9659258262890684,0.2588190451025203,0.7818314824680298,0.6234898018587336,404.05,75.51727721196325,0,0,0,0
2026-06-30 20:00:00,6495.0,18.1,0.597,82.9,22.6,83.0,1011.0,7.14,0,1,-0.8660254037844386,0.5000000000000001,0.7818314824680298,0.6234898018587336,404.05,75.51727721196325,1,0,1,1
2026-06-30 21:00:00,2084.0,21.0,0.532,74.44,22.1,84.0,1009.0,7.6,0,0,-0.7071067811865477,0.7071067811865474,0.7818314824680298,0.6234898018587336,404.05,75.51727721196325,1,0,1,1
2026-06-30 22:00:00,1275.5,31.2,0.3055,69.38499999999999,21.8,84.5,1009.5,7.43,0,0,-0.5000000000000004,0.8660254037844384,0.7818314824680298,0.6234898018587336,404.05,75.51727721196325,0,0,0,0
2026-06-30 23:00:00,467.0,41.4,0.079,64.33,21.5,85.0,1010.0,7.26,0,0,-0.25881904510252157,0.9659258262890681,0.7818314824680298,0.6234898018587336,404.05,75.51727721196325,1,0,1,1
2026-07-01 00:00:00,477.5,40.0,0.11099999999999999,64.68,21.5,86.0,1010.5,7.574999999999999,0,0,0.0,1.0,0.9749279121818236,-0.22252093395631434,402.8,75.51727721196325,0,0,0,0
2026-07-01 01:00:00,488.0,38.6,0.143,65.03,21.5,87.0,1011.0,7.89,0,0,0.25881904510252074,0.9659258262890683,0.9749279121818236,-0.22252093395631434,401.55,75.51727721196325,1,0,1,1
2026-07-01 02:00:00,765.5999999999999,37.94,0.1578,66.318,22.46,83.4,1010.8,8.241999999999999,0,0,0.49999999999999994,0.8660254037844387,0.9749279121818236,-0.22252093395631434,401.78000000000003,75.51727721196325,0,0,0,0
2026-07-01 03:00:00,1043.1999999999998,37.28,0.1726,67.606,23.42,79.8,1010.6,8.594,0,0,0.7071067811865476,0.7071067811865476,0.9749279121818236,-0.22252093395631434,402.01,75.51727721196325,0,0,0,0
2026-07-01 04:00:00,1320.8,36.62,0.1874,68.894,24.380000000000003,76.2,1010.4,8.946,0,0,0.8660254037844386,0.5000000000000001,0.9749279121818236,-0.22252093395631434,402.24,75.51727721196325,0,0,0,0
2026-07-01 05:00:00,,,0.2022,70.182,,,,,0,0,0.9659258262890683,0.25881904510252074,0.9749279121818236,-0.22252093395631434,402.47,75.51727721196325,0,0,0,0
2026-07-01 06:00:00,1876.0,35.3,0.217,71.47,26.3,69.0,1010.0,9.65,0,0,1.0,6.123233995736766e-17,0.9749279121818236,-0.22252093395631434,402.7,75.51727721196325,1,0,1,1
2026-07-01 07:00:00,3065.0,30.049999999999997,0.33325,74.52,26.5,67.75,1009.5,9.58,0,1,0.9659258262890683,-0.25881904510252063,0.9749279121818236,-0.22252093395631434,402.7,75.51727721196325,0,0,0,0
2026-07-01 08:00:00,4254.0,24.799999999999997,0.4495,77.57,26.700000000000003,66.5,1009.0,9.51,0,1,0.8660254037844387,-0.4999999999999998,0.9749279121818236,-0.22252093395631434,402.7,75.51727721196325,0,0,0,0
2026-07-01 09:00:00,5443.0,19.549999999999997,0.5657500000000001,80.62,26.900000000000002,65.25,1008.5,9.44,0,1,0.7071067811865476,-0.7071067811865475,0.9749279121818236,-0.22252093395631434,402.7,75.51727721196325,0,0,0,0
2026-07-01 10:00:00,6632.0,14.3,0.682,83.67,27.1,64.0,1008.0,9.37,0,1,0.49999999999999994,-0.8660254037844387,0.9749279121818236,-0.22252093395631434,402.7,75.51727721196325,1,0,1,1
2026-07-01 11:00:00,5193.333333333333,19.833333333333336,0.5593333333333333,80.16666666666667,26.366666666666667,66.0,1008.0,9.006666666666666,0,0,0.258819045102521,-0.9659258262890682,0.9749279121818236,-0.22252093395631434,402.25,75.51727721196325,0,0,0,0
2026-07-01 12:00:00,3754.6666666666665,25.366666666666667,0.4366666666666667,76.66333333333333,25.633333333333333,68.0,1008.0,8.643333333333333,0,0,1.2246467991473532e-16,-1.0,0.9749279121818236,-0.22252093395631434,401.8,75.51727721196325,0,0,0,0
2026-07-01 13:00:00,2316.0,30.9,0.314,73.16,24.9,70.0,1008.0,8.28,0,0,-0.2588190451025208,-0.9659258262890683,0.9749279121818236,-0.22252093395631434,401.35,75.51727721196325,1,0,1,1
2026-07-01 14:00:00,2402.6666666666665,30.3,0.32666666666666666,73.41666666666667,24.5,71.33333333333333,1009.0,8.236666666666666,0,0,-0.4999999999999997,-0.8660254037844388,0.9749279121818236,-0.22252093395631434,401.8,75.51727721196325,0,0,0,0
2026-07-01 15:00:00,2489.3333333333335,29.7,0.3393333333333333,73.67333333333333,24.099999999999998,72.66666666666667,1010.0,8.193333333333333,0,0,-0.7071067811865471,-0.7071067811865479,0.9749279121818236,-0.22252093395631434,402.25,75.51727721196325,0,0,0,0
2026-07-01 16:00:00,2576.0,29.1,0.352,73.93,23.7,74.0,1011.0,8.15,0,0,-0.8660254037844385,-0.5000000000000004,0.9749279121818236,-0.22252093395631434,402.7,75.51727721196325,1,0,1,1
2026-07-01 17:00:00,4554.5,22.55,0.4985,78.62,23.15,78.5,1011.0,8.105,0,1,-0.9659258262890683,-0.25881904510252063,0.9749279121818236,-0.22252093395631434,402.7,75.51727721196325,0,0,0,0
2026-07-01 18:00:00,6533.0,16.0,0.645,83.31,22.6,83.0,1011.0,8.06,0,1,-1.0,-1.8369701987210297e-16,0.9749279121818236,-0.22252093395631434,402.7,75.51727721196325,1,0,1,1
2026-07-01 19:00:00,6620.5,12.1,0.731,84.055,22.3,84.0,1011.0,7.8100000000000005,0,1,-0.9659258262890684,0.2588190451025203,0.9749279121818236,-0.22252093395631434,402.7,75.51727721196325,0,0,0,0
2026-07-01 20:00:00,6708.0,8.2,0.817,84.8,22.0,85.0,1011.0,7.56,0,1,-0.8660254037844386,0.5000000000000001,0.9749279121818236,-0.22252093395631434,402.7,75.51727721196325,1,0,1,1
2026-07-01 21:00:00,1651.0,41.6,0.075,69.78,21.5,87.0,1009.0,7.23,0,0,-0.7071067811865477,0.7071067811865474,0.9749279121818236,-0.22252093395631434,402.7,75.51727721196325,1,0,1,1
2026-07-01 22:00:00,1189.0,44.650000000000006,0.0375,68.9,21.5,87.0,1009.0,7.17,0,0,-0.5000000000000004,0.8660254037844384,0.9749279121818236,-0.22252093395631434,402.7,75.51727721196325,0,0,0,0
2026-07-01 23:00:00,727.0,47.7,0.0,68.02,21.5,87.0,1009.0,7.11,0,0,-0.25881904510252157,0.9659258262890681,0.9749279121818236,-0.22252093395631434,402.7,75.51727721196325,1,0,1,1
2026-07-02 00:00:00,595.0,44.45,0.0425,66.18,21.5,87.5,1009.0,7.300000000000001,0,0,0.0,1.0,0.43388373911755823,-0.900968867902419,402.7,75.51727721196325,0,0,0,0
2026-07-02 01:00:00,463.0,41.2,0.085,64.34,21.5,88.0,1009.0,7.49,0,0,0.25881904510252074,0.9659258262890683,0.43388373911755823,-0.900968867902419,402.7,75.51727721196325,1,0,1,1
2026-07-02 02:00:00,586.5,41.45,0.0795,65.08250000000001,22.775,84.0,1009.25,8.0425,0,0,0.49999999999999994,0.8660254037844387,0.43388373911755823,-0.900968867902419,402.7,75.51727721196325,0,0,0,0
2026-07-02 03:00:00,710.0,41.7,0.07400000000000001,65.825,24.05,80.0,1009.5,8.594999999999999,0,0,0.7071067811865476,0.7071067811865476,0.43388373911755823,-0.900968867902419,402.7,75.51727721196325,0,0,0,0
2026-07-02 04:00:00,833.5,41.95,0.0685,66.5675,25.325000000000003,76.0,1009.75,9.147499999999999,0,0,0.8660254037844386,0.5000000000000001,0.43388373911755823,-0.900968867902419,402.7,75.51727721196325,0,0,0,0
2026-07-02 05:00:00,957.0,42.2,0.063,67.31,26.6,72.0,1010.0,9.7,0,0,0.9659258262890683,0.25881904510252074,0.43388373911755823,-0.900968867902419,402.7,75.51727721196325,1,0,1,1
2026-07-02 06:00:00,2282.0,34.5,0.23399999999999999,71.4675,26.875,70.5,1009.75,9.4225,0,0,1.0,6.123233995736766e-17,0.43388373911755823,-0.900968867902419,403.375,75.51727721196325,0,0,0,0
2026-07-02 07:00:00,3607.0,26.799999999999997,0.40499999999999997,75.625,27.15,69.0,1009.5,9.145,0,1,0.9659258262890683,-0.25881904510252063,0.43388373911755823,-0.900968867902419,404.04999999999995,75.51727721196325,0,0,0,0
2026-07-02 08:00:00,4932.0,19.099999999999998,0.5759999999999998,79.7825,27.425,67.5,1009.25,8.8675,0,1,0.8660254037844387,-0.4999999999999998,0.43388373911755823,-0.900968867902419,404.72499999999997,75.51727721196325,0,0,0,0
2026-07-02 09:00:00,6257.0,11.4,0.747,83.94,27.7,66.0,1009.0,8.59,0,1,0.7071067811865476,-0.7071067811865475,0.43388373911755823,-0.900968867902419,405.4,75.51727721196325,1,0,1,1
2026-07-02 10:00:00,4336.0,18.8,0.583,79.06,27.4,67.5,1008.5,8.04,0,1,0.49999999999999994,-0.8660254037844387,0.43388373911755823,-0.900968867902419,404.04999999999995,75.51727721196325,0,0,0,0
2026-07-02 11:00:00,2415.0,26.2,0.419,74.18,27.1,69.0,1008.0,7.49,0,0,0.258819045102521,-0.9659258262890682,0.43388373911755823,-0.900968867902419,402.7,75.51727721196325,1,0,1,1
2026-07-02 12:00:00,2468.5,23.6,0.47650000000000003,74.73500000000001,26.0,73.5,1009.0,7.57,0,0,1.2246467991473532e-16,-1.0,0.43388373911755823,-0.900968867902419,404.04999999999995,75.51727721196325,0,0,0,0
2026-07-02 13:00:00,2522.0,21.0,0.534,75.29,24.9,78.0,1010.0,7.65,0,0,-0.2588190451025208,-0.9659258262890683,0.43388373911755823,-0.900968867902419,405.4,75.51727721196325,1,0,1,1
2026-07-02 14:00:00,2430.3333333333335,21.833333333333332,0.5153333333333333,74.97333333333334,24.5,78.66666666666667,1010.6666666666666,7.453333333333333,0,0,-0.4999999999999997,-0.8660254037844388,0.43388373911755823,-0.900968867902419,406.75,75.51727721196325,0,0,0,0
2026-07-02 15:00:00,2338.6666666666665,22.666666666666668,0.49666666666666665,74.65666666666667,24.099999999999998,79.33333333333333,1011.3333333333334,7.256666666666667,0,0,-0.7071067811865471,-0.7071067811865479,0.43388373911755823,-0.900968867902419,408.09999999999997,75.51727721196325,0,0,0,0
2026-07-02 16:00:00,2247.0,23.5,0.478,74.34,23.7,80.0,1012.0,7.06,0,0,-0.8660254037844385,-0.5000000000000004,0.43388373911755823,-0.900968867902419,409.45,75.51727721196325,1,0,1,1
2026-07-02 17:00:00,4608.0,17.95,0.6015,79.285,23.299999999999997,81.0,1012.0,7.045,0,1,-0.9659258262890683,-0.25881904510252063,0.43388373911755823,-0.900968867902419,406.75,75.51727721196325,0,0,0,0
2026-07-02 18:00:00,6969.0,12.4,0.725,84.23,22.9,82.0,1012.0,7.03,0,1,-1.0,-1.8369701987210297e-16,0.43388373911755823,-0.900968867902419,404.05,75.51727721196325,1,0,1,1
2026-07-02 19:00:00,6815.0,15.75,0.6505,83.535,22.65,83.0,1011.5,7.07,0,1,-0.9659258262890684,0.2588190451025203,0.43388373911755823,-0.900968867902419,403.375,75.51727721196325,0,0,0,0
2026-07-02 20:00:00,6661.0,19.1,0.576,82.84,22.4,84.0,1011.0,7.11,0,1,-0.8660254037844386,0.5000000000000001,0.43388373911755823,-0.900968867902419,402.7,75.51727721196325,1,0,1,1
2026-07-02 21:00:00,1801.0,37.6,0.165,70.88,22.0,85.0,1010.0,7.17,0,0,-0.7071067811865477,0.7071067811865474,0.43388373911755823,-0.900968867902419,402.7,75.51727721196325,1,0,1,1
2026-07-02 22:00:00,1048.5,39.05,0.1325,66.695,22.0,85.5,1010.0,7.2,0,0,-0.5000000000000004,0.8660254037844384,0.43388373911755823,-0.900968867902419,402.7,75.51727721196325,0,0,0,0
2026-07-02 23:00:00,296.0,40.5,0.1,62.51,22.0,86.0,1010.0,7.23,0,0,-0.25881904510252157,0.9659258262890681,0.43388373911755823,-0.900968867902419,402.7,75.51727721196325,1,0,1,1
2026-07-03 00:00:00,496.0,40.95,0.0905,64.28999999999999,22.0,86.0,1010.5,7.455,0,0,0.0,1.0,-0.433883739117558,-0.9009688679024191,403.375,75.51727721196325,0,0,0,0
2026-07-03 01:00:00,696.0,41.4,0.081,66.07,22.0,86.0,1011.0,7.68,0,0,0.25881904510252074,0.9659258262890683,-0.433883739117558,-0.9009688679024191,404.05,75.51727721196325,1,0,1,1
2026-07-03 02:00:00,643.25,41.175,0.08575,65.7175,23.3,80.25,1011.0,8.26,0,0,0.49999999999999994,0.8660254037844387,-0.433883739117558,-0.9009688679024191,404.05,75.51727721196325,0,0,0,0
2026-07-03 03:00:00,590.5,40.95,0.0905,65.365,24.6,74.5,1011.0,8.84,0,0,0.7071067811865476,0.7071067811865476,-0.433883739117558,-0.9009688679024191,404.05,75.51727721196325,0,0,0,0
2026-07-03 04:00:00,537.75,40.725,0.09525,65.01249999999999,25.9,68.75,1011.0,9.42,0,0,0.8660254037844386,0.5000000000000001,-0.433883739117558,-0.9009688679024191,404.05,75.51727721196325,0,0,0,0
2026-07-03 05:00:00,485.0,40.5,0.1,64.66,27.2,63.0,1011.0,10.0,0,0,0.9659258262890683,0.25881904510252074,-0.433883739117558,-0.9009688679024191,404.05,75.51727721196325,1,0,1,1
2026-07-03 06:00:00,2477.0,30.799999999999997,0.31566666666666665,71.13333333333333,27.466666666666665,61.666666666666664,1010.3333333333334,10.113333333333333,0,0,1.0,6.123233995736766e-17,-0.433883739117558,-0.9009688679024191,404.05,75.51727721196325,0,0,0,0
2026-07-03 07:00:00,4469.0,21.099999999999998,0.5313333333333333,77.60666666666667,27.733333333333334,60.333333333333336,1009.6666666666666,10.226666666666667,0,1,0.9659258262890683,-0.25881904510252063,-0.433883739117558,-0.9009688679024191,404.05,75.51727721196325,0,0,0,0
2026-07-03 08:00:00,6461.0,11.4,0.747,84.08,28.0,59.0,1009.0,10.34,0,1,0.8660254037844387,-0.4999999999999998,-0.433883739117558,-0.9009688679024191,404.05,75.51727721196325,1,0,1,1
2026-07-03 09:00:00,5078.666666666667,17.166666666666664,0.6186666666666667,80.56666666666666,27.933333333333334,60.0,1009.0,9.913333333333334,0,1,0.7071067811865476,-0.7071067811865475,-0.433883739117558,-0.9009688679024191,403.6,75.51727721196325,0,0,0,0
2026-07-03 10:00:00,3696.3333333333335,22.93333333333333,0.4903333333333333,77.05333333333334,27.866666666666667,61.0,1009.0,9.486666666666666,0,1,0.49999999999999994,-0.8660254037844387,-0.433883739117558,-0.9009688679024191,403.15,75.51727721196325,0,0,0,0
2026-07-03 11:00:00,2314.0,28.7,0.362,73.54,27.8,62.0,1009.0,9.06,0,0,0.258819045102521,-0.9659258262890682,-0.433883739117558,-0.9009688679024191,402.7,75.51727721196325,1,0,1,1
2026-07-03 12:00:00,2341.3333333333335,26.2,0.418,74.03666666666668,26.566666666666666,67.0,1009.6666666666666,9.113333333333333,0,0,1.2246467991473532e-16,-1.0,-0.433883739117558,-0.9009688679024191,402.7,75.51727721196325,0,0,0,0
2026-07-03 13:00:00,2368.6666666666665,23.7,0.474,74.53333333333333,25.333333333333336,72.0,1010.3333333333334,9.166666666666668,0,0,-0.2588190451025208,-0.9659258262890683,-0.433883739117558,-0.9009688679024191,402.7,75.51727721196325,0,0,0,0
2026-07-03 14:00:00,2396.0,21.2,0.53,75.03,24.1,77.0,1011.0,9.22,0,0,-0.4999999999999997,-0.8660254037844388,-0.433883739117558,-0.9009688679024191,402.7,75.51727721196325,1,0,1,1
2026-07-03 15:00:00,2623.0,27.4,0.391,74.32,23.1,81.0,1012.0,8.29,0,0,-0.7071067811865471,-0.7071067811865479,-0.433883739117558,-0.9009688679024191,404.05,75.51727721196325,1,0,1,1
2026-07-03 16:00:00,4526.0,21.1,0.531,78.88499999999999,22.85,83.0,1011.5,8.67,0,0,-0.8660254037844385,-0.5000000000000004,-0.433883739117558,-0.9009688679024191,406.07500000000005,75.51727721196325,0,0,0,0
2026-07-03 17:00:00,6429.0,14.8,0.671,83.45,22.6,85.0,1011.0,9.05,0,1,-0.9659258262890683,-0.25881904510252063,-0.433883739117558,-0.9009688679024191,408.1,75.51727721196325,1,0,1,1
2026-07-03 18:00:00,6428.0,17.700000000000003,0.607,82.935,22.6,84.5,1011.0,8.86,0,1,-1.0,-1.8369701987210297e-16,-0.433883739117558,-0.9009688679024191,408.775,75.51727721196325,0,0,0,0
2026-07-03 19:00:00,6427.0,20.6,0.543,82.42,22.6,84.0,1011.0,8.67,0,1,-0.9659258262890684,0.2588190451025203,-0.433883739117558,-0.9009688679024191,409.45,75.51727721196325,1,0,1,1
2026-07-03 20:00:00,6330.0,15.6,0.654,83.25,22.0,83.0,1010.0,8.63,0,1,-0.8660254037844386,0.5000000000000001,-0.433883739117558,-0.9009688679024191,408.1,75.51727721196325,1,0,1,1
2026-07-03 21:00:00,4154.0,27.75,0.3835,77.06,21.5,88.0,1010.0,8.69,0,0,-0.7071067811865477,0.7071067811865474,-0.433883739117558,-0.9009688679024191,407.425,75.51727721196325,0,0,0,0
2026-07-03 22:00:00,1978.0,39.9,0.113,70.87,21.0,93.0,1010.0,8.75,0,0,-0.5000000000000004,0.8660254037844384,-0.433883739117558,-0.9009688679024191,406.75,75.51727721196325,1,0,1,1
2026-07-03 23:00:00,670.0,39.3,0.128,66.28,21.0,90.0,1010.0,7.81,0,0,-0.25881904510252157,0.9659258262890681,-0.433883739117558,-0.9009688679024191,405.4,75.51727721196325,1,0,1,1
2026-07-04 00:00:00,602.0,38.8,0.13833333333333334,65.84,21.166666666666668,89.66666666666667,1010.3333333333334,7.273333333333333,1,0,0.0,1.0,-0.9749279121818236,-0.2225209339563146,405.84999999999997,75.51727721196325,0,0,0,0
2026-07-04 01:00:00,534.0,38.3,0.14866666666666667,65.39999999999999,21.333333333333332,89.33333333333333,1010.6666666666666,6.736666666666666,1,0,0.25881904510252074,0.9659258262890683,-0.9749279121818236,-0.2225209339563146,406.3,75.51727721196325,0,0,0,0
2026-07-04 02:00:00,466.0,37.8,0.159,64.96,21.5,89.0,1011.0,6.2,1,0,0.49999999999999994,0.8660254037844387,-0.9749279121818236,-0.2225209339563146,406.75,75.51727721196325,1,0,1,1
2026-07-04 03:00:00,563.25,38.474999999999994,0.14425,65.5,22.075,86.75,1010.75,6.7875000000000005,1,0,0.7071067811865476,0.7071067811865476,-0.9749279121818236,-0.2225209339563146,406.075,75.51727721196325,0,0,0,0
2026-07-04 04:00:00,660.5,39.15,0.1295,66.03999999999999,22.65,84.5,1010.5,7.375,1,0,0.8660254037844386,0.5000000000000001,-0.9749279121818236,-0.2225209339563146,405.4,75.51727721196325,0,0,0,0
2026-07-04 05:00:00,757.75,39.825,0.11475,66.58,23.225,82.25,1010.25,7.9625,1,0,0.9659258262890683,0.25881904510252074,-0.9749279121818236,-0.2225209339563146,404.725,75.51727721196325,0,0,0,0
2026-07-04 06:00:00,855.0,40.5,0.1,67.12,23.8,80.0,1010.0,8.55,1,0,1.0,6.123233995736766e-17,-0.9749279121818236,-0.2225209339563146,404.05,75.51727721196325,1,0,1,1
2026-07-04 07:00:00,798.0,40.766666666666666,0.09433333333333334,66.75,24.733333333333334,75.66666666666667,1009.3333333333334,9.096666666666668,1,0,0.9659258262890683,-0.25881904510252063,-0.9749279121818236,-0.2225209339563146,403.6,75.51727721196325,0,0,0,0
2026-07-04 08:00:00,741.0,41.03333333333333,0.08866666666666667,66.38000000000001,25.666666666666668,71.33333333333333,1008.6666666666666,9.643333333333333,1,0,0.8660254037844387,-0.4999999999999998,-0.9749279121818236,-0.2225209339563146,403.15,75.51727721196325,0,0,0,0
2026-07-04 09:00:00,684.0,41.3,0.083,66.01,26.6,67.0,1008.0,10.19,1,0,0.7071067811865476,-0.7071067811865475,-0.9749279121818236,-0.2225209339563146,402.7,75.51727721196325,1,0,1,1
2026-07-04 10:00:00,766.0,40.849999999999994,0.0925,66.555,26.55,66.5,1008.0,10.19,1,0,0.49999999999999994,-0.8660254037844387,-0.9749279121818236,-0.2225209339563146,404.04999999999995,75.51727721196325,0,0,0,0
2026-07-04 11:00:00,848.0,40.4,0.102,67.1,26.5,66.0,1008.0,10.19,1,0,0.258819045102521,-0.9659258262890682,-0.9749279121818236,-0.2225209339563146,405.4,75.51727721196325,1,0,1,1
2026-07-04 12:00:00,796.0,43.4,0.035,66.29,26.0,64.0,1009.0,9.66,1,0,1.2246467991473532e-16,-1.0,-0.9749279121818236,-0.2225209339563146,405.4,75.51727721196325,1,0,1,1
2026-07-04 13:00:00,775.0,42.599999999999994,0.0535,66.32,25.15,68.0,1009.5,9.36,1,0,-0.2588190451025208,-0.9659258262890683,-0.9749279121818236,-0.2225209339563146,406.75,75.51727721196325,0,0,0,0
2026-07-04 14:00:00,754.0,41.8,0.072,66.35,24.3,72.0,1010.0,9.06,1,0,-0.4999999999999997,-0.8660254037844388,-0.9749279121818236,-0.2225209339563146,408.1,75.51727721196325,1,0,1,1
2026-07-04 15:00:00,855.0,38.9,0.135,67.4,23.8,75.0,1010.0,8.56,1,0,-0.7071067811865471,-0.7071067811865479,-0.9749279121818236,-0.2225209339563146,409.45,75.51727721196325,1,0,1,1
2026-07-04 16:00:00,761.5,39.0,0.1325,66.845,23.5,76.5,1010.5,8.325,1,0,-0.8660254037844385,-0.5000000000000004,-0.9749279121818236,-0.2225209339563146,410.79999999999995,75.51727721196325,0,0,0,0
2026-07-04 17:00:00,668.0,39.1,0.13,66.29,23.2,78.0,1011.0,8.09,1,0,-0.9659258262890683,-0.25881904510252063,-0.9749279121818236,-0.2225209339563146,412.15,75.51727721196325,1,0,1,1
2026-07-04 18:00:00,459.0,39.2,0.13,64.66,22.6,81.0,1010.0,8.41,1,0,-1.0,-1.8369701987210297e-16,-0.9749279121818236,-0.2225209339563146,412.15,75.51727721196325,1,0,1,1
2026-07-04 19:00:00,672.5,38.55,0.14450000000000002,66.205,22.35,82.0,1010.0,8.41,1,0,-0.9659258262890684,0.2588190451025203,-0.9749279121818236,-0.2225209339563146,410.79999999999995,75.51727721196325,0,0,0,0
2026-07-04 20:00:00,886.0,37.9,0.159,67.75,22.1,83.0,1010.0,8.41,1,0,-0.8660254037844386,0.5000000000000001,-0.9749279121818236,-0.2225209339563146,409.45,75.51727721196325,1,0,1,1
2026-07-04 21:00:00,955.0,39.4,0.124,67.79,21.5,85.0,1009.0,8.43,1,0,-0.7071067811865477,0.7071067811865474,-0.9749279121818236,-0.2225209339563146,409.45,75.51727721196325,1,0,1,1
2026-07-04 22:00:00,957.0,45.8,0.0,69.21,21.5,85.0,1009.0,7.82,1,0,-0.5000000000000004,0.8660254037844384,-0.9749279121818236,-0.2225209339563146,412.15,75.51727721196325,1,0,1,1
2026-07-04 23:00:00,1054.0,40.1,0.109,68.1,21.5,86.0,1009.0,8.15,1,0,-0.25881904510252157,0.9659258262890681,-0.9749279121818236,-0.2225209339563146,412.15,75.51727721196325,1,0,1,1
2026-07-05 00:00:00,1126.0,38.96666666666667,0.134,68.57,21.7,84.66666666666667,1009.3333333333334,8.403333333333334,1,0,0.0,1.0,-0.7818314824680299,0.6234898018587334,405.9122124594624,75.51727721196325,0,0,0,0
2026-07-05 01:00:00,1198.0,37.833333333333336,0.159,69.04,21.900000000000002,83.33333333333333,1009.6666666666666,8.656666666666666,1,0,0.25881904510252074,0.9659258262890683,-0.7818314824680299,0.6234898018587334,405.9122124594624,75.51727721196325,0,0,0,0
2026-07-05 02:00:00,1270.0,36.7,0.184,69.51,22.1,82.0,1010.0,8.91,1,0,0.49999999999999994,0.8660254037844387,-0.7818314824680299,0.6234898018587334,405.9122124594624,76.0,0,1,1,1
2026-07-05 03:00:00,1289.5,37.825,0.159,69.375,23.425,75.5,1009.5,9.682500000000001,1,0,0.7071067811865476,0.7071067811865476,-0.7818314824680299,0.6234898018587334,405.9122124594624,76.0,0,0,0,0
2026-07-05 04:00:00,1309.0,38.95,0.134,69.24000000000001,24.75,69.0,1009.0,10.455,1,0,0.8660254037844386,0.5000000000000001,-0.7818314824680299,0.6234898018587334,405.9122124594624,76.0,0,0,0,0
2026-07-05 05:00:00,1328.5,40.075,0.109,69.105,26.075,62.5,1008.5,11.2275,1,0,0.9659258262890683,0.25881904510252074,-0.7818314824680299,0.6234898018587334,405.9122124594624,76.0,0,0,0,0
2026-07-05 06:00:00,1348.0,41.2,0.084,68.97,27.4,56.0,1008.0,12.0,1,0,1.0,6.123233995736766e-17,-0.7818314824680299,0.6234898018587334,405.9122124594624,76.0,0,1,1,1
2026-07-05 07:00:00,1277.0,41.66666666666667,0.07400000000000001,68.64,27.53333333333333,54.666666666666664,1007.6666666666666,11.963333333333333,1,0,0.9659258262890683,-0.25881904510252063,-0.7818314824680299,0.6234898018587334,405.9122124594624,76.0,0,0,0,0
2026-07-05 08:00:00,1206.0,42.13333333333333,0.064,68.31,27.666666666666668,53.333333333333336,1007.3333333333334,11.926666666666668,1,0,0.8660254037844387,-0.4999999999999998,-0.7818314824680299,0.6234898018587334,405.9122124594624,76.0,0,0,0,0
2026-07-05 09:00:00,1135.0,42.6,0.054,67.98,27.8,52.0,1007.0,11.89,1,0,0.7071067811865476,-0.7071067811865475,-0.7818314824680299,0.6234898018587334,405.9122124594624,76.0,0,1,1,1
2026-07-05 10:00:00,1491.5,40.65,0.097,69.385,28.25,49.5,1007.5,11.55,1,0,0.49999999999999994,-0.8660254037844387,-0.7818314824680299,0.6234898018587334,405.9122124594624,76.0,0,0,0,0
2026-07-05 11:00:00,1848.0,38.7,0.14,70.79,28.7,47.0,1008.0,11.21,1,0,0.258819045102521,-0.9659258262890682,-0.7818314824680299,0.6234898018587334,405.9122124594624,76.0,0,1,1,1
2026-07-05 12:00:00,1363.0,32.7,0.273,70.53,27.1,54.0,1009.0,9.94,1,0,1.2246467991473532e-16,-1.0,-0.7818314824680299,0.6234898018587334,405.9122124594624,76.0,0,1,1,1
2026-07-05 13:00:00,1480.5,37.8,0.1595,69.965,25.950000000000003,60.0,1009.5,9.475,1,0,-0.2588190451025208,-0.9659258262890683,-0.7818314824680299,0.6234898018587334,405.9122124594624,76.0,0,0,0,0
2026-07-05 14:00:00,1598.0,42.9,0.046,69.4,24.8,66.0,1010.0,9.01,1,0,-0.4999999999999997,-0.8660254037844388,-0.7818314824680299,0.6234898018587334,405.9122124594624,76.0,0,1,1,1
2026-07-05 15:00:00,1511.5,43.3,0.0375,69.08500000000001,24.0,68.5,1010.5,8.934999999999999,1,0,-0.7071067811865471,-0.7071067811865479,-0.7818314824680299,0.6234898018587334,405.9122124594624,76.0,0,0,0,0
2026-07-05 16:00:00,1425.0,43.7,0.029,68.77,23.2,71.0,1011.0,8.86,1,0,-0.8660254037844385,-0.5000000000000004,-0.7818314824680299,0.6234898018587334,405.9122124594624,76.0,0,1,1,1
2026-07-05 17:00:00,1476.0,35.7,0.207,70.35,22.6,77.0,1010.0,8.3,1,0,-0.9659258262890683,-0.25881904510252063,-0.7818314824680299,0.6234898018587334,405.9122124594624,76.0,0,1,1,1
2026-07-05 18:00:00,1598.5,38.6,0.1425,70.16499999999999,22.05,79.0,1010.0,8.25,1,0,-1.0,-1.8369701987210297e-16,-0.7818314824680299,0.6234898018587334,405.9122124594624,76.0,0,0,0,0
2026-07-05 19:00:00,1721.0,41.5,0.078,69.98,21.5,81.0,1010.0,8.2,1,0,-0.9659258262890684,0.2588190451025203,-0.7818314824680299,0.6234898018587334,405.9122124594624,76.0,0,1,1,1
2026-07-05 20:00:00,1605.0,36.7,0.183,70.52,21.5,83.0,1009.0,8.29,1,0,-0.8660254037844386,0.5000000000000001,-0.7818314824680299,0.6234898018587334,405.9122124594624,76.0,0,1,1,1
2026-07-05 21:00:00,1377.5,38.0,0.155,69.57,21.25,84.0,1008.5,8.335,1,0,-0.7071067811865477,0.7071067811865474,-0.7818314824680299,0.6234898018587334,405.9122124594624,76.0,0,0,0,0
2026-07-05 22:00:00,1150.0,39.3,0.127,68.62,21.0,85.0,1008.0,8.38,1,0,-0.5000000000000004,0.8660254037844384,-0.7818314824680299,0.6234898018587334,405.9122124594624,76.0,0,1,1,1
2026-07-05 23:00:00,1782.0,41.0,0.088,70.21,21.0,87.0,1010.0,8.09,1,0,-0.25881904510252157,0.9659258262890681,-0.7818314824680299,0.6234898018587334,405.9122124594624,76.0,0,1,1,1
2026-07-06 00:00:00,2164.0,36.8,0.18125,71.63,21.425,85.5,1010.25,8.535,0,0,0.0,1.0,0.0,1.0,405.9122124594624,76.0,0,0,0,0
2026-07-06 01:00:00,2546.0,32.6,0.27449999999999997,73.05,21.85,84.0,1010.5,8.98,0,0,0.25881904510252074,0.9659258262890683,0.0,1.0,405.9122124594624,76.0,0,0,0,0
2026-07-06 02:00:00,2928.0,28.4,0.36775,74.47,22.275,82.5,1010.75,9.424999999999999,0,0,0.49999999999999994,0.8660254037844387,0.0,1.0,405.9122124594624,76.0,0,0,0,0
2026-07-06 03:00:00,3310.0,24.2,0.461,75.89,22.7,81.0,1011.0,9.87,0,0,0.7071067811865476,0.7071067811865476,0.0,1.0,405.9122124594624,76.0,0,1,1,1
2026-07-06 04:00:00,4051.2,21.08,0.5304,77.696,23.72,76.2,1010.6,9.85,0,0,0.8660254037844386,0.5000000000000001,0.0,1.0,405.9122124594624,76.0,0,0,0,0
2026-07-06 05:00:00,4792.4,17.96,0.5998,79.502,24.74,71.4,1010.2,9.83,0,0,0.9659258262890683,0.25881904510252074,0.0,1.0,405.9122124594624,76.0,0,0,0,0
2026-07-06 06:00:00,5533.6,14.84,0.6692,81.308,25.76,66.6,1009.8,9.809999999999999,0,0,1.0,6.123233995736766e-17,0.0,1.0,405.9122124594624,76.0,0,0,0,0
2026-07-06 07:00:00,,,0.7386,83.114,,,,,0,1,0.9659258262890683,-0.25881904510252063,0.0,1.0,405.9122124594624,76.0,0,0,0,0
2026-07-06 08:00:00,7016.0,8.6,0.808,84.92,27.8,57.0,1009.0,9.77,0,1,0.8660254037844387,-0.4999999999999998,0.0,1.0,405.9122124594624,76.0,0,1,1,1
2026-07-06 09:00:00,6003.0,14.275,0.682,82.2275,27.775,56.75,1008.75,9.5975,0,1,0.7071067811865476,-0.7071067811865475,0.0,1.0,405.9122124594624,76.0,0,0,0,0
2026-07-06 10:00:00,4990.0,19.950000000000003,0.556,79.535,27.75,56.5,1008.5,9.425,0,1,0.49999999999999994,-0.8660254037844387,0.0,1.0,405.9122124594624,76.0,0,0,0,0
2026-07-06 11:00:00,3977.0,25.625,0.43000000000000005,76.8425,27.725,56.25,1008.25,9.2525,0,0,0.258819045102521,-0.9659258262890682,0.0,1.0,405.9122124594624,76.0,0,0,0,0
2026-07-06 12:00:00,2964.0,31.3,0.304,74.15,27.7,56.0,1008.0,9.08,0,0,1.2246467991473532e-16,-1.0,0.0,1.0,405.9122124594624,76.0,0,1,1,1
2026-07-06 13:00:00,2938.6666666666665,30.0,0.33266666666666667,74.34333333333333,26.099999999999998,65.0,1008.6666666666666,8.856666666666667,0,0,-0.2588190451025208,-0.9659258262890683,0.0,1.0,405.9122124594624,76.0,0,0,0,0
2026-07-06 14:00:00,2913.3333333333335,28.7,0.36133333333333334,74.53666666666668,24.5,74.0,1009.3333333333334,8.633333333333333,0,0,-0.4999999999999997,-0.8660254037844388,0.0,1.0,405.9122124594624,76.0,0,0,0,0
2026-07-06 15:00:00,2888.0,27.4,0.39,74.73,22.9,83.0,1010.0,8.41,0,0,-0.7071067811865471,-0.7071067811865479,0.0,1.0,405.9122124594624,76.0,0,1,1,1
2026-07-06 16:00:00,4236.666666666666,23.633333333333333,0.4736666666666667,77.66666666666667,22.8,83.33333333333333,1010.3333333333334,8.33,0,0,-0.8660254037844385,-0.5000000000000004,0.0,1.0,405.9122124594624,76.0,0,0,0,0
2026-07-06 17:00:00,5585.333333333333,19.866666666666667,0.5573333333333333,80.60333333333334,22.7,83.66666666666667,1010.6666666666666,8.25,0,1,-0.9659258262890683,-0.25881904510252063,0.0,1.0,405.9122124594624,76.0,0,0,0,0
2026-07-06 18:00:00,6934.0,16.1,0.641,83.54,22.6,84.0,1011.0,8.17,0,1,-1.0,-1.8369701987210297e-16,0.0,1.0,405.9122124594624,76.0,0,1,1,1
2026-07-06 19:00:00,7046.5,11.850000000000001,0.7364999999999999,84.37,22.6,84.0,1010.5,7.98,0,1,-0.9659258262890684,0.2588190451025203,0.0,1.0,405.9122124594624,76.0,0,0,0,0
2026-07-06 20:00:00,7159.0,7.6,0.832,85.2,22.6,84.0,1010.0,7.79,0,1,-0.8660254037844386,0.5000000000000001,0.0,1.0,405.9122124594624,76.0,0,1,1,1
2026-07-06 21:00:00,2738.0,33.2,0.262,73.47,22.1,85.0,1009.0,7.89,0,0,-0.7071067811865477,0.7071067811865474,0.0,1.0,405.9122124594624,76.0,0,1,1,1
2026-07-06 22:00:00,2688.5,28.1,0.3755,74.3,22.1,85.0,1009.5,7.675,0,0,-0.5000000000000004,0.8660254037844384,0.0,1.0,405.9122124594624,76.0,0,0,0,0
2026-07-06 23:00:00,2639.0,23.0,0.489,75.13,22.1,85.0,1010.0,7.46,0,0,-0.25881904510252157,0.9659258262890681,0.0,1.0,405.9122124594624,76.0,0,1,1,1
2026-07-07 00:00:00,2754.5,25.5,0.4335,74.865,22.1,85.5,1010.0,7.8100000000000005,0,0,0.0,1.0,0.7818314824680298,0.6234898018587336,405.9122124594624,76.0,0,0,0,0
2026-07-07 01:00:00,2870.0,28.0,0.378,74.6,22.1,86.0,1010.0,8.16,0,0,0.25881904510252074,0.9659258262890683,0.7818314824680298,0.6234898018587336,405.9122124594624,76.0,0,1,1,1
2026-07-07 02:00:00,2863.25,28.8,0.36,74.44749999999999,23.35,80.25,1010.0,8.95,0,0,0.49999999999999994,0.8660254037844387,0.7818314824680298,0.6234898018587336,405.9122124594624,76.0,0,0,0,0
2026-07-07 03:00:00,2856.5,29.6,0.34199999999999997,74.29499999999999,24.6,74.5,1010.0,9.74,0,0,0.7071067811865476,0.7071067811865476,0.7818314824680298,0.6234898018587336,405.9122124594624,76.0,0,0,0,0
2026-07-07 04:00:00,2849.75,30.4,0.324,74.1425,25.85,68.75,1010.0,10.530000000000001,0,0,0.8660254037844386,0.5000000000000001,0.7818314824680298,0.6234898018587336,405.9122124594624,76.0,0,0,0,0
2026-07-07 05:00:00,2843.0,31.2,0.306,73.99,27.1,63.0,1010.0,11.32,0,0,0.9659258262890683,0.25881904510252074,0.7818314824680298,0.6234898018587336,405.9122124594624,76.0,0,1,1,1
2026-07-07 06:00:00,3878.75,27.425,0.38975,76.38499999999999,27.325000000000003,62.25,1010.0,11.252500000000001,0,0,1.0,6.123233995736766e-17,0.7818314824680298,0.6234898018587336,405.9122124594624,76.0,0,0,0,0
2026-07-07 07:00:00,4914.5,23.65,0.47350000000000003,78.78,27.55,61.5,1010.0,11.185,0,1,0.9659258262890683,-0.25881904510252063,0.7818314824680298,0.6234898018587336,405.9122124594624,76.0,0,0,0,0
2026-07-07 08:00:00,5950.25,19.875,0.55725,81.175,27.775,60.75,1010.0,11.1175,0,1,0.8660254037844387,-0.4999999999999998,0.7818314824680298,0.6234898018587336,405.9122124594624,76.0,0,0,0,0
2026-07-07 09:00:00,6986.0,16.1,0.641,83.57,28.0,60.0,1010.0,11.05,0,1,0.7071067811865476,-0.7071067811865475,0.7818314824680298,0.6234898018587336,405.9122124594624,76.0,0,1,1,1
2026-07-07 10:00:00,5544.333333333333,18.866666666666667,0.5803333333333334,80.68666666666667,27.8,61.0,1010.0,10.573333333333334,0,1,0.49999999999999994,-0.8660254037844387,0.7818314824680298,0.6234898018587336,405.9122124594624,76.0,0,0,0,0
2026-07-07 11:00:00,4102.666666666666,21.633333333333333,0.5196666666666667,77.80333333333333,27.599999999999998,62.0,1010.0,10.096666666666666,0,0,0.258819045102521,-0.9659258262890682,0.7818314824680298,0.6234898018587336,405.9122124594624,76.0,0,0,0,0
2026-07-07 12:00:00,2661.0,24.4,0.459,74.92,27.4,63.0,1010.0,9.62,0,0,1.2246467991473532e-16,-1.0,0.7818314824680298,0.6234898018587336,405.9122124594624,76.0,0,1,1,1
2026-07-07 13:00:00,2770.3333333333335,27.266666666666666,0.39466666666666667,74.57333333333334,26.166666666666664,67.33333333333333,1010.3333333333334,9.443333333333333,0,0,-0.2588190451025208,-0.9659258262890683,0.7818314824680298,0.6234898018587336,405.9122124594624,76.0,0,0,0,0
2026-07-07 14:00:00,2879.6666666666665,30.133333333333333,0.33033333333333337,74.22666666666666,24.933333333333334,71.66666666666667,1010.6666666666666,9.266666666666666,0,0,-0.4999999999999997,-0.8660254037844388,0.7818314824680298,0.6234898018587336,405.9122124594624,76.0,0,0,0,0
2026-07-07 15:00:00,2989.0,33.0,0.266,73.88,23.7,76.0,1011.0,9.09,0,0,-0.7071067811865471,-0.7071067811865479,0.7818314824680298,0.6234898018587336,405.9122124594624,76.0,0,1,1,1
2026-07-07 16:00:00,5153.5,20.65,0.5409999999999999,79.525,23.4,77.0,1011.5,8.754999999999999,0,0,-0.8660254037844385,-0.5000000000000004,0.7818314824680298,0.6234898018587336,405.9122124594624,76.0,0,0,0,0
2026-07-07 17:00:00,7318.0,8.3,0.816,85.17,23.1,78.0,1012.0,8.42,0,1,-0.9659258262890683,-0.25881904510252063,0.7818314824680298,0.6234898018587336,405.9122124594624,76.0,0,1,1,1
2026-07-07 18:00:00,7212.0,9.75,0.7829999999999999,84.845,22.55,80.5,1011.0,8.665,0,1,-1.0,-1.8369701987210297e-16,0.7818314824680298,0.6234898018587336,405.9122124594624,76.0,0,0,0,0
2026-07-07 19:00:00,7106.0,11.2,0.75,84.52,22.0,83.0,1010.0,8.91,0,1,-0.9659258262890684,0.2588190451025203,0.7818314824680298,0.6234898018587336,405.9122124594624,76.0,0,1,1,1
2026-07-07 20:00:00,4860.5,19.75,0.5605,79.33,21.75,84.5,1010.0,8.765,0,1,-0.8660254037844386,0.5000000000000001,0.7818314824680298,0.6234898018587336,405.9122124594624,76.0,0,0,0,0
2026-07-07 21:00:00,2615.0,28.3,0.371,74.14,21.5,86.0,1010.0,8.62,0,0,-0.7071067811865477,0.7071067811865474,0.7818314824680298,0.6234898018587336,405.9122124594624,76.0,0,1,1,1
2026-07-07 22:00:00,2753.0,23.5,0.477,75.21,21.5,87.0,1010.0,8.6,0,0,-0.5000000000000004,0.8660254037844384,0.7818314824680298,0.6234898018587336,405.9122124594624,76.0,0,1,1,1
2026-07-07 23:00:00,2609.0,35.2,0.218,72.91,21.5,88.0,1010.0,8.28,0,0,-0.25881904510252157,0.9659258262890681,0.7818314824680298,0.6234898018587336,405.9122124594624,76.0,0,1,1,1
2026-07-08 00:00:00,2612.6666666666665,30.1,0.331,73.82,21.866666666666667,87.0,1010.3333333333334,9.059999999999999,0,0,0.0,1.0,0.9749279121818236,-0.22252093395631434,405.9122124594624,76.0,0,0,0,0
2026-07-08 01:00:00,2616.3333333333335,25.0,0.44400000000000006,74.73,22.233333333333334,86.0,1010.6666666666666,9.84,0,0,0.25881904510252074,0.9659258262890683,0.9749279121818236,-0.22252093395631434,405.9122124594624,76.0,0,0,0,0
2026-07-08 02:00:00,2620.0,19.9,0.557,75.64,22.6,85.0,1011.0,10.62,0,0,0.49999999999999994,0.8660254037844387,0.9749279121818236,-0.22252093395631434,405.9122124594624,76.0,0,1,1,1
2026-07-08 03:00:00,2674.0,22.366666666666667,0.502,75.28666666666666,24.2,77.33333333333333,1010.3333333333334,10.753333333333332,0,0,0.7071067811865476,0.7071067811865476,0.9749279121818236,-0.22252093395631434,405.9122124594624,76.0,0,0,0,0
2026-07-08 04:00:00,2728.0,24.833333333333336,0.44700000000000006,74.93333333333334,25.8,69.66666666666667,1009.6666666666666,10.886666666666667,0,0,0.8660254037844386,0.5000000000000001,0.9749279121818236,-0.22252093395631434,405.9122124594624,76.0,0,0,0,0
2026-07-08 05:00:00,2782.0,27.3,0.392,74.58,27.4,62.0,1009.0,11.02,0,0,0.9659258262890683,0.25881904510252074,0.9749279121818236,-0.22252093395631434,405.9122124594624,76.0,0,1,1,1
2026-07-08 06:00:00,4144.333333333333,24.333333333333332,0.4583333333333333,77.42,27.433333333333334,61.666666666666664,1009.3333333333334,10.846666666666666,0,0,1.0,6.123233995736766e-17,0.9749279121818236,-0.22252093395631434,405.9122124594624,76.0,0,0,0,0
2026-07-08 07:00:00,5506.666666666666,21.366666666666667,0.5246666666666666,80.25999999999999,27.466666666666665,61.333333333333336,1009.6666666666666,10.673333333333334,0,1,0.9659258262890683,-0.25881904510252063,0.9749279121818236,-0.22252093395631434,405.9122124594624,76.0,0,0,0,0
2026-07-08 08:00:00,6869.0,18.4,0.591,83.1,27.5,61.0,1010.0,10.5,0,1,0.8660254037844387,-0.4999999999999998,0.9749279121818236,-0.22252093395631434,405.9122124594624,76.0,0,1,1,1
2026-07-08 09:00:00,6885.0,16.2,0.6395,83.495,27.7,62.0,1009.0,10.129999999999999,0,1,0.7071067811865476,-0.7071067811865475,0.9749279121818236,-0.22252093395631434,405.9122124594624,76.0,0,0,0,0
2026-07-08 10:00:00,6901.0,14.0,0.688,83.89,27.9,63.0,1008.0,9.76,0,1,0.49999999999999994,-0.8660254037844387,0.9749279121818236,-0.22252093395631434,405.9122124594624,76.0,0,1,1,1
2026-07-08 11:00:00,4984.0,18.45,0.5894999999999999,79.845,27.799999999999997,63.0,1008.0,9.43,0,0,0.258819045102521,-0.9659258262890682,0.9749279121818236,-0.22252093395631434,405.9122124594624,76.0,0,0,0,0
2026-07-08 12:00:00,3067.0,22.9,0.491,75.8,27.7,63.0,1008.0,9.1,0,0,1.2246467991473532e-16,-1.0,0.9749279121818236,-0.22252093395631434,405.9122124594624,76.0,0,1,1,1
2026-07-08 13:00:00,2926.5,23.45,0.479,75.495,26.724999999999998,67.5,1008.75,8.6825,0,0,-0.2588190451025208,-0.9659258262890683,0.9749279121818236,-0.22252093395631434,405.9122124594624,76.0,0,0,0,0
2026-07-08 14:00:00,2786.0,24.0,0.467,75.19,25.75,72.0,1009.5,8.265,0,0,-0.4999999999999997,-0.8660254037844388,0.9749279121818236,-0.22252093395631434,405.9122124594624,76.0,0,1,1,1
2026-07-08 15:00:00,2701.0,23.7,0.47350000000000003,75.10499999999999,24.775,76.5,1010.25,7.8475,0,0,-0.7071067811865471,-0.7071067811865479,0.9749279121818236,-0.22252093395631434,405.9122124594624,76.0,0,0,0,0
2026-07-08 16:00:00,2616.0,23.4,0.48,75.02,23.8,81.0,1011.0,7.43,0,0,-0.8660254037844385,-0.5000000000000004,0.9749279121818236,-0.22252093395631434,405.9122124594624,76.0,0,1,1,1
2026-07-08 17:00:00,4908.5,16.299999999999997,0.638,79.97999999999999,23.35,83.0,1011.0,7.205,0,1,-0.9659258262890683,-0.25881904510252063,0.9749279121818236,-0.22252093395631434,405.9122124594624,76.0,0,0,0,0
2026-07-08 18:00:00,7201.0,9.2,0.796,84.94,22.9,85.0,1011.0,6.98,0,1,-1.0,-1.8369701987210297e-16,0.9749279121818236,-0.22252093395631434,405.9122124594624,76.0,0,1,1,1
2026-07-08 19:00:00,7042.5,13.299999999999999,0.7050000000000001,84.11500000000001,23.0,84.0,1010.5,7.08,0,1,-0.9659258262890684,0.2588190451025203,0.9749279121818236,-0.22252093395631434,405.9122124594624,76.0,0,0,0,0
2026-07-08 20:00:00,6884.0,17.4,0.614,83.29,23.1,83.0,1010.0,7.18,0,1,-0.8660254037844386,0.5000000000000001,0.9749279121818236,-0.22252093395631434,405.9122124594624,76.0,0,1,1,1
2026-07-08 21:00:00,2673.0,29.6,0.343,74.01,22.6,83.0,1010.0,6.95,0,0,-0.7071067811865477,0.7071067811865474,0.9749279121818236,-0.22252093395631434,405.9122124594624,76.0,0,1,1,1
2026-07-08 22:00:00,2769.5,28.200000000000003,0.37350000000000005,74.405,22.35,86.5,1010.0,6.89,0,0,-0.5000000000000004,0.8660254037844384,0.9749279121818236,-0.22252093395631434,405.9122124594624,76.0,0,0,0,0
2026-07-08 23:00:00,2866.0,26.8,0.404,74.8,22.1,90.0,1010.0,6.83,0,0,-0.25881904510252157,0.9659258262890681,0.9749279121818236,-0.22252093395631434,405.9122124594624,76.0,0,1,1,1
2026-07-09 00:00:00,2906.0,25.200000000000003,0.44,75.15,22.1,89.0,1011.0,6.7,0,0,0.0,1.0,0.43388373911755823,-0.900968867902419,405.9122124594624,76.0,0,0,0,0
2026-07-09 01:00:00,2946.0,23.6,0.476,75.5,22.1,88.0,1012.0,6.57,0,0,0.25881904510252074,0.9659258262890683,0.43388373911755823,-0.900968867902419,405.9122124594624,76.0,0,1,1,1
2026-07-09 02:00:00,2913.75,26.025,0.42224999999999996,75.02250000000001,23.475,82.25,1011.75,7.135,0,0,0.49999999999999994,0.8660254037844387,0.43388373911755823,-0.900968867902419,405.9122124594624,76.0,0,0,0,0
2026-07-09 03:00:00,2881.5,28.45,0.3685,74.545,24.85,76.5,1011.5,7.7,0,0,0.7071067811865476,0.7071067811865476,0.43388373911755823,-0.900968867902419,405.9122124594624,76.0,0,0,0,0
2026-07-09 04:00:00,2849.25,30.874999999999996,0.31475,74.0675,26.225,70.75,1011.25,8.265,0,0,0.8660254037844386,0.5000000000000001,0.43388373911755823,-0.900968867902419,405.9122124594624,76.0,0,0,0,0
2026-07-09 05:00:00,2817.0,33.3,0.261,73.59,27.6,65.0,1011.0,8.83,0,0,0.9659258262890683,0.25881904510252074,0.43388373911755823,-0.900968867902419,405.9122124594624,76.0,0,1,1,1
2026-07-09 06:00:00,3818.0,29.949999999999996,0.3355,75.89500000000001,27.75,63.75,1010.75,8.61,0,0,1.0,6.123233995736766e-17,0.43388373911755823,-0.900968867902419,405.9122124594624,76.0,0,0,0,0
2026-07-09 07:00:00,4819.0,26.599999999999998,0.41000000000000003,78.2,27.9,62.5,1010.5,8.39,0,1,0.9659258262890683,-0.25881904510252063,0.43388373911755823,-0.900968867902419,405.9122124594624,76.0,0,0,0,0
2026-07-09 08:00:00,5820.0,23.25,0.48450000000000004,80.505,28.05,61.25,1010.25,8.17,0,1,0.8660254037844387,-0.4999999999999998,0.43388373911755823,-0.900968867902419,405.9122124594624,76.0,0,0,0,0
2026-07-09 09:00:00,6821.0,19.9,0.559,82.81,28.2,60.0,1010.0,7.95,0,1,0.7071067811865476,-0.7071067811865475,0.43388373911755823,-0.900968867902419,405.9122124594624,76.0,0,1,1,1
2026-07-09 10:00:00,6146.5,20.4,0.5475000000000001,81.56666666666666,27.733333333333334,62.333333333333336,1010.5,7.651666666666667,0,1,0.49999999999999994,-0.8660254037844387,0.43388373911755823,-0.900968867902419,405.9122124594624,76.0,0,0,0,0
2026-07-09 11:00:00,5472.0,20.9,0.536,80.32333333333334,27.266666666666666,64.66666666666667,1011.0,7.3533333333333335,0,0,0.258819045102521,-0.9659258262890682,0.43388373911755823,-0.900968867902419,405.9122124594624,76.0,0,0,0,0
2026-07-09 12:00:00,4797.5,21.4,0.5245,79.08,26.799999999999997,67.0,1011.5,7.055,0,0,1.2246467991473532e-16,-1.0,0.43388373911755823,-0.900968867902419,405.9122124594624,76.0,0,0,0,0
2026-07-09 13:00:00,,,0.513,77.83666666666666,,,,,0,0,-0.2588190451025208,-0.9659258262890683,0.43388373911755823,-0.900968867902419,405.9122124594624,76.0,0,0,0,0
2026-07-09 14:00:00,,,0.5015,76.59333333333333,,,,,0,0,-0.4999999999999997,-0.8660254037844388,0.43388373911755823,-0.900968867902419,405.9122124594624,76.0,0,0,0,0
2026-07-09 15:00:00,2774.0,22.9,0.49,75.35,25.4,74.0,1013.0,6.16,0,0,-0.7071067811865471,-0.7071067811865479,0.43388373911755823,-0.900968867902419,405.9122124594624,76.0,0,1,1,1
2026-07-09 16:00:00,4929.5,14.95,0.6679999999999999,80.31,24.85,76.0,1012.5,5.845000000000001,0,0,-0.8660254037844385,-0.5000000000000004,0.43388373911755823,-0.900968867902419,405.9122124594624,76.0,0,0,0,0
2026-07-09 17:00:00,7085.0,7.0,0.846,85.27,24.3,78.0,1012.0,5.53,0,1,-0.9659258262890683,-0.25881904510252063,0.43388373911755823,-0.900968867902419,405.9122124594624,76.0,0,1,1,1
2026-07-09 18:00:00,7072.5,8.2,0.8185,85.045,23.75,79.5,1011.5,5.265000000000001,0,1,-1.0,-1.8369701987210297e-16,0.43388373911755823,-0.900968867902419,405.9122124594624,76.0,0,0,0,0
2026-07-09 19:00:00,7060.0,9.4,0.791,84.82,23.2,81.0,1011.0,5.0,0,1,-0.9659258262890684,0.2588190451025203,0.43388373911755823,-0.900968867902419,405.9122124594624,76.0,0,1,1,1
2026-07-09 20:00:00,4790.0,17.799999999999997,0.604,79.585,22.9,82.5,1011.0,5.255,0,1,-0.8660254037844386,0.5000000000000001,0.43388373911755823,-0.900968867902419,405.9122124594624,76.0,0,0,0,0
2026-07-09 21:00:00,2520.0,26.2,0.417,74.35,22.6,84.0,1011.0,5.51,0,0,-0.7071067811865477,0.7071067811865474,0.43388373911755823,-0.900968867902419,405.9122124594624,76.0,0,1,1,1
2026-07-09 22:00:00,2801.0,22.0,0.511,75.56,22.6,84.0,1011.0,5.69,0,0,-0.5000000000000004,0.8660254037844384,0.43388373911755823,-0.900968867902419,405.9122124594624,76.0,0,1,1,1
2026-07-09 23:00:00,2756.0,22.8,0.493,75.345,22.35,84.5,1011.0,5.62,0,0,-0.25881904510252157,0.9659258262890681,0.43388373911755823,-0.900968867902419,405.9122124594624,76.0,0,0,0,0
2026-07-10 00:00:00,2711.0,23.6,0.475,75.13,22.1,85.0,1011.0,5.55,0,0,0.0,1.0,-0.433883739117558,-0.9009688679024191,405.9122124594624,76.0,0,1,1,1
2026-07-10 01:00:00,2737.25,24.575000000000003,0.4535,75.0,22.55,83.25,1011.5,5.895,0,0,0.25881904510252074,0.9659258262890683,-0.433883739117558,-0.9009688679024191,405.9122124594624,76.0,0,0,0,0
2026-07-10 02:00:00,2763.5,25.55,0.432,74.87,23.0,81.5,1012.0,6.24,0,0,0.49999999999999994,0.8660254037844387,-0.433883739117558,-0.9009688679024191,405.9122124594624,76.0,0,0,0,0
2026-07-10 03:00:00,2789.75,26.525000000000002,0.4105,74.74,23.45,79.75,1012.5,6.585,0,0,0.7071067811865476,0.7071067811865476,-0.433883739117558,-0.9009688679024191,405.9122124594624,76.0,0,0,0,0
2026-07-10 04:00:00,2816.0,27.5,0.389,74.61,23.9,78.0,1013.0,6.93,0,0,0.8660254037844386,0.5000000000000001,-0.433883739117558,-0.9009688679024191,405.9122124594624,76.0,0,1,1,1
2026-07-10 05:00:00,3878.5,22.025,0.51075,77.3325,25.0,73.75,1012.75,6.755,0,0,0.9659258262890683,0.25881904510252074,-0.433883739117558,-0.9009688679024191,405.9122124594624,76.0,0,0,0,0
2026-07-10 06:00:00,4941.0,16.55,0.6325000000000001,80.055,26.1,69.5,1012.5,6.58,0,0,1.0,6.123233995736766e-17,-0.433883739117558,-0.9009688679024191,405.9122124594624,76.0,0,0,0,0
2026-07-10 07:00:00,6003.5,11.075,0.75425,82.7775,27.2,65.25,1012.25,6.405,0,1,0.9659258262890683,-0.25881904510252063,-0.433883739117558,-0.9009688679024191,405.9122124594624,76.0,0,0,0,0
2026-07-10 08:00:00,7066.0,5.6,0.876,85.5,28.3,61.0,1012.0,6.23,0,1,0.8660254037844387,-0.4999999999999998,-0.433883739117558,-0.9009688679024191,405.9122124594624,76.0,0,1,1,1
2026-07-10 09:00:00,5666.333333333334,13.7,0.6956666666666667,81.75,28.366666666666667,62.0,1011.6666666666666,5.913333333333334,0,1,0.7071067811865476,-0.7071067811865475,-0.433883739117558,-0.9009688679024191,405.9122124594624,76.0,0,0,0,0
2026-07-10 10:00:00,4266.666666666667,21.799999999999997,0.5153333333333334,78.0,28.433333333333334,63.0,1011.3333333333334,5.596666666666667,0,1,0.49999999999999994,-0.8660254037844387,-0.433883739117558,-0.9009688679024191,405.9122124594624,76.0,0,0,0,0
2026-07-10 11:00:00,2867.0,29.9,0.335,74.25,28.5,64.0,1011.0,5.28,0,0,0.258819045102521,-0.9659258262890682,-0.433883739117558,-0.9009688679024191,405.9122124594624,76.0,0,1,1,1
2026-07-10 12:00:00,3032.5,27.4,0.391,74.935,28.35,64.0,1012.0,4.585,0,0,1.2246467991473532e-16,-1.0,-0.433883739117558,-0.9009688679024191,405.9122124594624,76.0,0,0,0,0
2026-07-10 13:00:00,3198.0,24.9,0.447,75.62,28.2,64.0,1013.0,3.89,0,0,-0.2588190451025208,-0.9659258262890683,-0.433883739117558,-0.9009688679024191,405.9122124594624,76.0,0,1,1,1
2026-07-10 14:00:00,2979.5,25.5,0.4335,75.195,26.5,71.0,1013.0,4.515,0,0,-0.4999999999999997,-0.8660254037844388,-0.433883739117558,-0.9009688679024191,405.9122124594624,76.0,0,0,0,0
2026-07-10 15:00:00,2761.0,26.1,0.42,74.77,24.8,78.0,1013.0,5.14,0,0,-0.7071067811865471,-0.7071067811865479,-0.433883739117558,-0.9009688679024191,405.9122124594624,76.0,0,1,1,1
2026-07-10 16:00:00,4959.0,18.4,0.5915,79.71000000000001,24.5,79.0,1013.0,5.41,0,0,-0.8660254037844385,-0.5000000000000004,-0.433883739117558,-0.9009688679024191,405.9122124594624,76.0,0,0,0,0
2026-07-10 17:00:00,7157.0,10.7,0.763,84.65,24.2,80.0,1013.0,5.68,0,1,-0.9659258262890683,-0.25881904510252063,-0.433883739117558,-0.9009688679024191,405.9122124594624,76.0,0,1,1,1
2026-07-10 18:00:00,7107.0,10.2,0.7735000000000001,84.70500000000001,23.65,81.5,1013.0,5.545,0,1,-1.0,-1.8369701987210297e-16,-0.433883739117558,-0.9009688679024191,405.9122124594624,76.0,0,0,0,0
2026-07-10 19:00:00,7057.0,9.7,0.784,84.76,23.1,83.0,1013.0,5.41,0,1,-0.9659258262890684,0.2588190451025203,-0.433883739117558,-0.9009688679024191,405.9122124594624,76.0,0,1,1,1
2026-07-10 20:00:00,7277.0,7.2,0.839,85.33,22.6,83.0,1011.0,5.74,0,1,-0.8660254037844386,0.5000000000000001,-0.433883739117558,-0.9009688679024191,405.9122124594624,76.0,0,1,1,1
2026-07-10 21:00:00,5076.5,20.200000000000003,0.5509999999999999,79.50999999999999,22.3,83.0,1011.0,5.82,0,0,-0.7071067811865477,0.7071067811865474,-0.433883739117558,-0.9009688679024191,405.9122124594624,76.0,0,0,0,0
2026-07-10 22:00:00,2876.0,33.2,0.263,73.69,22.0,83.0,1011.0,5.9,0,0,-0.5000000000000004,0.8660254037844384,-0.433883739117558,-0.9009688679024191,405.9122124594624,76.0,0,1,1,1
2026-07-10 23:00:00,3001.0,28.6,0.364,74.68,21.5,86.0,1012.0,5.59,0,0,-0.25881904510252157,0.9659258262890681,-0.433883739117558,-0.9009688679024191,405.9122124594624,76.0,0,1,1,1
2026-07-11 00:00:00,1207.0,38.7,0.139,68.93,21.5,85.0,1012.0,5.91,1,0,0.0,1.0,-0.9749279121818236,-0.2225209339563146,405.9122124594624,76.0,0,1,1,1
2026-07-11 01:00:00,1222.75,37.7,0.1615,69.165,22.5,82.0,1012.25,6.135,1,0,0.25881904510252074,0.9659258262890683,-0.9749279121818236,-0.2225209339563146,405.9122124594624,76.0,0,0,0,0
2026-07-11 02:00:00,1238.5,36.7,0.184,69.4,23.5,79.0,1012.5,6.359999999999999,1,0,0.49999999999999994,0.8660254037844387,-0.9749279121818236,-0.2225209339563146,405.9122124594624,76.0,0,0,0,0
2026-07-11 03:00:00,1254.25,35.7,0.20650000000000002,69.635,24.5,76.0,1012.75,6.585,1,0,0.7071067811865476,0.7071067811865476,-0.9749279121818236,-0.2225209339563146,405.9122124594624,76.0,0,0,0,0
2026-07-11 04:00:00,1270.0,34.7,0.229,69.87,25.5,73.0,1013.0,6.81,1,0,0.8660254037844386,0.5000000000000001,-0.9749279121818236,-0.2225209339563146,405.9122124594624,76.0,0,1,1,1
2026-07-11 05:00:00,1357.5,35.1,0.22,70.08000000000001,26.9,66.0,1011.5,6.619999999999999,1,0,0.9659258262890683,0.25881904510252074,-0.9749279121818236,-0.2225209339563146,405.9122124594624,76.0,0,0,0,0
2026-07-11 06:00:00,1445.0,35.5,0.211,70.29,28.3,59.0,1010.0,6.43,1,0,1.0,6.123233995736766e-17,-0.9749279121818236,-0.2225209339563146,405.9122124594624,76.0,0,1,1,1
2026-07-11 07:00:00,1365.5,36.2,0.19549999999999998,69.91,28.65,56.5,1009.0,6.355,1,0,0.9659258262890683,-0.25881904510252063,-0.9749279121818236,-0.2225209339563146,405.9122124594624,76.0,0,0,0,0
2026-07-11 08:00:00,1286.0,36.9,0.18,69.53,29.0,54.0,1008.0,6.28,1,0,0.8660254037844387,-0.4999999999999998,-0.9749279121818236,-0.2225209339563146,405.9122124594624,76.0,0,1,1,1
2026-07-11 09:00:00,1193.0,37.5,0.16649999999999998,69.08500000000001,29.6,51.0,1007.0,6.0600000000000005,1,0,0.7071067811865476,-0.7071067811865475,-0.9749279121818236,-0.2225209339563146,405.9122124594624,76.0,0,0,0,0
2026-07-11 10:00:00,1100.0,38.1,0.153,68.64,30.2,48.0,1006.0,5.84,1,0,0.49999999999999994,-0.8660254037844387,-0.9749279121818236,-0.2225209339563146,405.9122124594624,76.0,0,1,1,1
2026-07-11 11:00:00,1520.0,40.9,0.092,69.55,30.5,47.0,1009.0,5.69,1,0,0.258819045102521,-0.9659258262890682,-0.9749279121818236,-0.2225209339563146,405.9122124594624,76.0,0,1,1,1
2026-07-11 12:00:00,1815.0,45.0,0.0,71.99,29.0,54.0,1008.0,6.7,1,0,1.2246467991473532e-16,-1.0,-0.9749279121818236,-0.2225209339563146,405.9122124594624,76.0,0,1,1,1
2026-07-11 13:00:00,1707.5,42.7,0.0505,70.91999999999999,28.95,55.0,1009.5,6.695,1,0,-0.2588190451025208,-0.9659258262890683,-0.9749279121818236,-0.2225209339563146,405.9122124594624,76.0,0,0,0,0
2026-07-11 14:00:00,1600.0,40.4,0.101,69.85,28.9,56.0,1011.0,6.69,1,0,-0.4999999999999997,-0.8660254037844388,-0.9749279121818236,-0.2225209339563146,405.9122124594624,76.0,0,1,1,1
2026-07-11 15:00:00,1447.0,33.8,0.248,70.59,28.7,57.0,1011.0,6.28,1,0,-0.7071067811865471,-0.7071067811865479,-0.9749279121818236,-0.2225209339563146,405.9122124594624,76.0,0,1,1,1
2026-07-11 16:00:00,1104.0,37.9,0.157,68.69,25.4,75.0,1012.0,5.58,1,0,-0.8660254037844385,-0.5000000000000004,-0.9749279121818236,-0.2225209339563146,405.9122124594624,76.0,0,1,1,1
2026-07-11 17:00:00,1158.0,42.9,0.046,68.01,24.8,77.0,1012.0,5.1,1,0,-0.9659258262890683,-0.25881904510252063,-0.9749279121818236,-0.2225209339563146,405.9122124594624,76.0,0,1,1,1
2026-07-11 18:00:00,1283.5,42.349999999999994,0.058,68.53,24.5,78.0,1012.0,5.0649999999999995,1,0,-1.0,-1.8369701987210297e-16,-0.9749279121818236,-0.2225209339563146,405.9122124594624,76.0,0,0,0,0
2026-07-11 19:00:00,1409.0,41.8,0.07,69.05,24.2,79.0,1012.0,5.03,1,0,-0.9659258262890684,0.2588190451025203,-0.9749279121818236,-0.2225209339563146,405.9122124594624,76.0,0,1,1,1
2026-07-11 20:00:00,1244.0,40.3,0.105,68.79,23.7,81.0,1011.0,4.97,1,0,-0.8660254037844386,0.5000000000000001,-0.9749279121818236,-0.2225209339563146,405.9122124594624,76.0,0,1,1,1
2026-07-11 21:00:00,1205.0,39.7,0.118,68.75,23.1,82.0,1011.0,4.74,1,0,-0.7071067811865477,0.7071067811865474,-0.9749279121818236,-0.2225209339563146,405.9122124594624,76.0,0,1,1,1
2026-07-11 22:00:00,1500.0,40.2,0.107,69.62,22.6,82.0,1010.0,4.41,1,0,-0.5000000000000004,0.8660254037844384,-0.9749279121818236,-0.2225209339563146,405.9122124594624,76.0,0,1,1,1
2026-07-11 23:00:00,1610.0,40.2,0.106,69.92,22.6,84.0,1010.0,4.69,1,0,-0.25881904510252157,0.9659258262890681,-0.9749279121818236,-0.2225209339563146,405.9122124594624,76.0,0,1,1,1
2026-07-12 00:00:00,1415.5,41.7,0.0735,69.06,22.35,84.5,1010.5,4.815,1,0,0.0,1.0,-0.7818314824680299,0.6234898018587334,405.9122124594624,76.0,0,0,0,0
2026-07-12 01:00:00,1221.0,43.2,0.041,68.2,22.1,85.0,1011.0,4.94,1,0,0.25881904510252074,0.9659258262890683,-0.7818314824680299,0.6234898018587334,405.9122124594624,76.0,0,1,1,1
2026-07-12 02:00:00,1300.6666666666667,42.333333333333336,0.06,68.61,24.033333333333335,76.66666666666667,1011.0,5.4,1,0,0.49999999999999994,0.8660254037844387,-0.7818314824680299,0.6234898018587334,405.9122124594624,76.0,0,0,0,0
2026-07-12 03:00:00,1380.3333333333333,41.46666666666667,0.079,69.02000000000001,25.966666666666665,68.33333333333334,1011.0,5.86,1,0,0.7071067811865476,0.7071067811865476,-0.7818314824680299,0.6234898018587334,405.9122124594624,76.0,0,0,0,0
2026-07-12 04:00:00,1460.0,40.6,0.098,69.43,27.9,60.0,1011.0,6.32,1,0,0.8660254037844386,0.5000000000000001,-0.7818314824680299,0.6234898018587334,405.9122124594624,76.0,0,1,1,1
2026-07-12 05:00:00,1435.6666666666667,39.96666666666667,0.112,69.46666666666667,28.366666666666667,58.0,1010.6666666666666,6.4,1,0,0.9659258262890683,0.25881904510252074,-0.7818314824680299,0.6234898018587334,405.9122124594624,76.0,0,0,0,0
2026-07-12 06:00:00,1411.3333333333333,39.333333333333336,0.126,69.50333333333334,28.833333333333332,56.0,1010.3333333333334,6.4799999999999995,1,0,1.0,6.123233995736766e-17,-0.7818314824680299,0.6234898018587334,405.9122124594624,76.0,0,0,0,0
2026-07-12 07:00:00,1387.0,38.7,0.14,69.54,29.3,54.0,1010.0,6.56,1,0,0.9659258262890683,-0.25881904510252063,-0.7818314824680299,0.6234898018587334,405.9122124594624,76.0,0,1,1,1
2026-07-12 08:00:00,1374.5,40.1,0.10950000000000001,69.255,30.15,51.0,1007.5,6.55,1,0,0.8660254037844387,-0.4999999999999998,-0.7818314824680299,0.6234898018587334,405.9122124594624,76.0,0,0,0,0
2026-07-12 09:00:00,1362.0,41.5,0.079,68.97,31.0,48.0,1005.0,6.54,1,0,0.7071067811865476,-0.7071067811865475,-0.7818314824680299,0.6234898018587334,405.9122124594624,76.0,0,1,1,1
2026-07-12 10:00:00,1233.0,36.8,0.182,69.37,30.3,48.0,1006.0,5.85,1,0,0.49999999999999994,-0.8660254037844387,-0.7818314824680299,0.6234898018587334,405.9122124594624,76.0,0,1,1,1
2026-07-12 11:00:00,1620.0,39.6,0.12,70.06,30.0,52.0,1007.0,6.08,1,0,0.258819045102521,-0.9659258262890682,-0.7818314824680299,0.6234898018587334,405.9122124594624,76.0,0,1,1,1
2026-07-12 12:00:00,1614.0,40.2,0.1065,69.935,29.6,52.5,1008.0,6.625,1,0,1.2246467991473532e-16,-1.0,-0.7818314824680299,0.6234898018587334,405.9122124594624,76.0,0,0,0,0
2026-07-12 13:00:00,1608.0,40.8,0.093,69.81,29.2,53.0,1009.0,7.17,1,0,-0.2588190451025208,-0.9659258262890683,-0.7818314824680299,0.6234898018587334,405.9122124594624,76.0,0,1,1,1
2026-07-12 14:00:00,1212.0,38.9,0.135,68.92,27.1,64.0,1010.0,7.22,1,0,-0.4999999999999997,-0.8660254037844388,-0.7818314824680299,0.6234898018587334,405.9122124594624,76.0,0,1,1,1
2026-07-12 15:00:00,1791.0,42.0,0.066,70.06,26.0,68.0,1011.0,6.89,1,0,-0.7071067811865471,-0.7071067811865479,-0.7818314824680299,0.6234898018587334,405.9122124594624,76.0,0,1,1,1
2026-07-12 16:00:00,1593.0,39.8,0.115,69.91,25.7,69.5,1011.5,6.675,1,0,-0.8660254037844385,-0.5000000000000004,-0.7818314824680299,0.6234898018587334,405.9122124594624,76.0,0,0,0,0
2026-07-12 17:00:00,1395.0,37.6,0.164,69.76,25.4,71.0,1012.0,6.46,1,0,-0.9659258262890683,-0.25881904510252063,-0.7818314824680299,0.6234898018587334,405.9122124594624,76.0,0,1,1,1
2026-07-12 18:00:00,1522.0,39.4,0.125,69.82,24.2,75.0,1012.0,5.78,1,0,-1.0,-1.8369701987210297e-16,-0.7818314824680299,0.6234898018587334,405.9122124594624,76.0,0,1,1,1
2026-07-12 19:00:00,1612.0,35.3,0.216,70.8,23.1,79.0,1010.0,5.26,1,0,-0.9659258262890684,0.2588190451025203,-0.7818314824680299,0.6234898018587334,405.9122124594624,76.0,0,1,1,1
2026-07-12 20:00:00,1209.0,42.1,0.065,68.34,22.6,81.0,1010.0,5.08,1,0,-0.8660254037844386,0.5000000000000001,-0.7818314824680299,0.6234898018587334,405.9122124594624,76.0,0,1,1,1
2026-07-12 21:00:00,1264.0,38.2,0.152,69.23,22.0,82.0,1010.0,5.37,1,0,-0.7071067811865477,0.7071067811865474,-0.7818314824680299,0.6234898018587334,405.9122124594624,76.0,0,1,1,1
2026-07-12 22:00:00,1279.0,35.5,0.212,69.76,22.0,83.0,1009.0,5.08,1,0,-0.5000000000000004,0.8660254037844384,-0.7818314824680299,0.6234898018587334,405.9122124594624,76.0,0,1,1,1
2026-07-12 23:00:00,1561.0,39.2,0.129,69.97,21.5,83.0,1010.0,5.54,1,0,-0.25881904510252157,0.9659258262890681,-0.7818314824680299,0.6234898018587334,405.9122124594624,76.0,0,1,1,1
2026-07-13 00:00:00,1987.6666666666665,35.0,0.22233333333333333,71.58333333333333,21.9,81.66666666666667,1010.3333333333334,6.033333333333333,0,0,0.0,1.0,0.0,1.0,405.9122124594624,76.0,0,0,0,0
2026-07-13 01:00:00,2414.333333333333,30.8,0.31566666666666665,73.19666666666667,22.3,80.33333333333333,1010.6666666666666,6.526666666666666,0,0,0.25881904510252074,0.9659258262890683,0.0,1.0,405.9122124594624,76.0,0,0,0,0
2026-07-13 02:00:00,2841.0,26.6,0.409,74.81,22.7,79.0,1011.0,7.02,0,0,0.49999999999999994,0.8660254037844387,0.0,1.0,405.9122124594624,76.0,0,1,1,1
2026-07-13 03:00:00,2848.0,27.1,0.39775,74.73,24.225,72.75,1010.75,6.955,0,0,0.7071067811865476,0.7071067811865476,0.0,1.0,405.9122124594624,76.0,0,0,0,0
2026-07-13 04:00:00,2855.0,27.6,0.38649999999999995,74.65,25.75,66.5,1010.5,6.89,0,0,0.8660254037844386,0.5000000000000001,0.0,1.0,405.9122124594624,76.0,0,0,0,0
2026-07-13 05:00:00,2862.0,28.1,0.37525,74.57,27.275,60.25,1010.25,6.824999999999999,0,0,0.9659258262890683,0.25881904510252074,0.0,1.0,405.9122124594624,76.0,0,0,0,0
2026-07-13 06:00:00,2869.0,28.6,0.364,74.49,28.8,54.0,1010.0,6.76,0,0,1.0,6.123233995736766e-17,0.0,1.0,405.9122124594624,76.0,0,1,1,1
2026-07-13 07:00:00,4327.666666666667,21.400000000000002,0.524,78.11,30.033333333333335,49.333333333333336,1008.3333333333334,6.66,0,1,0.9659258262890683,-0.25881904510252063,0.0,1.0,405.9122124594624,76.0,0,0,0,0
2026-07-13 08:00:00,5786.333333333334,14.200000000000001,0.6839999999999999,81.72999999999999,31.266666666666666,44.666666666666664,1006.6666666666666,6.56,0,1,0.8660254037844387,-0.4999999999999998,0.0,1.0,405.9122124594624,76.0,0,0,0,0
2026-07-13 09:00:00,7245.0,7.0,0.844,85.35,32.5,40.0,1005.0,6.46,0,1,0.7071067811865476,-0.7071067811865475,0.0,1.0,405.9122124594624,76.0,0,1,1,1
2026-07-13 10:00:00,5808.666666666667,14.166666666666666,0.6849999999999999,81.77,31.6,42.666666666666664,1006.0,6.453333333333333,0,1,0.49999999999999994,-0.8660254037844387,0.0,1.0,405.9122124594624,76.0,0,0,0,0
2026-07-13 11:00:00,4372.333333333334,21.333333333333332,0.526,78.19,30.7,45.333333333333336,1007.0,6.446666666666667,0,0,0.258819045102521,-0.9659258262890682,0.0,1.0,405.9122124594624,76.0,0,0,0,0
2026-07-13 12:00:00,2936.0,28.5,0.367,74.61,29.8,48.0,1008.0,6.44,0,0,1.2246467991473532e-16,-1.0,0.0,1.0,405.9122124594624,76.0,0,1,1,1
2026-07-13 13:00:00,2860.3333333333335,26.766666666666666,0.4053333333333333,74.8,29.333333333333332,51.333333333333336,1009.3333333333334,6.513333333333334,0,0,-0.2588190451025208,-0.9659258262890683,0.0,1.0,405.9122124594624,76.0,0,0,0,0
2026-07-13 14:00:00,2784.6666666666665,25.033333333333335,0.44366666666666665,74.99000000000001,28.866666666666667,54.666666666666664,1010.6666666666666,6.586666666666667,0,0,-0.4999999999999997,-0.8660254037844388,0.0,1.0,405.9122124594624,76.0,0,0,0,0
2026-07-13 15:00:00,2709.0,23.3,0.482,75.18,28.4,58.0,1012.0,6.66,0,0,-0.7071067811865471,-0.7071067811865479,0.0,1.0,405.9122124594624,76.0,0,1,1,1
2026-07-13 16:00:00,4751.5,18.45,0.59,79.545,26.9,62.0,1011.5,6.705,0,0,-0.8660254037844385,-0.5000000000000004,0.0,1.0,405.9122124594624,76.0,0,0,0,0
2026-07-13 17:00:00,6794.0,13.6,0.698,83.91,25.4,66.0,1011.0,6.75,0,1,-0.9659258262890683,-0.25881904510252063,0.0,1.0,405.9122124594624,76.0,0,1,1,1
2026-07-13 18:00:00,7158.0,5.5,0.879,85.58,24.2,69.0,1011.0,6.01,0,1,-1.0,-1.8369701987210297e-16,0.0,1.0,405.9122124594624,76.0,0,1,1,1
2026-07-13 19:00:00,6987.0,11.35,0.7484999999999999,84.43,23.65,71.0,1011.0,5.855,0,1,-0.9659258262890684,0.2588190451025203,0.0,1.0,405.9122124594624,76.0,0,0,0,0
2026-07-13 20:00:00,6816.0,17.2,0.618,83.28,23.1,73.0,1011.0,5.7,0,1,-0.8660254037844386,0.5000000000000001,0.0,1.0,405.9122124594624,76.0,0,1,1,1
2026-07-13 21:00:00,2647.0,22.7,0.495,75.19,22.6,76.0,1010.0,5.75,0,0,-0.7071067811865477,0.7071067811865474,0.0,1.0,405.9122124594624,76.0,0,1,1,1
2026-07-13 22:00:00,2680.0,30.6,0.319,73.83,22.0,79.0,1009.0,5.32,0,0,-0.5000000000000004,0.8660254037844384,0.0,1.0,405.9122124594624,76.0,0,1,1,1
2026-07-13 23:00:00,2725.0,27.9,0.379,74.39,21.5,82.0,1010.0,5.33,0,0,-0.25881904510252157,0.9659258262890681,0.0,1.0,405.9122124594624,76.0,0,1,1,1
2026-07-14 00:00:00,2708.0,30.099999999999998,0.33066666666666666,73.97333333333333,21.7,80.33333333333333,1010.3333333333334,5.493333333333333,0,0,0.0,1.0,0.7818314824680298,0.6234898018587336,405.9122124594624,76.0,0,0,0,0
2026-07-14 01:00:00,2691.0,32.3,0.2823333333333333,73.55666666666667,21.900000000000002,78.66666666666667,1010.6666666666666,5.656666666666667,0,0,0.25881904510252074,0.9659258262890683,0.7818314824680298,0.6234898018587336,405.9122124594624,76.0,0,0,0,0
2026-07-14 02:00:00,2674.0,34.5,0.234,73.14,22.1,77.0,1011.0,5.82,0,0,0.49999999999999994,0.8660254037844387,0.7818314824680298,0.6234898018587336,405.9122124594624,76.0,0,1,1,1
2026-07-14 03:00:00,2720.3333333333335,31.866666666666667,0.2926666666666667,73.68333333333334,24.2,69.0,1011.0,5.88,0,0,0.7071067811865476,0.7071067811865476,0.7818314824680298,0.6234898018587336,405.9122124594624,76.0,0,0,0,0
2026-07-14 04:00:00,2766.6666666666665,29.233333333333334,0.35133333333333333,74.22666666666666,26.299999999999997,61.0,1011.0,5.94,0,0,0.8660254037844386,0.5000000000000001,0.7818314824680298,0.6234898018587336,405.9122124594624,76.0,0,0,0,0
2026-07-14 05:00:00,2813.0,26.6,0.41,74.77,28.4,53.0,1011.0,6.0,0,0,0.9659258262890683,0.25881904510252074,0.7818314824680298,0.6234898018587336,405.9122124594624,76.0,0,1,1,1
2026-07-14 06:00:00,4922.0,16.05,0.644,80.13,29.15,49.0,1010.5,6.105,0,0,1.0,6.123233995736766e-17,0.7818314824680298,0.6234898018587336,405.9122124594624,75.51727721196325,0,0,0,0
2026-07-14 07:00:00,7031.0,5.5,0.878,85.49,29.9,45.0,1010.0,6.21,0,1,0.9659258262890683,-0.25881904510252063,0.7818314824680298,0.6234898018587336,405.9122124594624,75.51727721196325,0,0,1,1
2026-07-14 08:00:00,6898.5,8.35,0.8145,84.9,30.75,39.0,1009.5,6.015000000000001,0,1,0.8660254037844387,-0.4999999999999998,0.7818314824680298,0.6234898018587336,405.9122124594624,75.51727721196325,0,0,0,0
2026-07-14 09:00:00,6766.0,11.2,0.751,84.31,31.6,33.0,1009.0,5.82,0,1,0.7071067811865476,-0.7071067811865475,0.7818314824680298,0.6234898018587336,405.9122124594624,75.51727721196325,0,0,1,1
2026-07-14 10:00:00,4902.5,20.549999999999997,0.5425,79.405,31.15,35.0,1009.0,5.965,0,1,0.49999999999999994,-0.8660254037844387,0.7818314824680298,0.6234898018587336,405.9122124594624,75.51727721196325,0,0,0,0
2026-07-14 11:00:00,3039.0,29.9,0.334,74.5,30.7,37.0,1009.0,6.11,0,0,0.258819045102521,-0.9659258262890682,0.7818314824680298,0.6234898018587336,405.9122124594624,75.51727721196325,0,0,1,1
2026-07-14 12:00:00,2556.0,28.9,0.359,73.95,29.9,39.0,1009.0,5.62,0,0,1.2246467991473532e-16,-1.0,0.7818314824680298,0.6234898018587336,405.9122124594624,75.51727721196325,0,0,1,1
2026-07-14 13:00:00,2620.5,29.6,0.34299999999999997,73.93,29.85,41.0,1009.5,5.21,0,0,-0.2588190451025208,-0.9659258262890683,0.7818314824680298,0.6234898018587336,405.9122124594624,75.51727721196325,0,0,0,0
2026-07-14 14:00:00,2685.0,30.3,0.327,73.91,29.8,43.0,1010.0,4.8,0,0,-0.4999999999999997,-0.8660254037844388,0.7818314824680298,0.6234898018587336,405.9122124594624,75.51727721196325,0,0,1,1
2026-07-14 15:00:00,2766.0,28.950000000000003,0.35650000000000004,74.27,29.700000000000003,44.0,1011.0,5.205,0,0,-0.7071067811865471,-0.7071067811865479,0.7818314824680298,0.6234898018587336,405.9122124594624,75.51727721196325,0,0,0,0
2026-07-14 16:00:00,2847.0,27.6,0.386,74.63,29.6,45.0,1012.0,5.61,0,0,-0.8660254037844385,-0.5000000000000004,0.7818314824680298,0.6234898018587336,405.9122124594624,75.51727721196325,0,0,1,1
2026-07-14 17:00:00,7365.0,11.9,0.735,84.55,26.0,62.0,1011.0,5.67,0,1,-0.9659258262890683,-0.25881904510252063,0.7818314824680298,0.6234898018587336,405.9122124594624,75.51727721196325,0,0,1,1
2026-07-14 18:00:00,7099.0,12.05,0.732,84.36500000000001,25.15,66.0,1011.5,5.165,0,1,-1.0,-1.8369701987210297e-16,0.7818314824680298,0.6234898018587336,405.9122124594624,75.51727721196325,0,0,0,0
2026-07-14 19:00:00,6833.0,12.2,0.729,84.18,24.3,70.0,1012.0,4.66,0,1,-0.9659258262890684,0.2588190451025203,0.7818314824680298,0.6234898018587336,405.9122124594624,75.51727721196325,0,0,1,1
2026-07-14 20:00:00,7166.0,8.9,0.801,84.96,23.2,71.0,1010.0,4.48,0,1,-0.8660254037844386,0.5000000000000001,0.7818314824680298,0.6234898018587336,405.9122124594624,75.51727721196325,0,0,1,1
2026-07-14 21:00:00,2823.0,27.6,0.387,74.6,22.6,74.0,1010.0,4.48,0,0,-0.7071067811865477,0.7071067811865474,0.7818314824680298,0.6234898018587336,405.9122124594624,75.51727721196325,0,0,1,1
2026-07-14 22:00:00,2615.0,33.0,0.266,73.3,22.0,77.0,1011.0,4.55,0,0,-0.5000000000000004,0.8660254037844384,0.7818314824680298,0.6234898018587336,405.9122124594624,75.51727721196325,0,0,1,1
2026-07-14 23:00:00,2351.0,31.4,0.303,73.14,21.5,78.0,1011.0,4.52,0,0,-0.25881904510252157,0.9659258262890681,0.7818314824680298,0.6234898018587336,405.9122124594624,75.51727721196325,0,0,1,1
2026-07-15 00:00:00,2585.0,29.833333333333332,0.3373333333333333,73.79333333333334,21.5,78.33333333333333,1011.6666666666666,4.756666666666667,0,0,0.0,1.0,0.9749279121818236,-0.22252093395631434,405.9122124594624,75.51727721196325,0,0,0,0
2026-07-15 01:00:00,2819.0,28.266666666666666,0.3716666666666667,74.44666666666666,21.5,78.66666666666667,1012.3333333333334,4.993333333333333,0,0,0.25881904510252074,0.9659258262890683,0.9749279121818236,-0.22252093395631434,405.9122124594624,75.51727721196325,0,0,0,0
2026-07-15 02:00:00,3053.0,26.7,0.406,75.1,21.5,79.0,1013.0,5.23,0,0,0.49999999999999994,0.8660254037844387,0.9749279121818236,-0.22252093395631434,405.9122124594624,75.51727721196325,0,0,1,1
2026-07-15 03:00:00,2980.0,26.9,0.40166666666666667,74.95666666666666,23.433333333333334,71.66666666666667,1012.6666666666666,5.333333333333334,0,0,0.7071067811865476,0.7071067811865476,0.9749279121818236,-0.22252093395631434,405.9122124594624,75.51727721196325,0,0,0,0
2026-07-15 04:00:00,2907.0,27.1,0.39733333333333337,74.81333333333333,25.366666666666667,64.33333333333333,1012.3333333333334,5.4366666666666665,0,0,0.8660254037844386,0.5000000000000001,0.9749279121818236,-0.22252093395631434,405.9122124594624,75.51727721196325,0,0,0,0
2026-07-15 05:00:00,2834.0,27.3,0.393,74.67,27.3,57.0,1012.0,5.54,0,0,0.9659258262890683,0.25881904510252074,0.9749279121818236,-0.22252093395631434,405.9122124594624,75.51727721196325,0,0,1,1
2026-07-15 06:00:00,4880.0,24.4,0.4575,78.625,28.35,52.0,1012.0,5.555000000000001,0,0,1.0,6.123233995736766e-17,0.9749279121818236,-0.22252093395631434,405.9122124594624,75.51727721196325,0,0,0,0
2026-07-15 07:00:00,6926.0,21.5,0.522,82.58,29.4,47.0,1012.0,5.57,0,1,0.9659258262890683,-0.25881904510252063,0.9749279121818236,-0.22252093395631434,405.9122124594624,75.51727721196325,0,0,1,1
2026-07-15 08:00:00,7029.5,14.85,0.6695,83.82499999999999,30.25,43.5,1010.0,5.675000000000001,0,1,0.8660254037844387,-0.4999999999999998,0.9749279121818236,-0.22252093395631434,405.9122124594624,75.51727721196325,0,0,0,0
2026-07-15 09:00:00,7133.0,8.2,0.817,85.07,31.1,40.0,1008.0,5.78,0,1,0.7071067811865476,-0.7071067811865475,0.9749279121818236,-0.22252093395631434,405.9122124594624,75.51727721196325,0,0,1,1
2026-07-15 10:00:00,4910.0,20.15,0.5519999999999999,79.33,31.1,39.5,1009.0,5.76,0,1,0.49999999999999994,-0.8660254037844387,0.9749279121818236,-0.22252093395631434,405.9122124594624,75.51727721196325,0,0,0,0
2026-07-15 11:00:00,2687.0,32.1,0.287,73.59,31.1,39.0,1010.0,5.74,0,0,0.258819045102521,-0.9659258262890682,0.9749279121818236,-0.22252093395631434,405.9122124594624,75.51727721196325,0,0,1,1
2026-07-15 12:00:00,2707.0,27.4,0.391,74.45,30.2,41.0,1009.0,4.13,0,0,1.2246467991473532e-16,-1.0,0.9749279121818236,-0.22252093395631434,405.9122124594624,75.51727721196325,0,0,1,1
2026-07-15 13:00:00,2825.5,28.799999999999997,0.36,74.38499999999999,29.4,45.0,1010.0,4.835,0,0,-0.2588190451025208,-0.9659258262890683,0.9749279121818236,-0.22252093395631434,405.9122124594624,75.51727721196325,0,0,0,0
2026-07-15 14:00:00,2944.0,30.2,0.329,74.32,28.6,49.0,1011.0,5.54,0,0,-0.4999999999999997,-0.8660254037844388,0.9749279121818236,-0.22252093395631434,405.9122124594624,75.51727721196325,0,0,1,1
2026-07-15 15:00:00,2971.5,27.75,0.383,74.79499999999999,27.5,53.5,1011.5,6.01,0,0,-0.7071067811865471,-0.7071067811865479,0.9749279121818236,-0.22252093395631434,405.9122124594624,75.51727721196325,0,0,0,0
2026-07-15 16:00:00,2999.0,25.3,0.437,75.27,26.4,58.0,1012.0,6.48,0,0,-0.8660254037844385,-0.5000000000000004,0.9749279121818236,-0.22252093395631434,405.9122124594624,75.51727721196325,0,0,1,1
2026-07-15 17:00:00,6763.0,13.4,0.702,83.92,25.4,63.0,1012.0,6.15,0,1,-0.9659258262890683,-0.25881904510252063,0.9749279121818236,-0.22252093395631434,405.9122124594624,75.51727721196325,0,0,1,1
2026-07-15 18:00:00,6886.0,9.35,0.7915,84.71000000000001,24.799999999999997,66.0,1012.0,5.9350000000000005,0,1,-1.0,-1.8369701987210297e-16,0.9749279121818236,-0.22252093395631434,405.9122124594624,75.51727721196325,0,0,0,0
2026-07-15 19:00:00,7009.0,5.3,0.881,85.5,24.2,69.0,1012.0,5.72,0,1,-0.9659258262890684,0.2588190451025203,0.9749279121818236,-0.22252093395631434,405.9122124594624,75.51727721196325,0,0,1,1
2026-07-15 20:00:00,6839.0,14.2,0.684,83.82,23.1,73.0,1011.0,4.66,0,1,-0.8660254037844386,0.5000000000000001,0.9749279121818236,-0.22252093395631434,405.9122124594624,75.51727721196325,0,0,1,1
2026-07-15 21:00:00,2651.0,24.7,0.451,74.84,22.6,79.0,1011.0,4.12,0,0,-0.7071067811865477,0.7071067811865474,0.9749279121818236,-0.22252093395631434,405.9122124594624,75.51727721196325,0,0,1,1
2026-07-15 22:00:00,2639.5,23.65,0.47450000000000003,75.01,22.3,79.5,1011.5,4.045,0,0,-0.5000000000000004,0.8660254037844384,0.9749279121818236,-0.22252093395631434,405.9122124594624,75.51727721196325,0,0,0,0
2026-07-15 23:00:00,2628.0,22.6,0.498,75.18,22.0,80.0,1012.0,3.97,0,0,-0.25881904510252157,0.9659258262890681,0.9749279121818236,-0.22252093395631434,405.9122124594624,75.51727721196325,0,0,1,1
2026-07-16 00:00:00,2787.0,29.6,0.343,74.2,21.4,81.0,1012.0,4.35,0,0,0.0,1.0,0.43388373911755823,-0.900968867902419,405.9122124594624,75.51727721196325,0,0,1,1
2026-07-16 01:00:00,2834.75,28.625,0.36450000000000005,74.4425,22.15,77.25,1012.25,4.484999999999999,0,0,0.25881904510252074,0.9659258262890683,0.43388373911755823,-0.900968867902419,405.9122124594624,75.51727721196325,0,0,0,0
2026-07-16 02:00:00,2882.5,27.650000000000002,0.386,74.685,22.9,73.5,1012.5,4.619999999999999,0,0,0.49999999999999994,0.8660254037844387,0.43388373911755823,-0.900968867902419,405.9122124594624,75.51727721196325,0,0,0,0
2026-07-16 03:00:00,2930.25,26.675,0.4075,74.92750000000001,23.65,69.75,1012.75,4.755,0,0,0.7071067811865476,0.7071067811865476,0.43388373911755823,-0.900968867902419,405.9122124594624,75.51727721196325,0,0,0,0
2026-07-16 04:00:00,2978.0,25.7,0.429,75.17,24.4,66.0,1013.0,4.89,0,0,0.8660254037844386,0.5000000000000001,0.43388373911755823,-0.900968867902419,405.9122124594624,75.51727721196325,0,0,1,1
2026-07-16 05:00:00,2819.0,24.2,0.46199999999999997,75.19,26.9,57.5,1011.5,5.505,0,0,0.9659258262890683,0.25881904510252074,0.43388373911755823,-0.900968867902419,405.9122124594624,75.51727721196325,0,0,0,0
2026-07-16 06:00:00,2660.0,22.7,0.495,75.21,29.4,49.0,1010.0,6.12,0,0,1.0,6.123233995736766e-17,0.43388373911755823,-0.900968867902419,405.9122124594624,75.51727721196325,0,0,1,1
2026-07-16 07:00:00,4074.666666666667,20.9,0.5353333333333333,77.91333333333333,29.5,47.666666666666664,1009.0,6.056666666666667,0,1,0.9659258262890683,-0.25881904510252063,0.43388373911755823,-0.900968867902419,405.9122124594624,75.51727721196325,0,0,0,0
2026-07-16 08:00:00,5489.333333333334,19.1,0.5756666666666667,80.61666666666666,29.599999999999998,46.333333333333336,1008.0,5.993333333333333,0,1,0.8660254037844387,-0.4999999999999998,0.43388373911755823,-0.900968867902419,405.9122124594624,75.51727721196325,0,0,0,0
2026-07-16 09:00:00,6904.0,17.3,0.616,83.32,29.7,45.0,1007.0,5.93,0,1,0.7071067811865476,-0.7071067811865475,0.43388373911755823,-0.900968867902419,405.9122124594624,75.51727721196325,0,0,1,1
2026-07-16 10:00:00,4622.0,18.9,0.5805,79.185,29.799999999999997,46.0,1008.5,6.07,0,1,0.49999999999999994,-0.8660254037844387,0.43388373911755823,-0.900968867902419,405.9122124594624,75.51727721196325,0,0,0,0
2026-07-16 11:00:00,2340.0,20.5,0.545,75.05,29.9,47.0,1010.0,6.21,0,0,0.258819045102521,-0.9659258262890682,0.43388373911755823,-0.900968867902419,405.9122124594624,75.51727721196325,0,0,1,1
2026-07-16 12:00:00,2540.0,14.6,0.675,76.45,27.9,53.0,1009.0,7.71,0,0,1.2246467991473532e-16,-1.0,0.43388373911755823,-0.900968867902419,405.9122124594624,75.51727721196325,0,0,1,1
2026-07-16 13:00:00,2620.0,18.4,0.5906666666666667,75.90666666666667,27.2,55.666666666666664,1010.0,6.543333333333333,0,0,-0.2588190451025208,-0.9659258262890683,0.43388373911755823,-0.900968867902419,405.9122124594624,75.51727721196325,0,0,0,0
2026-07-16 14:00:00,2700.0,22.2,0.5063333333333333,75.36333333333333,26.5,58.333333333333336,1011.0,5.376666666666667,0,0,-0.4999999999999997,-0.8660254037844388,0.43388373911755823,-0.900968867902419,405.9122124594624,75.51727721196325,0,0,0,0
2026-07-16 15:00:00,2780.0,26.0,0.422,74.82,25.8,61.0,1012.0,4.21,0,0,-0.7071067811865471,-0.7071067811865479,0.43388373911755823,-0.900968867902419,405.9122124594624,75.51727721196325,0,0,1,1
2026-07-16 16:00:00,2907.0,26.4,0.413,74.94,24.9,65.0,1012.0,6.67,0,0,-0.8660254037844385,-0.5000000000000004,0.43388373911755823,-0.900968867902419,405.9122124594624,75.51727721196325,0,0,1,1
2026-07-16 17:00:00,5070.5,17.6,0.609,79.985,24.549999999999997,65.5,1012.0,6.16,0,1,-0.9659258262890683,-0.25881904510252063,0.43388373911755823,-0.900968867902419,405.9122124594624,75.51727721196325,0,0,0,0
2026-07-16 18:00:00,7234.0,8.8,0.805,85.03,24.2,66.0,1012.0,5.65,0,1,-1.0,-1.8369701987210297e-16,0.43388373911755823,-0.900968867902419,405.9122124594624,75.51727721196325,0,0,1,1
2026-07-16 19:00:00,6647.0,10.6,0.766,84.35,23.2,69.0,1011.0,6.11,0,1,-0.9659258262890684,0.2588190451025203,0.43388373911755823,-0.900968867902419,405.9122124594624,75.51727721196325,0,0,1,1
2026-07-16 20:00:00,6625.0,16.1,0.643,83.36,23.1,72.0,1011.0,6.19,0,1,-0.8660254037844386,0.5000000000000001,0.43388373911755823,-0.900968867902419,405.9122124594624,75.51727721196325,0,0,1,1
2026-07-16 21:00:00,4863.5,19.65,0.5635,79.575,22.85,74.0,1011.5,6.09,0,0,-0.7071067811865477,0.7071067811865474,0.43388373911755823,-0.900968867902419,405.9122124594624,75.51727721196325,0,0,0,0
2026-07-16 22:00:00,3102.0,23.2,0.484,75.79,22.6,76.0,1012.0,5.99,0,0,-0.5000000000000004,0.8660254037844384,0.43388373911755823,-0.900968867902419,405.9122124594624,75.51727721196325,0,0,1,1
2026-07-16 23:00:00,2888.0,23.6,0.476,75.41,22.0,78.0,1011.0,5.75,0,0,-0.25881904510252157,0.9659258262890681,0.43388373911755823,-0.900968867902419,405.9122124594624,75.51727721196325,0,0,1,1
2026-07-17 00:00:00,2952.0,25.05,0.44299999999999995,75.24,22.0,79.0,1011.5,5.76,0,0,0.0,1.0,-0.433883739117558,-0.9009688679024191,405.9122124594624,75.51727721196325,0,0,0,0
2026-07-17 01:00:00,3016.0,26.5,0.41,75.07,22.0,80.0,1012.0,5.77,0,0,0.25881904510252074,0.9659258262890683,-0.433883739117558,-0.9009688679024191,405.9122124594624,75.51727721196325,0,0,1,1
2026-07-17 02:00:00,2986.6666666666665,29.866666666666667,0.3353333333333333,74.42999999999999,22.8,76.66666666666667,1012.3333333333334,6.31,0,0,0.49999999999999994,0.8660254037844387,-0.433883739117558,-0.9009688679024191,405.9122124594624,75.51727721196325,0,0,0,0
2026-07-17 03:00:00,2957.3333333333335,33.233333333333334,0.26066666666666666,73.79,23.599999999999998,73.33333333333333,1012.6666666666666,6.85,0,0,0.7071067811865476,0.7071067811865476,-0.433883739117558,-0.9009688679024191,405.9122124594624,75.51727721196325,0,0,0,0
2026-07-17 04:00:00,2928.0,36.6,0.186,73.15,24.4,70.0,1013.0,7.39,0,0,0.8660254037844386,0.5000000000000001,-0.433883739117558,-0.9009688679024191,405.9122124594624,75.51727721196325,0,0,1,1
2026-07-17 05:00:00,4287.666666666667,27.5,0.3883333333333333,77.03333333333333,25.3,66.33333333333333,1012.6666666666666,6.996666666666666,0,0,0.9659258262890683,0.25881904510252074,-0.433883739117558,-0.9009688679024191,405.9122124594624,75.51727721196325,0,0,0,0
2026-07-17 06:00:00,5647.333333333334,18.400000000000002,0.5906666666666667,80.91666666666667,26.2,62.666666666666664,1012.3333333333334,6.6033333333333335,0,0,1.0,6.123233995736766e-17,-0.433883739117558,-0.9009688679024191,405.9122124594624,75.51727721196325,0,0,0,0
2026-07-17 07:00:00,7007.0,9.3,0.793,84.8,27.1,59.0,1012.0,6.21,0,1,0.9659258262890683,-0.25881904510252063,-0.433883739117558,-0.9009688679024191,405.9122124594624,75.51727721196325,0,0,1,1
2026-07-17 08:00:00,7020.5,7.5,0.833,85.13,27.4,58.0,1011.5,6.7,0,1,0.8660254037844387,-0.4999999999999998,-0.433883739117558,-0.9009688679024191,405.9122124594624,75.51727721196325,0,0,0,0
2026-07-17 09:00:00,7034.0,5.7,0.873,85.46,27.7,57.0,1011.0,7.19,0,1,0.7071067811865476,-0.7071067811865475,-0.433883739117558,-0.9009688679024191,405.9122124594624,75.51727721196325,0,0,1,1
2026-07-17 10:00:00,4910.0,13.75,0.694,80.51499999999999,26.049999999999997,64.5,1011.0,6.7,0,1,0.49999999999999994,-0.8660254037844387,-0.433883739117558,-0.9009688679024191,405.9122124594624,75.51727721196325,0,0,0,0
2026-07-17 11:00:00,2786.0,21.8,0.515,75.57,24.4,72.0,1011.0,6.21,0,0,0.258819045102521,-0.9659258262890682,-0.433883739117558,-0.9009688679024191,405.9122124594624,75.51727721196325,0,0,1,1
2026-07-17 12:00:00,2872.0,32.0,0.288,73.89,23.9,78.0,1011.0,6.67,0,0,1.2246467991473532e-16,-1.0,-0.433883739117558,-0.9009688679024191,405.9122124594624,75.51727721196325,0,0,1,1
2026-07-17 13:00:00,2835.0,33.75,0.2495,73.525,23.75,78.0,1011.5,6.55,0,0,-0.2588190451025208,-0.9659258262890683,-0.433883739117558,-0.9009688679024191,405.9122124594624,75.51727721196325,0,0,0,0
2026-07-17 14:00:00,2798.0,35.5,0.211,73.16,23.6,78.0,1012.0,6.43,0,0,-0.4999999999999997,-0.8660254037844388,-0.433883739117558,-0.9009688679024191,405.9122124594624,75.51727721196325,0,0,1,1
2026-07-17 15:00:00,2663.5,35.45,0.2125,72.94999999999999,22.6,82.5,1012.5,6.609999999999999,0,0,-0.7071067811865471,-0.7071067811865479,-0.433883739117558,-0.9009688679024191,405.9122124594624,75.51727721196325,0,0,0,0
2026-07-17 16:00:00,2529.0,35.4,0.214,72.74,21.6,87.0,1013.0,6.79,0,0,-0.8660254037844385,-0.5000000000000004,-0.433883739117558,-0.9009688679024191,405.9122124594624,75.51727721196325,0,0,1,1
2026-07-17 17:00:00,6962.0,18.8,0.582,83.08,21.6,86.0,1013.0,6.08,0,1,-0.9659258262890683,-0.25881904510252063,-0.433883739117558,-0.9009688679024191,405.9122124594624,75.51727721196325,0,0,1,1
2026-07-17 18:00:00,7100.0,13.5,0.7,84.11,21.8,83.5,1013.0,6.07,0,1,-1.0,-1.8369701987210297e-16,-0.433883739117558,-0.9009688679024191,405.9122124594624,75.51727721196325,0,0,0,0
2026-07-17 19:00:00,7238.0,8.2,0.818,85.14,22.0,81.0,1013.0,6.06,0,1,-0.9659258262890684,0.2588190451025203,-0.433883739117558,-0.9009688679024191,405.9122124594624,75.51727721196325,0,0,1,1
2026-07-17 20:00:00,7081.0,10.0,0.778,84.72,22.0,80.0,1012.0,6.21,0,1,-0.8660254037844386,0.5000000000000001,-0.433883739117558,-0.9009688679024191,405.9122124594624,75.51727721196325,0,0,1,1
2026-07-17 21:00:00,2814.0,23.9,0.469,75.25,21.5,81.0,1012.0,6.16,0,0,-0.7071067811865477,0.7071067811865474,-0.433883739117558,-0.9009688679024191,405.9122124594624,75.51727721196325,0,0,1,1
2026-07-17 22:00:00,2944.0,19.5,0.566,76.22,21.5,82.0,1011.0,5.56,0,0,-0.5000000000000004,0.8660254037844384,-0.433883739117558,-0.9009688679024191,405.9122124594624,75.51727721196325,0,0,1,1
2026-07-17 23:00:00,2959.0,23.1,0.487,75.61,21.5,83.0,1012.0,5.53,0,0,-0.25881904510252157,0.9659258262890681,-0.433883739117558,-0.9009688679024191,405.9122124594624,75.51727721196325,0,0,1,1
2026-07-18 00:00:00,1581.0,40.6,0.098,69.77,21.5,83.0,1012.0,5.85,1,0,0.0,1.0,-0.9749279121818236,-0.2225209339563146,405.9122124594624,75.51727721196325,0,0,1,1
2026-07-18 01:00:00,1418.6666666666667,40.833333333333336,0.093,69.19666666666666,22.066666666666666,81.0,1012.3333333333334,6.463333333333333,1,0,0.25881904510252074,0.9659258262890683,-0.9749279121818236,-0.2225209339563146,405.9122124594624,75.51727721196325,0,0,0,0
2026-07-18 02:00:00,1256.3333333333335,41.06666666666666,0.08800000000000001,68.62333333333333,22.633333333333333,79.0,1012.6666666666666,7.076666666666666,1,0,0.49999999999999994,0.8660254037844387,-0.9749279121818236,-0.2225209339563146,405.9122124594624,75.51727721196325,0,0,0,0
2026-07-18 03:00:00,1094.0,41.3,0.083,68.05,23.2,77.0,1013.0,7.69,1,0,0.7071067811865476,0.7071067811865476,-0.9749279121818236,-0.2225209339563146,405.9122124594624,75.51727721196325,0,0,1,1
2026-07-18 04:00:00,1137.0,40.96666666666666,0.09033333333333333,68.27,24.133333333333333,73.0,1012.6666666666666,7.29,1,0,0.8660254037844386,0.5000000000000001,-0.9749279121818236,-0.2225209339563146,405.9122124594624,75.51727721196325,0,0,0,0
2026-07-18 05:00:00,1180.0,40.63333333333333,0.09766666666666667,68.49,25.066666666666666,69.0,1012.3333333333334,6.890000000000001,1,0,0.9659258262890683,0.25881904510252074,-0.9749279121818236,-0.2225209339563146,405.9122124594624,75.51727721196325,0,0,0,0
2026-07-18 06:00:00,1223.0,40.3,0.105,68.71,26.0,65.0,1012.0,6.49,1,0,1.0,6.123233995736766e-17,-0.9749279121818236,-0.2225209339563146,405.9122124594624,75.51727721196325,0,0,1,1
2026-07-18 07:00:00,1322.5,41.099999999999994,0.0865,68.88999999999999,26.05,68.0,1011.5,6.42,1,0,0.9659258262890683,-0.25881904510252063,-0.9749279121818236,-0.2225209339563146,405.9122124594624,75.51727721196325,0,0,0,0
2026-07-18 08:00:00,1422.0,41.9,0.068,69.07,26.1,71.0,1011.0,6.35,1,0,0.8660254037844387,-0.4999999999999998,-0.9749279121818236,-0.2225209339563146,405.9122124594624,75.51727721196325,0,0,1,1
2026-07-18 09:00:00,1244.0,41.8,0.07,68.51,28.6,64.0,1010.0,6.85,1,0,0.7071067811865476,-0.7071067811865475,-0.9749279121818236,-0.2225209339563146,405.9122124594624,75.51727721196325,0,0,1,1
2026-07-18 10:00:00,1286.0,39.099999999999994,0.1305,69.135,26.9,62.0,1009.5,6.755,1,0,0.49999999999999994,-0.8660254037844387,-0.9749279121818236,-0.2225209339563146,405.9122124594624,75.51727721196325,0,0,0,0
2026-07-18 11:00:00,1328.0,36.4,0.191,69.76,25.2,60.0,1009.0,6.66,1,0,0.258819045102521,-0.9659258262890682,-0.9749279121818236,-0.2225209339563146,405.9122124594624,75.51727721196325,0,0,1,1
2026-07-18 12:00:00,1126.0,40.4,0.101,68.32,24.7,58.0,1009.0,5.27,1,0,1.2246467991473532e-16,-1.0,-0.9749279121818236,-0.2225209339563146,405.9122124594624,75.51727721196325,0,0,1,1
2026-07-18 13:00:00,1625.0,38.6,0.142,70.24,22.3,94.0,1010.0,6.21,1,0,-0.2588190451025208,-0.9659258262890683,-0.9749279121818236,-0.2225209339563146,405.9122124594624,75.51727721196325,0,0,1,1
2026-07-18 14:00:00,1513.0,35.3,0.216,70.53,22.8,93.0,1012.0,6.57,1,0,-0.4999999999999997,-0.8660254037844388,-0.9749279121818236,-0.2225209339563146,405.9122124594624,75.51727721196325,0,0,1,1
2026-07-18 15:00:00,1304.0,39.1,0.131,69.2,22.8,85.0,1012.0,6.19,1,0,-0.7071067811865471,-0.7071067811865479,-0.9749279121818236,-0.2225209339563146,405.9122124594624,75.51727721196325,0,0,1,1
2026-07-18 16:00:00,1141.0,46.2,0.0,69.97,22.8,84.0,1013.0,6.37,1,0,-0.8660254037844385,-0.5000000000000004,-0.9749279121818236,-0.2225209339563146,405.9122124594624,75.51727721196325,0,0,1,1
2026-07-18 17:00:00,1398.0,40.5,0.101,69.26,22.7,82.0,1013.0,6.07,1,0,-0.9659258262890683,-0.25881904510252063,-0.9749279121818236,-0.2225209339563146,405.9122124594624,75.51727721196325,0,0,1,1
2026-07-18 18:00:00,1382.5,37.5,0.1675,69.745,22.7,81.5,1013.0,6.08,1,0,-1.0,-1.8369701987210297e-16,-0.9749279121818236,-0.2225209339563146,405.9122124594624,75.51727721196325,0,0,0,0
2026-07-18 19:00:00,1367.0,34.5,0.234,70.23,22.7,81.0,1013.0,6.09,1,0,-0.9659258262890684,0.2588190451025203,-0.9749279121818236,-0.2225209339563146,405.9122124594624,75.51727721196325,0,0,1,1
2026-07-18 20:00:00,1319.0,36.9,0.181,69.65,22.6,80.0,1012.0,5.74,1,0,-0.8660254037844386,0.5000000000000001,-0.9749279121818236,-0.2225209339563146,405.9122124594624,75.51727721196325,0,0,1,1
2026-07-18 21:00:00,1009.0,39.5,0.122,68.01,22.1,82.0,1012.0,5.25,1,0,-0.7071067811865477,0.7071067811865474,-0.9749279121818236,-0.2225209339563146,405.9122124594624,75.51727721196325,0,0,1,1
2026-07-18 22:00:00,1250.0,42.9,0.047,68.35,21.6,83.0,1012.0,5.48,1,0,-0.5000000000000004,0.8660254037844384,-0.9749279121818236,-0.2225209339563146,405.9122124594624,75.51727721196325,0,0,1,1
2026-07-18 23:00:00,1237.0,38.9,0.137,69.02,21.5,84.0,1011.0,5.48,1,0,-0.25881904510252157,0.9659258262890681,-0.9749279121818236,-0.2225209339563146,405.9122124594624,75.51727721196325,0,0,1,1
2026-07-19 00:00:00,1253.0,42.05,0.0685,69.725,21.25,85.5,1011.0,5.61,1,0,0.0,1.0,-0.7818314824680299,0.6234898018587334,405.9122124594624,75.51727721196325,0,0,0,0
2026-07-19 01:00:00,1269.0,45.2,0.0,70.43,21.0,87.0,1011.0,5.74,1,0,0.25881904510252074,0.9659258262890683,-0.7818314824680299,0.6234898018587334,405.9122124594624,75.51727721196325,0,0,1,1
2026-07-19 02:00:00,1371.3333333333333,43.96666666666667,0.026,70.15333333333334,22.0,82.66666666666667,1011.3333333333334,6.123333333333333,1,0,0.49999999999999994,0.8660254037844387,-0.7818314824680299,0.6234898018587334,405.9122124594624,75.51727721196325,0,0,0,0
2026-07-19 03:00:00,1473.6666666666667,42.733333333333334,0.052,69.87666666666667,23.0,78.33333333333333,1011.6666666666666,6.506666666666667,1,0,0.7071067811865476,0.7071067811865476,-0.7818314824680299,0.6234898018587334,405.9122124594624,75.51727721196325,0,0,0,0
2026-07-19 04:00:00,1576.0,41.5,0.078,69.6,24.0,74.0,1012.0,6.89,1,0,0.8660254037844386,0.5000000000000001,-0.7818314824680299,0.6234898018587334,405.9122124594624,75.51727721196325,0,0,1,1
2026-07-19 05:00:00,1550.0,41.333333333333336,0.08166666666666667,69.55666666666666,25.733333333333334,66.33333333333333,1011.3333333333334,6.656666666666666,1,0,0.9659258262890683,0.25881904510252074,-0.7818314824680299,0.6234898018587334,405.9122124594624,75.51727721196325,0,0,0,0
2026-07-19 06:00:00,1524.0,41.166666666666664,0.08533333333333333,69.51333333333334,27.466666666666665,58.666666666666664,1010.6666666666666,6.423333333333334,1,0,1.0,6.123233995736766e-17,-0.7818314824680299,0.6234898018587334,405.9122124594624,75.51727721196325,0,0,0,0
2026-07-19 07:00:00,1498.0,41.0,0.089,69.47,29.2,51.0,1010.0,6.19,1,0,0.9659258262890683,-0.25881904510252063,-0.7818314824680299,0.6234898018587334,405.9122124594624,75.51727721196325,0,0,1,1
2026-07-19 08:00:00,1367.5,39.85,0.11499999999999999,69.25999999999999,29.35,51.5,1010.0,5.96,1,0,0.8660254037844387,-0.4999999999999998,-0.7818314824680299,0.6234898018587334,405.9122124594624,75.51727721196325,0,0,0,0
2026-07-19 09:00:00,1237.0,38.7,0.141,69.05,29.5,52.0,1010.0,5.73,1,0,0.7071067811865476,-0.7071067811865475,-0.7818314824680299,0.6234898018587334,405.9122124594624,75.51727721196325,0,0,1,1
2026-07-19 10:00:00,1614.0,39.7,0.119,70.03,28.6,60.0,1009.0,5.53,1,0,0.49999999999999994,-0.8660254037844387,-0.7818314824680299,0.6234898018587334,405.9122124594624,75.51727721196325,0,0,1,1
2026-07-19 11:00:00,1492.0,34.2,0.239,70.65,28.8,57.0,1009.0,4.62,1,0,0.258819045102521,-0.9659258262890682,-0.7818314824680299,0.6234898018587334,405.9122124594624,75.51727721196325,0,0,1,1
2026-07-19 12:00:00,1288.0,36.1,0.1975,69.625,27.1,68.5,1010.0,4.87,1,0,1.2246467991473532e-16,-1.0,-0.7818314824680299,0.6234898018587334,405.9122124594624,75.51727721196325,0,0,0,0
2026-07-19 13:00:00,1084.0,38.0,0.156,68.6,25.4,80.0,1011.0,5.12,1,0,-0.2588190451025208,-0.9659258262890683,-0.7818314824680299,0.6234898018587334,405.9122124594624,75.51727721196325,0,0,1,1
2026-07-19 14:00:00,1285.0,44.7,0.007,68.15,25.2,72.0,1011.0,5.8,1,0,-0.4999999999999997,-0.8660254037844388,-0.7818314824680299,0.6234898018587334,405.9122124594624,75.51727721196325,0,0,1,1
2026-07-19 15:00:00,1560.0,36.7,0.184,70.4,24.2,74.0,1012.0,6.1,1,0,-0.7071067811865471,-0.7071067811865479,-0.7818314824680299,0.6234898018587334,405.9122124594624,75.51727721196325,0,0,1,1
2026-07-19 16:00:00,912.0,38.4,0.146,67.77,24.2,72.0,1013.0,5.88,1,0,-0.8660254037844385,-0.5000000000000004,-0.7818314824680299,0.6234898018587334,405.9122124594624,75.51727721196325,0,0,1,1
2026-07-19 17:00:00,811.5,41.15,0.08549999999999999,66.745,23.7,74.5,1013.0,5.845,1,0,-0.9659258262890683,-0.25881904510252063,-0.7818314824680299,0.6234898018587334,405.9122124594624,75.51727721196325,0,0,0,0
2026-07-19 18:00:00,711.0,43.9,0.025,65.72,23.2,77.0,1013.0,5.81,1,0,-1.0,-1.8369701987210297e-16,-0.7818314824680299,0.6234898018587334,405.9122124594624,75.51727721196325,0,0,1,1
2026-07-19 19:00:00,1270.0,40.4,0.102,68.85,23.1,78.0,1011.0,6.2,1,0,-0.9659258262890684,0.2588190451025203,-0.7818314824680299,0.6234898018587334,405.9122124594624,75.51727721196325,0,0,1,1
2026-07-19 20:00:00,1098.0,40.1,0.109,68.28,22.6,80.0,1011.0,6.11,1,0,-0.8660254037844386,0.5000000000000001,-0.7818314824680299,0.6234898018587334,405.9122124594624,75.51727721196325,0,0,1,1
2026-07-19 21:00:00,1415.0,42.5,0.056,68.96,22.0,81.0,1011.0,5.9,1,0,-0.7071067811865477,0.7071067811865474,-0.7818314824680299,0.6234898018587334,405.9122124594624,75.51727721196325,0,0,1,1
2026-07-19 22:00:00,1480.0,44.0,0.022,68.88,22.0,82.0,1011.0,6.04,1,0,-0.5000000000000004,0.8660254037844384,-0.7818314824680299,0.6234898018587334,405.9122124594624,75.51727721196325,0,0,1,1
2026-07-19 23:00:00,1491.0,39.3,0.128,69.76,22.0,83.0,1011.0,5.6,1,0,-0.25881904510252157,0.9659258262890681,-0.7818314824680299,0.6234898018587334,405.9122124594624,75.51727721196325,0,0,1,1
2026-07-20 00:00:00,1964.0,35.46666666666667,0.21266666666666667,71.40333333333334,22.2,82.33333333333333,1011.6666666666666,6.276666666666666,0,0,0.0,1.0,0.0,1.0,405.9122124594624,75.51727721196325,0,0,0,0
2026-07-20 01:00:00,2437.0,31.633333333333333,0.29733333333333334,73.04666666666667,22.400000000000002,81.66666666666667,1012.3333333333334,6.953333333333333,0,0,0.25881904510252074,0.9659258262890683,0.0,1.0,405.9122124594624,75.51727721196325,0,0,0,0
2026-07-20 02:00:00,2910.0,27.8,0.382,74.69,22.6,81.0,1013.0,7.63,0,0,0.49999999999999994,0.8660254037844387,0.0,1.0,405.9122124594624,75.51727721196325,0,0,1,1
2026-07-20 03:00:00,2867.0,28.525,0.36625,74.5,24.225,74.5,1012.5,7.7299999999999995,0,0,0.7071067811865476,0.7071067811865476,0.0,1.0,405.9122124594624,75.51727721196325,0,0,0,0
2026-07-20 04:00:00,2824.0,29.25,0.35050000000000003,74.31,25.85,68.0,1012.0,7.83,0,0,0.8660254037844386,0.5000000000000001,0.0,1.0,405.9122124594624,75.51727721196325,0,0,0,0
2026-07-20 05:00:00,2781.0,29.975,0.33475,74.12,27.475,61.5,1011.5,7.93,0,0,0.9659258262890683,0.25881904510252074,0.0,1.0,405.9122124594624,75.51727721196325,0,0,0,0
2026-07-20 06:00:00,2738.0,30.7,0.319,73.93,29.1,55.0,1011.0,8.03,0,0,1.0,6.123233995736766e-17,0.0,1.0,405.9122124594624,75.51727721196325,0,0,1,1
2026-07-20 07:00:00,4176.0,23.466666666666665,0.4793333333333334,77.58,29.3,53.666666666666664,1010.0,8.113333333333333,0,1,0.9659258262890683,-0.25881904510252063,0.0,1.0,405.9122124594624,75.51727721196325,0,0,0,0
2026-07-20 08:00:00,5614.0,16.233333333333334,0.6396666666666667,81.23,29.5,52.333333333333336,1009.0,8.196666666666665,0,1,0.8660254037844387,-0.4999999999999998,0.0,1.0,405.9122124594624,75.51727721196325,0,0,0,0
2026-07-20 09:00:00,7052.0,9.0,0.8,84.88,29.7,51.0,1008.0,8.28,0,1,0.7071067811865476,-0.7071067811865475,0.0,1.0,405.9122124594624,75.51727721196325,0,0,1,1
2026-07-20 10:00:00,5662.666666666666,12.899999999999999,0.7136666666666667,81.89666666666666,28.766666666666666,55.666666666666664,1008.3333333333334,7.916666666666666,0,1,0.49999999999999994,-0.8660254037844387,0.0,1.0,405.9122124594624,75.51727721196325,0,0,0,0
2026-07-20 11:00:00,4273.333333333333,16.799999999999997,0.6273333333333334,78.91333333333334,27.833333333333332,60.333333333333336,1008.6666666666666,7.553333333333334,0,0,0.258819045102521,-0.9659258262890682,0.0,1.0,405.9122124594624,75.51727721196325,0,0,0,0
2026-07-20 12:00:00,2884.0,20.7,0.541,75.93,26.9,65.0,1009.0,7.19,0,0,1.2246467991473532e-16,-1.0,0.0,1.0,405.9122124594624,75.51727721196325,0,0,1,1
2026-07-20 13:00:00,3003.5,23.45,0.47950000000000004,75.61000000000001,26.15,67.0,1010.5,6.93,0,0,-0.2588190451025208,-0.9659258262890683,0.0,1.0,405.9122124594624,75.51727721196325,0,0,0,0
2026-07-20 14:00:00,3123.0,26.2,0.418,75.29,25.4,69.0,1012.0,6.67,0,0,-0.4999999999999997,-0.8660254037844388,0.0,1.0,405.9122124594624,75.51727721196325,0,0,1,1
2026-07-20 15:00:00,2983.0,24.6,0.45299999999999996,75.36500000000001,25.1,69.5,1012.5,6.37,0,0,-0.7071067811865471,-0.7071067811865479,0.0,1.0,405.9122124594624,75.51727721196325,0,0,0,0
2026-07-20 16:00:00,2843.0,23.0,0.488,75.44,24.8,70.0,1013.0,6.07,0,0,-0.8660254037844385,-0.5000000000000004,0.0,1.0,405.9122124594624,75.51727721196325,0,0,1,1
2026-07-20 17:00:00,5008.0,15.65,0.6519999999999999,80.265,23.950000000000003,73.0,1013.0,5.8100000000000005,0,1,-0.9659258262890683,-0.25881904510252063,0.0,1.0,405.9122124594624,75.51727721196325,0,0,0,0
2026-07-20 18:00:00,7173.0,8.3,0.816,85.09,23.1,76.0,1013.0,5.55,0,1,-1.0,-1.8369701987210297e-16,0.0,1.0,405.9122124594624,75.51727721196325,0,0,1,1
2026-07-20 19:00:00,7141.0,7.8500000000000005,0.826,85.14999999999999,22.85,77.0,1012.5,5.63,0,1,-0.9659258262890684,0.2588190451025203,0.0,1.0,405.9122124594624,75.51727721196325,0,0,0,0
2026-07-20 20:00:00,7109.0,7.4,0.836,85.21,22.6,78.0,1012.0,5.71,0,1,-0.8660254037844386,0.5000000000000001,0.0,1.0,405.9122124594624,75.51727721196325,0,0,1,1
2026-07-20 21:00:00,2910.0,25.5,0.434,75.11,22.0,82.0,1011.0,5.81,0,0,-0.7071067811865477,0.7071067811865474,0.0,1.0,405.9122124594624,75.51727721196325,0,0,1,1
2026-07-20 22:00:00,2961.0,31.8,0.294,74.07,21.5,83.0,1011.0,5.91,0,0,-0.5000000000000004,0.8660254037844384,0.0,1.0,405.9122124594624,75.51727721196325,0,0,1,1
2026-07-20 23:00:00,2849.5,27.65,0.38549999999999995,74.63,21.5,83.5,1011.5,5.955,0,0,-0.25881904510252157,0.9659258262890681,0.0,1.0,405.9122124594624,75.51727721196325,0,0,0,0
2026-07-21 00:00:00,2738.0,23.5,0.477,75.19,21.5,84.0,1012.0,6.0,0,0,0.0,1.0,0.7818314824680298,0.6234898018587336,405.9122124594624,75.51727721196325,0,0,1,1
2026-07-21 01:00:00,2788.3333333333335,22.833333333333332,0.49233333333333335,75.39,22.266666666666666,81.33333333333333,1012.3333333333334,6.17,0,0,0.25881904510252074,0.9659258262890683,0.7818314824680298,0.6234898018587336,405.9122124594624,75.51727721196325,0,0,0,0
2026-07-21 02:00:00,2838.6666666666665,22.166666666666668,0.5076666666666667,75.59,23.033333333333335,78.66666666666667,1012.6666666666666,6.34,0,0,0.49999999999999994,0.8660254037844387,0.7818314824680298,0.6234898018587336,405.9122124594624,75.51727721196325,0,0,0,0
2026-07-21 03:00:00,2889.0,21.5,0.523,75.79,23.8,76.0,1013.0,6.51,0,0,0.7071067811865476,0.7071067811865476,0.7818314824680298,0.6234898018587336,405.9122124594624,75.51727721196325,0,0,1,1
2026-07-21 04:00:00,2927.0,23.3,0.4826666666666667,75.52333333333334,25.3,70.0,1012.3333333333334,6.716666666666667,0,0,0.8660254037844386,0.5000000000000001,0.7818314824680298,0.6234898018587336,405.9122124594624,75.51727721196325,0,0,0,0
2026-07-21 05:00:00,2965.0,25.099999999999998,0.44233333333333336,75.25666666666666,26.8,64.0,1011.6666666666666,6.923333333333333,0,0,0.9659258262890683,0.25881904510252074,0.7818314824680298,0.6234898018587336,405.9122124594624,75.51727721196325,0,0,0,0
2026-07-21 06:00:00,3003.0,26.9,0.402,74.99,28.3,58.0,1011.0,7.13,0,0,1.0,6.123233995736766e-17,0.7818314824680298,0.6234898018587336,405.9122124594624,75.51727721196325,0,0,1,1
2026-07-21 07:00:00,4375.666666666667,21.166666666666664,0.5293333333333334,78.25999999999999,28.666666666666668,56.333333333333336,1010.6666666666666,7.04,0,1,0.9659258262890683,-0.25881904510252063,0.7818314824680298,0.6234898018587336,405.9122124594624,75.51727721196325,0,0,0,0
2026-07-21 08:00:00,5748.333333333334,15.433333333333334,0.6566666666666667,81.53,29.03333333333333,54.666666666666664,1010.3333333333334,6.95,0,1,0.8660254037844387,-0.4999999999999998,0.7818314824680298,0.6234898018587336,405.9122124594624,75.51727721196325,0,0,0,0
2026-07-21 09:00:00,7121.0,9.7,0.784,84.8,29.4,53.0,1010.0,6.86,0,1,0.7071067811865476,-0.7071067811865475,0.7818314824680298,0.6234898018587336,405.9122124594624,75.51727721196325,0,0,1,1
2026-07-21 10:00:00,4914.0,16.6,0.6305000000000001,79.97,29.45,52.0,1010.5,6.96,0,1,0.49999999999999994,-0.8660254037844387,0.7818314824680298,0.6234898018587336,405.9122124594624,75.51727721196325,0,0,0,0
2026-07-21 11:00:00,2707.0,23.5,0.477,75.14,29.5,51.0,1011.0,7.06,0,0,0.258819045102521,-0.9659258262890682,0.7818314824680298,0.6234898018587336,405.9122124594624,75.51727721196325,0,0,1,1
2026-07-21 12:00:00,2630.0,28.0,0.379,74.23,27.3,60.0,1010.0,4.68,0,0,1.2246467991473532e-16,-1.0,0.7818314824680298,0.6234898018587336,405.9122124594624,75.51727721196325,0,0,1,1
2026-07-21 13:00:00,2695.6666666666665,27.233333333333334,0.3953333333333333,74.46666666666667,26.633333333333333,62.666666666666664,1011.0,5.246666666666666,0,0,-0.2588190451025208,-0.9659258262890683,0.7818314824680298,0.6234898018587336,405.9122124594624,75.51727721196325,0,0,0,0
2026-07-21 14:00:00,2761.3333333333335,26.466666666666665,0.4116666666666667,74.70333333333333,25.96666666666667,65.33333333333333,1012.0,5.8133333333333335,0,0,-0.4999999999999997,-0.8660254037844388,0.7818314824680298,0.6234898018587336,405.9122124594624,75.51727721196325,0,0,0,0
2026-07-21 15:00:00,2827.0,25.7,0.428,74.94,25.3,68.0,1013.0,6.38,0,0,-0.7071067811865471,-0.7071067811865479,0.7818314824680298,0.6234898018587336,405.9122124594624,75.51727721196325,0,0,1,1
2026-07-21 16:00:00,2882.0,29.1,0.354,74.43,24.3,70.0,1013.0,5.47,0,0,-0.8660254037844385,-0.5000000000000004,0.7818314824680298,0.6234898018587336,405.9122124594624,75.51727721196325,0,0,1,1
2026-07-21 17:00:00,4932.5,20.3,0.5495,79.415,24.0,72.0,1013.0,5.49,0,1,-0.9659258262890683,-0.25881904510252063,0.7818314824680298,0.6234898018587336,405.9122124594624,75.51727721196325,0,0,0,0
2026-07-21 18:00:00,6983.0,11.5,0.745,84.4,23.7,74.0,1013.0,5.51,0,1,-1.0,-1.8369701987210297e-16,0.7818314824680298,0.6234898018587336,405.9122124594624,75.51727721196325,0,0,1,1
2026-07-21 19:00:00,6852.0,10.5,0.768,84.5,22.6,77.0,1012.0,5.09,0,1,-0.9659258262890684,0.2588190451025203,0.7818314824680298,0.6234898018587336,405.9122124594624,75.51727721196325,0,0,1,1
2026-07-21 20:00:00,4986.0,18.2,0.596,79.91499999999999,22.3,78.5,1012.0,5.025,0,1,-0.8660254037844386,0.5000000000000001,0.7818314824680298,0.6234898018587336,405.9122124594624,75.51727721196325,0,0,0,0
2026-07-21 21:00:00,3120.0,25.9,0.424,75.33,22.0,80.0,1012.0,4.96,0,0,-0.7071067811865477,0.7071067811865474,0.7818314824680298,0.6234898018587336,405.9122124594624,75.51727721196325,0,0,1,1
2026-07-21 22:00:00,2519.0,25.1,0.442,74.55,22.0,81.0,1012.0,4.85,0,0,-0.5000000000000004,0.8660254037844384,0.7818314824680298,0.6234898018587336,405.9122124594624,75.51727721196325,0,0,1,1
2026-07-21 23:00:00,2889.0,31.2,0.306,74.06,21.5,83.0,1012.0,5.15,0,0,-0.25881904510252157,0.9659258262890681,0.7818314824680298,0.6234898018587336,405.9122124594624,75.51727721196325,0,0,1,1
2026-07-22 00:00:00,2780.0,22.5,0.5,75.44,21.6,85.0,1012.0,5.9,0,0,0.0,1.0,0.9749279121818236,-0.22252093395631434,405.9122124594624,75.51727721196325,0,0,1,1
2026-07-22 01:00:00,2802.0,23.125,0.48625,75.365,22.150000000000002,82.5,1012.25,6.065,0,0,0.25881904510252074,0.9659258262890683,0.9749279121818236,-0.22252093395631434,405.9122124594624,75.51727721196325,0,0,0,0
2026-07-22 02:00:00,2824.0,23.75,0.4725,75.28999999999999,22.700000000000003,80.0,1012.5,6.23,0,0,0.49999999999999994,0.8660254037844387,0.9749279121818236,-0.22252093395631434,405.9122124594624,75.51727721196325,0,0,0,0
2026-07-22 03:00:00,2846.0,24.375,0.45875,75.215,23.25,77.5,1012.75,6.395,0,0,0.7071067811865476,0.7071067811865476,0.9749279121818236,-0.22252093395631434,405.9122124594624,75.51727721196325,0,0,0,0
2026-07-22 04:00:00,2868.0,25.0,0.445,75.14,23.8,75.0,1013.0,6.56,0,0,0.8660254037844386,0.5000000000000001,0.9749279121818236,-0.22252093395631434,405.9122124594624,75.51727721196325,0,0,1,1
2026-07-22 05:00:00,4261.666666666666,18.9,0.5803333333333334,78.52333333333334,25.333333333333332,69.33333333333333,1012.3333333333334,6.886666666666667,0,0,0.9659258262890683,0.25881904510252074,0.9749279121818236,-0.22252093395631434,405.9122124594624,75.51727721196325,0,0,0,0
2026-07-22 06:00:00,5655.333333333333,12.799999999999999,0.7156666666666667,81.90666666666667,26.866666666666667,63.66666666666667,1011.6666666666666,7.213333333333333,0,0,1.0,6.123233995736766e-17,0.9749279121818236,-0.22252093395631434,405.9122124594624,75.51727721196325,0,0,0,0
2026-07-22 07:00:00,7049.0,6.7,0.851,85.29,28.4,58.0,1011.0,7.54,0,1,0.9659258262890683,-0.25881904510252063,0.9749279121818236,-0.22252093395631434,405.9122124594624,75.51727721196325,0,0,1,1
2026-07-22 08:00:00,7076.0,9.7,0.7845,84.775,28.35,59.5,1010.5,7.255,0,1,0.8660254037844387,-0.4999999999999998,0.9749279121818236,-0.22252093395631434,405.9122124594624,75.51727721196325,0,0,0,0
2026-07-22 09:00:00,7103.0,12.7,0.718,84.26,28.3,61.0,1010.0,6.97,0,1,0.7071067811865476,-0.7071067811865475,0.9749279121818236,-0.22252093395631434,405.9122124594624,75.51727721196325,0,0,1,1
2026-07-22 10:00:00,4900.5,21.1,0.5315,79.16499999999999,29.05,57.0,1010.0,7.105,0,1,0.49999999999999994,-0.8660254037844387,0.9749279121818236,-0.22252093395631434,405.9122124594624,75.51727721196325,0,0,0,0
2026-07-22 11:00:00,2698.0,29.5,0.345,74.07,29.8,53.0,1010.0,7.24,0,0,0.258819045102521,-0.9659258262890682,0.9749279121818236,-0.22252093395631434,405.9122124594624,75.51727721196325,0,0,1,1
2026-07-22 12:00:00,2979.0,28.6,0.365,74.63999999999999,27.1,64.0,1010.5,6.645,0,0,1.2246467991473532e-16,-1.0,0.9749279121818236,-0.22252093395631434,405.9122124594624,75.51727721196325,0,0,0,0
2026-07-22 13:00:00,3260.0,27.7,0.385,75.21,24.4,75.0,1011.0,6.05,0,0,-0.2588190451025208,-0.9659258262890683,0.9749279121818236,-0.22252093395631434,405.9122124594624,75.51727721196325,0,0,1,1
2026-07-22 14:00:00,2884.5,29.15,0.353,74.38499999999999,23.799999999999997,78.5,1012.0,6.27,0,0,-0.4999999999999997,-0.8660254037844388,0.9749279121818236,-0.22252093395631434,405.9122124594624,75.51727721196325,0,0,0,0
2026-07-22 15:00:00,2509.0,30.6,0.321,73.56,23.2,82.0,1013.0,6.49,0,0,-0.7071067811865471,-0.7071067811865479,0.9749279121818236,-0.22252093395631434,405.9122124594624,75.51727721196325,0,0,1,1
2026-07-22 16:00:00,4486.5,22.75,0.495,78.50999999999999,22.9,79.5,1013.5,6.46,0,0,-0.8660254037844385,-0.5000000000000004,0.9749279121818236,-0.22252093395631434,405.9122124594624,75.51727721196325,0,0,0,0
2026-07-22 17:00:00,6464.0,14.9,0.669,83.46,22.6,77.0,1014.0,6.43,0,1,-0.9659258262890683,-0.25881904510252063,0.9749279121818236,-0.22252093395631434,405.9122124594624,75.51727721196325,0,0,1,1
2026-07-22 18:00:00,6774.0,16.0,0.645,83.47,22.6,80.0,1012.0,6.18,0,1,-1.0,-1.8369701987210297e-16,0.9749279121818236,-0.22252093395631434,405.9122124594624,75.51727721196325,0,0,1,1
2026-07-22 19:00:00,6825.0,15.85,0.648,83.525,22.05,82.0,1012.0,6.14,0,1,-0.9659258262890684,0.2588190451025203,0.9749279121818236,-0.22252093395631434,405.9122124594624,75.51727721196325,0,0,0,0
2026-07-22 20:00:00,6876.0,15.7,0.651,83.58,21.5,84.0,1012.0,6.1,0,1,-0.8660254037844386,0.5000000000000001,0.9749279121818236,-0.22252093395631434,405.9122124594624,75.51727721196325,0,0,1,1
2026-07-22 21:00:00,2966.0,32.0,0.289,74.03,21.5,84.0,1010.0,6.41,0,0,-0.7071067811865477,0.7071067811865474,0.9749279121818236,-0.22252093395631434,405.9122124594624,75.51727721196325,0,0,1,1
2026-07-22 22:00:00,2925.0,28.5,0.3665,74.59,21.5,84.5,1010.5,6.245,0,0,-0.5000000000000004,0.8660254037844384,0.9749279121818236,-0.22252093395631434,405.9122124594624,75.51727721196325,0,0,0,0
2026-07-22 23:00:00,2884.0,25.0,0.444,75.15,21.5,85.0,1011.0,6.08,0,0,-0.25881904510252157,0.9659258262890681,0.9749279121818236,-0.22252093395631434,405.9122124594624,75.51727721196325,0,0,1,1
2026-07-23 00:00:00,2785.0,23.7,0.472,75.22,21.5,85.0,1011.0,6.12,0,0,0.0,1.0,0.43388373911755823,-0.900968867902419,405.9122124594624,75.51727721196325,0,0,1,1
2026-07-23 01:00:00,2712.5,24.475,0.45499999999999996,74.965,22.075,82.5,1011.25,6.465,0,0,0.25881904510252074,0.9659258262890683,0.43388373911755823,-0.900968867902419,405.9122124594624,75.51727721196325,0,0,0,0
2026-07-23 02:00:00,2640.0,25.25,0.438,74.71000000000001,22.65,80.0,1011.5,6.8100000000000005,0,0,0.49999999999999994,0.8660254037844387,0.43388373911755823,-0.900968867902419,405.9122124594624,75.51727721196325,0,0,0,0
2026-07-23 03:00:00,2567.5,26.025,0.42100000000000004,74.455,23.225,77.5,1011.75,7.155,0,0,0.7071067811865476,0.7071067811865476,0.43388373911755823,-0.900968867902419,405.9122124594624,75.51727721196325,0,0,0,0
2026-07-23 04:00:00,2495.0,26.8,0.404,74.2,23.8,75.0,1012.0,7.5,0,0,0.8660254037844386,0.5000000000000001,0.43388373911755823,-0.900968867902419,405.9122124594624,75.51727721196325,0,0,1,1
2026-07-23 05:00:00,4064.0,20.833333333333336,0.5363333333333333,77.79333333333334,25.5,68.0,1011.3333333333334,7.376666666666667,0,0,0.9659258262890683,0.25881904510252074,0.43388373911755823,-0.900968867902419,405.9122124594624,75.51727721196325,0,0,0,0
2026-07-23 06:00:00,5633.0,14.866666666666669,0.6686666666666667,81.38666666666667,27.2,61.0,1010.6666666666666,7.253333333333333,0,0,1.0,6.123233995736766e-17,0.43388373911755823,-0.900968867902419,405.9122124594624,75.51727721196325,0,0,0,0
2026-07-23 07:00:00,7202.0,8.9,0.801,84.98,28.9,54.0,1010.0,7.13,0,1,0.9659258262890683,-0.25881904510252063,0.43388373911755823,-0.900968867902419,405.9122124594624,75.51727721196325,0,0,1,1
2026-07-23 08:00:00,7283.0,7.9,0.8240000000000001,85.215,29.45,50.5,1009.5,7.074999999999999,0,1,0.8660254037844387,-0.4999999999999998,0.43388373911755823,-0.900968867902419,405.9122124594624,75.51727721196325,0,0,0,0
2026-07-23 09:00:00,7364.0,6.9,0.847,85.45,30.0,47.0,1009.0,7.02,0,1,0.7071067811865476,-0.7071067811865475,0.43388373911755823,-0.900968867902419,405.9122124594624,75.51727721196325,0,0,1,1
2026-07-23 10:00:00,5111.5,18.799999999999997,0.5825,79.78,29.55,48.0,1009.0,6.71,0,1,0.49999999999999994,-0.8660254037844387,0.43388373911755823,-0.900968867902419,405.9122124594624,75.51727721196325,0,0,0,0
2026-07-23 11:00:00,2859.0,30.7,0.318,74.11,29.1,49.0,1009.0,6.4,0,0,0.258819045102521,-0.9659258262890682,0.43388373911755823,-0.900968867902419,405.9122124594624,75.51727721196325,0,0,1,1
2026-07-23 12:00:00,2857.0,29.799999999999997,0.3375,74.25999999999999,28.950000000000003,50.0,1009.5,6.715,0,0,1.2246467991473532e-16,-1.0,0.43388373911755823,-0.900968867902419,405.9122124594624,75.51727721196325,0,0,0,0
2026-07-23 13:00:00,2855.0,28.9,0.357,74.41,28.8,51.0,1010.0,7.03,0,0,-0.2588190451025208,-0.9659258262890683,0.43388373911755823,-0.900968867902419,405.9122124594624,75.51727721196325,0,0,1,1
2026-07-23 14:00:00,2838.0,29.65,0.3405,74.255,27.1,58.0,1011.0,7.145,0,0,-0.4999999999999997,-0.8660254037844388,0.43388373911755823,-0.900968867902419,405.9122124594624,75.51727721196325,0,0,0,0
2026-07-23 15:00:00,2821.0,30.4,0.324,74.1,25.4,65.0,1012.0,7.26,0,0,-0.7071067811865471,-0.7071067811865479,0.43388373911755823,-0.900968867902419,405.9122124594624,75.51727721196325,0,0,1,1
2026-07-23 16:00:00,4947.5,17.7,0.6065,79.85499999999999,24.35,72.0,1012.5,7.39,0,0,-0.8660254037844385,-0.5000000000000004,0.43388373911755823,-0.900968867902419,405.9122124594624,75.51727721196325,0,0,0,0
2026-07-23 17:00:00,7074.0,5.0,0.889,85.61,23.3,79.0,1013.0,7.52,0,1,-0.9659258262890683,-0.25881904510252063,0.43388373911755823,-0.900968867902419,405.9122124594624,75.51727721196325,0,0,1,1
2026-07-23 18:00:00,7037.0,9.7,0.785,84.75,22.4,83.0,1012.0,6.93,0,1,-1.0,-1.8369701987210297e-16,0.43388373911755823,-0.900968867902419,405.9122124594624,75.51727721196325,0,0,1,1
2026-07-23 19:00:00,6886.0,9.899999999999999,0.78,84.61500000000001,22.25,82.5,1012.0,6.895,0,1,-0.9659258262890684,0.2588190451025203,0.43388373911755823,-0.900968867902419,405.9122124594624,75.51727721196325,0,0,0,0
2026-07-23 20:00:00,6735.0,10.1,0.775,84.48,22.1,82.0,1012.0,6.86,0,1,-0.8660254037844386,0.5000000000000001,0.43388373911755823,-0.900968867902419,405.9122124594624,75.51727721196325,0,0,1,1
2026-07-23 21:00:00,3112.0,30.2,0.329,74.56,22.0,83.0,1010.0,6.26,0,0,-0.7071067811865477,0.7071067811865474,0.43388373911755823,-0.900968867902419,405.9122124594624,75.51727721196325,0,0,1,1
2026-07-23 22:00:00,2801.0,18.9,0.58,76.11,22.0,83.0,1010.0,6.22,0,0,-0.5000000000000004,0.8660254037844384,0.43388373911755823,-0.900968867902419,405.9122124594624,75.51727721196325,0,0,1,1
2026-07-23 23:00:00,2619.0,29.2,0.35,73.98,21.5,84.0,1011.0,6.24,0,0,-0.25881904510252157,0.9659258262890681,0.43388373911755823,-0.900968867902419,405.9122124594624,75.51727721196325,0,0,1,1
2026-07-24 00:00:00,2592.0,29.525,0.34325,73.88,22.075,82.0,1011.25,6.365,0,0,0.0,1.0,-0.433883739117558,-0.9009688679024191,405.9122124594624,75.51727721196325,0,0,0,0
2026-07-24 01:00:00,2565.0,29.85,0.3365,73.78,22.65,80.0,1011.5,6.49,0,0,0.25881904510252074,0.9659258262890683,-0.433883739117558,-0.9009688679024191,405.9122124594624,75.51727721196325,0,0,0,0
2026-07-24 02:00:00,2538.0,30.175,0.32975,73.68,23.225,78.0,1011.75,6.615,0,0,0.49999999999999994,0.8660254037844387,-0.433883739117558,-0.9009688679024191,405.9122124594624,75.51727721196325,0,0,0,0
2026-07-24 03:00:00,2511.0,30.5,0.323,73.58,23.8,76.0,1012.0,6.74,0,0,0.7071067811865476,0.7071067811865476,-0.433883739117558,-0.9009688679024191,405.9122124594624,75.51727721196325,0,0,1,1
2026-07-24 04:00:00,2636.6666666666665,28.9,0.3586666666666667,74.07,25.433333333333334,69.33333333333333,1011.3333333333334,6.693333333333333,0,0,0.8660254037844386,0.5000000000000001,-0.433883739117558,-0.9009688679024191,405.9122124594624,75.51727721196325,0,0,0,0
2026-07-24 05:00:00,2762.3333333333335,27.3,0.3943333333333333,74.56,27.066666666666666,62.66666666666667,1010.6666666666666,6.6466666666666665,0,0,0.9659258262890683,0.25881904510252074,-0.433883739117558,-0.9009688679024191,405.9122124594624,75.51727721196325,0,0,0,0
2026-07-24 06:00:00,2888.0,25.7,0.43,75.05,28.7,56.0,1010.0,6.6,0,0,1.0,6.123233995736766e-17,-0.433883739117558,-0.9009688679024191,405.9122124594624,75.51727721196325,0,0,1,1
2026-07-24 07:00:00,4226.333333333334,20.266666666666666,0.5503333333333333,78.27333333333333,28.966666666666665,54.333333333333336,1009.6666666666666,6.6466666666666665,0,1,0.9659258262890683,-0.25881904510252063,-0.433883739117558,-0.9009688679024191,405.9122124594624,75.51727721196325,0,0,0,0
2026-07-24 08:00:00,5564.666666666667,14.833333333333334,0.6706666666666666,81.49666666666667,29.233333333333334,52.666666666666664,1009.3333333333334,6.693333333333333,0,1,0.8660254037844387,-0.4999999999999998,-0.433883739117558,-0.9009688679024191,405.9122124594624,75.51727721196325,0,0,0,0
2026-07-24 09:00:00,6903.0,9.4,0.791,84.72,29.5,51.0,1009.0,6.74,0,1,0.7071067811865476,-0.7071067811865475,-0.433883739117558,-0.9009688679024191,405.9122124594624,75.51727721196325,0,0,1,1
2026-07-24 10:00:00,4866.0,17.15,0.619,79.905,29.45,51.5,1009.5,6.54,0,1,0.49999999999999994,-0.8660254037844387,-0.433883739117558,-0.9009688679024191,405.9122124594624,75.51727721196325,0,0,0,0
2026-07-24 11:00:00,2829.0,24.9,0.447,75.09,29.4,52.0,1010.0,6.34,0,0,0.258819045102521,-0.9659258262890682,-0.433883739117558,-0.9009688679024191,405.9122124594624,75.51727721196325,0,0,1,1
2026-07-24 12:00:00,2781.0,23.1,0.487,75.34,27.1,61.0,1009.0,6.66,0,0,1.2246467991473532e-16,-1.0,-0.433883739117558,-0.9009688679024191,405.9122124594624,75.51727721196325,0,0,1,1
2026-07-24 13:00:00,2962.0,29.05,0.3545,74.545,26.3,65.5,1010.0,6.4,0,0,-0.2588190451025208,-0.9659258262890683,-0.433883739117558,-0.9009688679024191,405.9122124594624,75.51727721196325,0,0,0,0
2026-07-24 14:00:00,3143.0,35.0,0.222,73.75,25.5,70.0,1011.0,6.14,0,0,-0.4999999999999997,-0.8660254037844388,-0.433883739117558,-0.9009688679024191,405.9122124594624,75.51727721196325,0,0,1,1
2026-07-24 15:00:00,2906.0,31.9,0.2905,73.945,24.85,69.5,1011.5,6.029999999999999,0,0,-0.7071067811865471,-0.7071067811865479,-0.433883739117558,-0.9009688679024191,405.9122124594624,75.51727721196325,0,0,0,0
2026-07-24 16:00:00,2669.0,28.8,0.359,74.14,24.2,69.0,1012.0,5.92,0,0,-0.8660254037844385,-0.5000000000000004,-0.433883739117558,-0.9009688679024191,405.9122124594624,75.51727721196325,0,0,1,1
2026-07-24 17:00:00,4761.5,24.05,0.46499999999999997,78.535,23.75,72.5,1011.5,5.725,0,1,-0.9659258262890683,-0.25881904510252063,-0.433883739117558,-0.9009688679024191,405.9122124594624,75.51727721196325,0,0,0,0
2026-07-24 18:00:00,6854.0,19.3,0.571,82.93,23.3,76.0,1011.0,5.53,0,1,-1.0,-1.8369701987210297e-16,-0.433883739117558,-0.9009688679024191,405.9122124594624,75.51727721196325,0,0,1,1
2026-07-24 19:00:00,7107.0,6.3,0.86,85.4,22.4,77.0,1010.0,5.42,0,1,-0.9659258262890684,0.2588190451025203,-0.433883739117558,-0.9009688679024191,405.9122124594624,75.51727721196325,0,0,1,1
2026-07-24 20:00:00,5034.0,17.65,0.608,79.98,22.5,78.0,1010.0,5.55,0,1,-0.8660254037844386,0.5000000000000001,-0.433883739117558,-0.9009688679024191,405.9122124594624,75.51727721196325,0,0,0,0
2026-07-24 21:00:00,2961.0,29.0,0.356,74.56,22.6,79.0,1010.0,5.68,0,0,-0.7071067811865477,0.7071067811865474,-0.433883739117558,-0.9009688679024191,405.9122124594624,75.51727721196325,0,0,1,1
2026-07-24 22:00:00,3004.0,27.2,0.396,74.94,21.5,82.0,1010.0,6.15,0,0,-0.5000000000000004,0.8660254037844384,-0.433883739117558,-0.9009688679024191,405.9122124594624,75.51727721196325,0,0,1,1
2026-07-24 23:00:00,2232.5,35.15,0.219,71.96000000000001,21.5,82.5,1010.0,6.135,0,0,-0.25881904510252157,0.9659258262890681,-0.433883739117558,-0.9009688679024191,405.9122124594624,75.51727721196325,0,0,0,0
2026-07-25 00:00:00,1461.0,43.1,0.042,68.98,21.5,83.0,1010.0,6.12,1,0,0.0,1.0,-0.9749279121818236,-0.2225209339563146,405.9122124594624,75.51727721196325,0,0,1,1
2026-07-25 01:00:00,1486.6666666666667,40.7,0.095,69.48,22.266666666666666,79.66666666666667,1010.3333333333334,6.673333333333334,1,0,0.25881904510252074,0.9659258262890683,-0.9749279121818236,-0.2225209339563146,405.9122124594624,75.51727721196325,0,0,0,0
2026-07-25 02:00:00,1512.3333333333333,38.3,0.148,69.98,23.033333333333335,76.33333333333333,1010.6666666666666,7.226666666666667,1,0,0.49999999999999994,0.8660254037844387,-0.9749279121818236,-0.2225209339563146,405.9122124594624,75.51727721196325,0,0,0,0
2026-07-25 03:00:00,1538.0,35.9,0.201,70.48,23.8,73.0,1011.0,7.78,1,0,0.7071067811865476,0.7071067811865476,-0.9749279121818236,-0.2225209339563146,405.9122124594624,75.51727721196325,0,0,1,1
2026-07-25 04:00:00,1351.6666666666667,35.86666666666667,0.20233333333333334,69.83666666666667,25.566666666666666,66.33333333333333,1010.6666666666666,7.583333333333334,1,0,0.8660254037844386,0.5000000000000001,-0.9749279121818236,-0.2225209339563146,405.9122124594624,75.51727721196325,0,0,0,0
2026-07-25 05:00:00,1165.3333333333333,35.83333333333333,0.20366666666666666,69.19333333333333,27.333333333333336,59.66666666666667,1010.3333333333334,7.386666666666667,1,0,0.9659258262890683,0.25881904510252074,-0.9749279121818236,-0.2225209339563146,405.9122124594624,75.51727721196325,0,0,0,0
2026-07-25 06:00:00,979.0,35.8,0.205,68.55,29.1,53.0,1010.0,7.19,1,0,1.0,6.123233995736766e-17,-0.9749279121818236,-0.2225209339563146,405.9122124594624,75.51727721196325,0,0,1,1
2026-07-25 07:00:00,1364.5,38.349999999999994,0.148,69.35499999999999,29.05,52.0,1009.5,7.285,1,0,0.9659258262890683,-0.25881904510252063,-0.9749279121818236,-0.2225209339563146,405.9122124594624,75.51727721196325,0,0,0,0
2026-07-25 08:00:00,1750.0,40.9,0.091,70.16,29.0,51.0,1009.0,7.38,1,0,0.8660254037844387,-0.4999999999999998,-0.9749279121818236,-0.2225209339563146,405.9122124594624,75.51727721196325,0,0,1,1
2026-07-25 09:00:00,1553.5,40.9,0.091,69.60499999999999,29.15,50.5,1008.0,7.455,1,0,0.7071067811865476,-0.7071067811865475,-0.9749279121818236,-0.2225209339563146,405.9122124594624,75.51727721196325,0,0,0,0
2026-07-25 10:00:00,1357.0,40.9,0.091,69.05,29.3,50.0,1007.0,7.53,1,0,0.49999999999999994,-0.8660254037844387,-0.9749279121818236,-0.2225209339563146,405.9122124594624,75.51727721196325,0,0,1,1
2026-07-25 11:00:00,1344.0,41.5,0.077,68.9,29.4,51.0,1008.0,7.15,1,0,0.258819045102521,-0.9659258262890682,-0.9749279121818236,-0.2225209339563146,405.9122124594624,75.51727721196325,0,0,1,1
2026-07-25 12:00:00,1465.0,39.7,0.11699999999999999,69.58000000000001,27.75,60.5,1009.0,7.28,1,0,1.2246467991473532e-16,-1.0,-0.9749279121818236,-0.2225209339563146,405.9122124594624,75.51727721196325,0,0,0,0
2026-07-25 13:00:00,1586.0,37.9,0.157,70.26,26.1,70.0,1010.0,7.41,1,0,-0.2588190451025208,-0.9659258262890683,-0.9749279121818236,-0.2225209339563146,405.9122124594624,75.51727721196325,0,0,1,1
2026-07-25 14:00:00,1414.0,37.3,0.172,69.88,25.3,71.0,1010.0,7.6,1,0,-0.4999999999999997,-0.8660254037844388,-0.9749279121818236,-0.2225209339563146,405.9122124594624,75.51727721196325,0,0,1,1
2026-07-25 15:00:00,1340.0,40.85,0.093,69.00999999999999,25.05,72.0,1011.0,7.52,1,0,-0.7071067811865471,-0.7071067811865479,-0.9749279121818236,-0.2225209339563146,405.9122124594624,75.51727721196325,0,0,0,0
2026-07-25 16:00:00,1266.0,44.4,0.014,68.14,24.8,73.0,1012.0,7.44,1,0,-0.8660254037844385,-0.5000000000000004,-0.9749279121818236,-0.2225209339563146,405.9122124594624,75.51727721196325,0,0,1,1
2026-07-25 17:00:00,1873.0,37.9,0.159,71.0,24.2,75.0,1011.0,7.42,1,0,-0.9659258262890683,-0.25881904510252063,-0.9749279121818236,-0.2225209339563146,405.9122124594624,75.51727721196325,0,0,1,1
2026-07-25 18:00:00,1423.0,36.3,0.194,70.08,23.7,75.0,1011.0,7.03,1,0,-1.0,-1.8369701987210297e-16,-0.9749279121818236,-0.2225209339563146,405.9122124594624,75.51727721196325,0,0,1,1
2026-07-25 19:00:00,1629.0,37.099999999999994,0.1755,70.485,23.15,77.0,1011.0,7.01,1,0,-0.9659258262890684,0.2588190451025203,-0.9749279121818236,-0.2225209339563146,405.9122124594624,75.51727721196325,0,0,0,0
2026-07-25 20:00:00,1835.0,37.9,0.157,70.89,22.6,79.0,1011.0,6.99,1,0,-0.8660254037844386,0.5000000000000001,-0.9749279121818236,-0.2225209339563146,405.9122124594624,75.51727721196325,0,0,1,1
2026-07-25 21:00:00,1586.0,41.0,0.089,69.72,22.6,80.0,1010.0,7.07,1,0,-0.7071067811865477,0.7071067811865474,-0.9749279121818236,-0.2225209339563146,405.9122124594624,75.51727721196325,0,0,1,1
2026-07-25 22:00:00,1438.0,40.7,0.096,69.35,22.1,82.0,1010.0,7.13,1,0,-0.5000000000000004,0.8660254037844384,-0.9749279121818236,-0.2225209339563146,405.9122124594624,75.51727721196325,0,0,1,1
2026-07-25 23:00:00,1734.0,36.2,0.195,70.95,22.1,82.0,1010.0,6.88,1,0,-0.25881904510252157,0.9659258262890681,-0.9749279121818236,-0.2225209339563146,405.9122124594624,75.51727721196325,0,0,1,1
2026-07-26 00:00:00,1430.0,38.7,0.1395,69.57,22.05,83.0,1010.0,6.91,1,0,0.0,1.0,-0.7818314824680299,0.6234898018587334,405.9122124594624,75.51727721196325,0,0,0,0
2026-07-26 01:00:00,1126.0,41.2,0.084,68.19,22.0,84.0,1010.0,6.94,1,0,0.25881904510252074,0.9659258262890683,-0.7818314824680299,0.6234898018587334,405.9122124594624,75.51727721196325,0,0,1,1
2026-07-26 02:00:00,1205.0,41.233333333333334,0.08366666666666667,68.46333333333334,22.966666666666665,80.0,1010.0,7.420000000000001,1,0,0.49999999999999994,0.8660254037844387,-0.7818314824680299,0.6234898018587334,405.9122124594624,75.51727721196325,0,0,0,0
2026-07-26 03:00:00,1284.0,41.266666666666666,0.08333333333333334,68.73666666666666,23.933333333333334,76.0,1010.0,7.9,1,0,0.7071067811865476,0.7071067811865476,-0.7818314824680299,0.6234898018587334,405.9122124594624,75.51727721196325,0,0,0,0
2026-07-26 04:00:00,1363.0,41.3,0.083,69.01,24.9,72.0,1010.0,8.38,1,0,0.8660254037844386,0.5000000000000001,-0.7818314824680299,0.6234898018587334,405.9122124594624,75.51727721196325,0,0,1,1
2026-07-26 05:00:00,1488.0,41.53333333333333,0.078,69.32000000000001,26.366666666666667,65.66666666666667,1009.3333333333334,8.433333333333334,1,0,0.9659258262890683,0.25881904510252074,-0.7818314824680299,0.6234898018587334,405.9122124594624,75.51727721196325,0,0,0,0
2026-07-26 06:00:00,1613.0,41.766666666666666,0.07300000000000001,69.63,27.833333333333332,59.33333333333333,1008.6666666666666,8.486666666666666,1,0,1.0,6.123233995736766e-17,-0.7818314824680299,0.6234898018587334,405.9122124594624,75.51727721196325,0,0,0,0
2026-07-26 07:00:00,1738.0,42.0,0.068,69.94,29.3,53.0,1008.0,8.54,1,0,0.9659258262890683,-0.25881904510252063,-0.7818314824680299,0.6234898018587334,405.9122124594624,75.51727721196325,0,0,1,1
2026-07-26 08:00:00,1500.5,40.8,0.0935,69.455,29.35,54.0,1007.0,8.285,1,0,0.8660254037844387,-0.4999999999999998,-0.7818314824680299,0.6234898018587334,405.9122124594624,75.51727721196325,0,0,0,0
2026-07-26 09:00:00,1263.0,39.6,0.119,68.97,29.4,55.0,1006.0,8.03,1,0,0.7071067811865476,-0.7071067811865475,-0.7818314824680299,0.6234898018587334,405.9122124594624,75.51727721196325,0,0,1,1
2026-07-26 10:00:00,1271.0,38.25,0.149,69.235,29.45,53.5,1007.0,7.8549999999999995,1,0,0.49999999999999994,-0.8660254037844387,-0.7818314824680299,0.6234898018587334,405.9122124594624,75.51727721196325,0,0,0,0
2026-07-26 11:00:00,1279.0,36.9,0.179,69.5,29.5,52.0,1008.0,7.68,1,0,0.258819045102521,-0.9659258262890682,-0.7818314824680299,0.6234898018587334,405.9122124594624,75.51727721196325,0,0,1,1
2026-07-26 12:00:00,1569.0,40.6,0.098,69.74,27.6,58.0,1008.0,7.81,1,0,1.2246467991473532e-16,-1.0,-0.7818314824680299,0.6234898018587334,405.9122124594624,75.51727721196325,0,0,1,1
2026-07-26 13:00:00,1492.0,39.150000000000006,0.1305,69.775,26.75,61.5,1009.0,7.67,1,0,-0.2588190451025208,-0.9659258262890683,-0.7818314824680299,0.6234898018587334,405.9122124594624,75.51727721196325,0,0,0,0
2026-07-26 14:00:00,1415.0,37.7,0.163,69.81,25.9,65.0,1010.0,7.53,1,0,-0.4999999999999997,-0.8660254037844388,-0.7818314824680299,0.6234898018587334,405.9122124594624,75.51727721196325,0,0,1,1
2026-07-26 15:00:00,1344.0,43.6,0.032,68.54,25.3,69.0,1011.0,7.55,1,0,-0.7071067811865471,-0.7071067811865479,-0.7818314824680299,0.6234898018587334,405.9122124594624,75.51727721196325,0,0,1,1
2026-07-26 16:00:00,1082.0,40.6,0.098,68.13,24.2,72.0,1011.0,7.96,1,0,-0.8660254037844385,-0.5000000000000004,-0.7818314824680299,0.6234898018587334,405.9122124594624,75.51727721196325,0,0,1,1
2026-07-26 17:00:00,1190.5,41.35,0.0815,68.395,23.95,73.5,1011.0,7.785,1,0,-0.9659258262890683,-0.25881904510252063,-0.7818314824680299,0.6234898018587334,405.9122124594624,75.51727721196325,0,0,0,0
2026-07-26 18:00:00,1299.0,42.1,0.065,68.66,23.7,75.0,1011.0,7.61,1,0,-1.0,-1.8369701987210297e-16,-0.7818314824680299,0.6234898018587334,405.9122124594624,75.51727721196325,0,0,1,1
2026-07-26 19:00:00,1447.0,40.8,0.094,69.36,22.6,78.0,1010.0,7.39,1,0,-0.9659258262890684,0.2588190451025203,-0.7818314824680299,0.6234898018587334,405.9122124594624,75.51727721196325,0,0,1,1
2026-07-26 20:00:00,1129.0,43.6,0.032,67.78,22.6,80.0,1009.0,7.86,1,0,-0.8660254037844386,0.5000000000000001,-0.7818314824680299,0.6234898018587334,405.9122124594624,75.51727721196325,0,0,1,1
2026-07-26 21:00:00,1454.0,34.6,0.232,70.48,22.6,81.0,1009.0,7.9,1,0,-0.7071067811865477,0.7071067811865474,-0.7818314824680299,0.6234898018587334,405.9122124594624,75.51727721196325,0,0,1,1
2026-07-26 22:00:00,1335.0,34.45,0.2345,70.11500000000001,22.3,81.0,1009.5,7.855,1,0,-0.5000000000000004,0.8660254037844384,-0.7818314824680299,0.6234898018587334,405.9122124594624,75.51727721196325,0,0,0,0
2026-07-26 23:00:00,1216.0,34.3,0.237,69.75,22.0,81.0,1010.0,7.81,1,0,-0.25881904510252157,0.9659258262890681,-0.7818314824680299,0.6234898018587334,405.9122124594624,75.51727721196325,0,0,1,1
2026-07-27 00:00:00,2004.5,28.45,0.3675,72.595,22.0,82.0,1010.0,7.93,0,0,0.0,1.0,0.0,1.0,405.9122124594624,75.51727721196325,0,0,0,0
2026-07-27 01:00:00,2793.0,22.6,0.498,75.44,22.0,83.0,1010.0,8.05,0,0,0.25881904510252074,0.9659258262890683,0.0,1.0,405.9122124594624,75.51727721196325,0,0,1,1
2026-07-27 02:00:00,2836.5,24.575000000000003,0.45425,75.1575,22.85,79.75,1010.0,8.4,0,0,0.49999999999999994,0.8660254037844387,0.0,1.0,405.9122124594624,75.51727721196325,0,0,0,0
2026-07-27 03:00:00,2880.0,26.55,0.4105,74.875,23.7,76.5,1010.0,8.75,0,0,0.7071067811865476,0.7071067811865476,0.0,1.0,405.9122124594624,75.51727721196325,0,0,0,0
2026-07-27 04:00:00,2923.5,28.525,0.36675,74.5925,24.549999999999997,73.25,1010.0,9.1,0,0,0.8660254037844386,0.5000000000000001,0.0,1.0,405.9122124594624,75.51727721196325,0,0,0,0
2026-07-27 05:00:00,2967.0,30.5,0.323,74.31,25.4,70.0,1010.0,9.45,0,0,0.9659258262890683,0.25881904510252074,0.0,1.0,405.9122124594624,75.51727721196325,0,0,1,1
2026-07-27 06:00:00,4307.666666666667,24.9,0.447,77.54,26.666666666666664,65.0,1009.0,9.11,0,0,1.0,6.123233995736766e-17,0.0,1.0,405.9122124594624,75.51727721196325,0,0,0,0
2026-07-27 07:00:00,5648.333333333334,19.3,0.571,80.77,27.933333333333334,60.0,1008.0,8.77,0,1,0.9659258262890683,-0.25881904510252063,0.0,1.0,405.9122124594624,75.51727721196325,0,0,0,0
2026-07-27 08:00:00,6989.0,13.7,0.695,84.0,29.2,55.0,1007.0,8.43,0,1,0.8660254037844387,-0.4999999999999998,0.0,1.0,405.9122124594624,75.51727721196325,0,0,1,1
2026-07-27 09:00:00,5875.5,17.9,0.6014999999999999,81.4025,28.8,56.5,1007.0,8.209999999999999,0,1,0.7071067811865476,-0.7071067811865475,0.0,1.0,405.9122124594624,75.51727721196325,0,0,0,0
2026-07-27 10:00:00,4762.0,22.1,0.508,78.805,28.4,58.0,1007.0,7.989999999999999,0,1,0.49999999999999994,-0.8660254037844387,0.0,1.0,405.9122124594624,75.51727721196325,0,0,0,0
2026-07-27 11:00:00,3648.5000000000005,26.299999999999997,0.4145,76.2075,28.0,59.5,1007.0,7.77,0,0,0.258819045102521,-0.9659258262890682,0.0,1.0,405.9122124594624,75.51727721196325,0,0,0,0
2026-07-27 12:00:00,2535.0,30.5,0.321,73.61,27.6,61.0,1007.0,7.55,0,0,1.2246467991473532e-16,-1.0,0.0,1.0,405.9122124594624,75.51727721196325,0,0,1,1
2026-07-27 13:00:00,2676.3333333333335,29.566666666666666,0.342,74.0,26.733333333333334,65.66666666666667,1008.0,7.64,0,0,-0.2588190451025208,-0.9659258262890683,0.0,1.0,405.9122124594624,75.51727721196325,0,0,0,0
2026-07-27 14:00:00,2817.6666666666665,28.633333333333333,0.363,74.39,25.866666666666667,70.33333333333333,1009.0,7.73,0,0,-0.4999999999999997,-0.8660254037844388,0.0,1.0,405.9122124594624,75.51727721196325,0,0,0,0
2026-07-27 15:00:00,2959.0,27.7,0.384,74.78,25.0,75.0,1010.0,7.82,0,0,-0.7071067811865471,-0.7071067811865479,0.0,1.0,405.9122124594624,75.51727721196325,0,0,1,1
2026-07-27 16:00:00,5002.0,16.85,0.625,80.095,24.6,76.0,1010.5,7.765000000000001,0,0,-0.8660254037844385,-0.5000000000000004,0.0,1.0,405.9122124594624,75.51727721196325,0,0,0,0
2026-07-27 17:00:00,7045.0,6.0,0.866,85.41,24.2,77.0,1011.0,7.71,0,1,-0.9659258262890683,-0.25881904510252063,0.0,1.0,405.9122124594624,75.51727721196325,0,0,1,1
2026-07-27 18:00:00,7308.0,5.1,0.887,85.73,23.7,78.0,1010.0,7.56,0,1,-1.0,-1.8369701987210297e-16,0.0,1.0,405.9122124594624,75.51727721196325,0,0,1,1
2026-07-27 19:00:00,7082.5,10.45,0.7675,84.64,23.4,79.5,1010.0,7.34,0,1,-0.9659258262890684,0.2588190451025203,0.0,1.0,405.9122124594624,75.51727721196325,0,0,0,0
2026-07-27 20:00:00,6857.0,15.8,0.648,83.55,23.1,81.0,1010.0,7.12,0,1,-0.8660254037844386,0.5000000000000001,0.0,1.0,405.9122124594624,75.51727721196325,0,0,1,1
2026-07-27 21:00:00,2315.0,28.2,0.373,73.63,22.6,80.0,1008.0,7.11,0,0,-0.7071067811865477,0.7071067811865474,0.0,1.0,405.9122124594624,75.51727721196325,0,0,1,1
2026-07-27 22:00:00,2751.0,30.5,0.323,73.98,23.1,80.0,1008.0,6.98,0,0,-0.5000000000000004,0.8660254037844384,0.0,1.0,405.9122124594624,75.51727721196325,0,0,1,1
2026-07-27 23:00:00,2884.0,29.0,0.356,74.445,22.85,80.0,1008.0,7.23,0,0,-0.25881904510252157,0.9659258262890681,0.0,1.0,405.9122124594624,75.51727721196325,0,0,0,0
2026-07-28 00:00:00,3017.0,27.5,0.389,74.91,22.6,80.0,1008.0,7.48,0,0,0.0,1.0,0.7818314824680298,0.6234898018587336,405.9122124594624,75.51727721196325,0,0,1,1
2026-07-28 01:00:00,3043.6666666666665,28.9,0.358,74.7,23.0,78.66666666666667,1008.3333333333334,8.07,0,0,0.25881904510252074,0.9659258262890683,0.7818314824680298,0.6234898018587336,405.9122124594624,75.51727721196325,0,0,0,0
2026-07-28 02:00:00,3070.3333333333335,30.3,0.327,74.49,23.400000000000002,77.33333333333333,1008.6666666666666,8.66,0,0,0.49999999999999994,0.8660254037844387,0.7818314824680298,0.6234898018587336,405.9122124594624,75.51727721196325,0,0,0,0
2026-07-28 03:00:00,3097.0,31.7,0.296,74.28,23.8,76.0,1009.0,9.25,0,0,0.7071067811865476,0.7071067811865476,0.7818314824680298,0.6234898018587336,405.9122124594624,75.51727721196325,0,0,1,1
2026-07-28 04:00:00,3025.3333333333335,31.5,0.30033333333333334,74.21,24.633333333333333,72.33333333333333,1008.6666666666666,9.42,0,0,0.8660254037844386,0.5000000000000001,0.7818314824680298,0.6234898018587336,405.9122124594624,75.51727721196325,0,0,0,0
2026-07-28 05:00:00,2953.6666666666665,31.3,0.30466666666666664,74.14,25.46666666666667,68.66666666666667,1008.3333333333334,9.59,0,0,0.9659258262890683,0.25881904510252074,0.7818314824680298,0.6234898018587336,405.9122124594624,75.51727721196325,0,0,0,0
2026-07-28 06:00:00,2882.0,31.1,0.309,74.07,26.3,65.0,1008.0,9.76,0,0,1.0,6.123233995736766e-17,0.7818314824680298,0.6234898018587336,405.9122124594624,75.51727721196325,0,0,1,1
2026-07-28 07:00:00,4375.666666666667,22.733333333333334,0.495,77.91666666666666,26.733333333333334,64.0,1007.6666666666666,9.696666666666667,0,1,0.9659258262890683,-0.25881904510252063,0.7818314824680298,0.6234898018587336,405.9122124594624,75.51727721196325,0,0,0,0
2026-07-28 08:00:00,5869.333333333334,14.366666666666667,0.681,81.76333333333334,27.166666666666668,63.0,1007.3333333333334,9.633333333333333,0,1,0.8660254037844387,-0.4999999999999998,0.7818314824680298,0.6234898018587336,405.9122124594624,75.51727721196325,0,0,0,0
2026-07-28 09:00:00,7363.0,6.0,0.867,85.61,27.6,62.0,1007.0,9.57,0,1,0.7071067811865476,-0.7071067811865475,0.7818314824680298,0.6234898018587336,405.9122124594624,75.51727721196325,0,0,1,1
2026-07-28 10:00:00,5266.0,13.45,0.7010000000000001,80.95,27.450000000000003,62.5,1006.5,9.305,0,1,0.49999999999999994,-0.8660254037844387,0.7818314824680298,0.6234898018587336,405.9122124594624,75.51727721196325,0,0,0,0
2026-07-28 11:00:00,3169.0,20.9,0.535,76.29,27.3,63.0,1006.0,9.04,0,0,0.258819045102521,-0.9659258262890682,0.7818314824680298,0.6234898018587336,405.9122124594624,75.51727721196325,0,0,1,1
2026-07-28 12:00:00,3007.6666666666665,24.23333333333333,0.461,75.45666666666668,26.666666666666668,65.0,1006.3333333333334,8.813333333333333,0,0,1.2246467991473532e-16,-1.0,0.7818314824680298,0.6234898018587336,405.9122124594624,75.51727721196325,0,0,0,0
2026-07-28 13:00:00,2846.3333333333335,27.566666666666663,0.387,74.62333333333333,26.03333333333333,67.0,1006.6666666666666,8.586666666666666,0,0,-0.2588190451025208,-0.9659258262890683,0.7818314824680298,0.6234898018587336,405.9122124594624,75.51727721196325,0,0,0,0
2026-07-28 14:00:00,2685.0,30.9,0.313,73.79,25.4,69.0,1007.0,8.36,0,0,-0.4999999999999997,-0.8660254037844388,0.7818314824680298,0.6234898018587336,405.9122124594624,75.51727721196325,0,0,1,1
2026-07-28 15:00:00,2821.5,27.65,0.3855,74.58000000000001,24.799999999999997,71.0,1007.5,8.44,0,0,-0.7071067811865471,-0.7071067811865479,0.7818314824680298,0.6234898018587336,405.9122124594624,75.51727721196325,0,0,0,0
2026-07-28 16:00:00,2958.0,24.4,0.458,75.37,24.2,73.0,1008.0,8.52,0,0,-0.8660254037844385,-0.5000000000000004,0.7818314824680298,0.6234898018587336,405.9122124594624,75.51727721196325,0,0,1,1
2026-07-28 17:00:00,7104.0,7.2,0.84,85.24,23.8,76.0,1009.0,8.06,0,1,-0.9659258262890683,-0.25881904510252063,0.7818314824680298,0.6234898018587336,405.9122124594624,75.51727721196325,0,0,1,1
2026-07-28 18:00:00,6944.0,11.650000000000002,0.7415,84.35,23.450000000000003,77.0,1008.5,8.205,0,1,-1.0,-1.8369701987210297e-16,0.7818314824680298,0.6234898018587336,405.9122124594624,75.51727721196325,0,0,0,0
2026-07-28 19:00:00,6784.0,16.1,0.643,83.46,23.1,78.0,1008.0,8.35,0,1,-0.9659258262890684,0.2588190451025203,0.7818314824680298,0.6234898018587336,405.9122124594624,75.51727721196325,0,0,1,1
2026-07-28 20:00:00,6899.0,15.4,0.657,83.64,22.6,81.0,1007.0,8.67,0,1,-0.8660254037844386,0.5000000000000001,0.7818314824680298,0.6234898018587336,405.9122124594624,75.51727721196325,0,0,1,1
2026-07-28 21:00:00,4977.5,21.6,0.52,79.28,22.6,80.5,1007.0,8.33,0,0,-0.7071067811865477,0.7071067811865474,0.7818314824680298,0.6234898018587336,405.9122124594624,75.51727721196325,0,0,0,0
2026-07-28 22:00:00,3056.0,27.8,0.383,74.92,22.6,80.0,1007.0,7.99,0,0,-0.5000000000000004,0.8660254037844384,0.7818314824680298,0.6234898018587336,405.9122124594624,75.51727721196325,0,0,1,1
2026-07-28 23:00:00,2820.0,30.6,0.321,74.07,22.0,84.0,1008.0,7.66,0,0,-0.25881904510252157,0.9659258262890681,0.7818314824680298,0.6234898018587336,405.9122124594624,75.51727721196325,0,0,1,1
2026-07-29 00:00:00,2890.5,30.4,0.3245,74.205,21.75,84.5,1008.0,7.845,0,0,0.0,1.0,0.9749279121818236,-0.22252093395631434,405.9122124594624,75.51727721196325,0,0,0,0
2026-07-29 01:00:00,2961.0,30.2,0.328,74.34,21.5,85.0,1008.0,8.03,0,0,0.25881904510252074,0.9659258262890683,0.9749279121818236,-0.22252093395631434,405.9122124594624,75.51727721196325,0,0,1,1
2026-07-29 02:00:00,2896.6666666666665,29.9,0.335,74.29666666666667,22.633333333333333,81.0,1008.0,9.073333333333332,0,0,0.49999999999999994,0.8660254037844387,0.9749279121818236,-0.22252093395631434,405.9122124594624,75.51727721196325,0,0,0,0
2026-07-29 03:00:00,2832.3333333333335,29.6,0.34199999999999997,74.25333333333333,23.766666666666666,77.0,1008.0,10.116666666666667,0,0,0.7071067811865476,0.7071067811865476,0.9749279121818236,-0.22252093395631434,405.9122124594624,75.51727721196325,0,0,0,0
2026-07-29 04:00:00,2768.0,29.3,0.349,74.21,24.9,73.0,1008.0,11.16,0,0,0.8660254037844386,0.5000000000000001,0.9749279121818236,-0.22252093395631434,405.9122124594624,75.51727721196325,0,0,1,1
2026-07-29 05:00:00,4059.6666666666665,24.900000000000002,0.44666666666666666,77.25999999999999,25.933333333333334,68.66666666666667,1007.6666666666666,10.83,0,0,0.9659258262890683,0.25881904510252074,0.9749279121818236,-0.22252093395631434,405.9122124594624,75.51727721196325,0,0,0,0
2026-07-29 06:00:00,5351.333333333333,20.5,0.5443333333333333,80.31,26.966666666666665,64.33333333333333,1007.3333333333334,10.5,0,0,1.0,6.123233995736766e-17,0.9749279121818236,-0.22252093395631434,405.9122124594624,75.51727721196325,0,0,0,0
2026-07-29 07:00:00,6643.0,16.1,0.642,83.36,28.0,60.0,1007.0,10.17,0,1,0.9659258262890683,-0.25881904510252063,0.9749279121818236,-0.22252093395631434,405.9122124594624,75.51727721196325,0,0,1,1
2026-07-29 08:00:00,6639.0,16.3,0.6373333333333333,83.32,27.866666666666667,61.333333333333336,1006.3333333333334,10.296666666666667,0,1,0.8660254037844387,-0.4999999999999998,0.9749279121818236,-0.22252093395631434,405.9122124594624,75.51727721196325,0,0,0,0
2026-07-29 09:00:00,6635.0,16.5,0.6326666666666667,83.28,27.733333333333334,62.666666666666664,1005.6666666666666,10.423333333333334,0,1,0.7071067811865476,-0.7071067811865475,0.9749279121818236,-0.22252093395631434,405.9122124594624,75.51727721196325,0,0,0,0
2026-07-29 10:00:00,6631.0,16.7,0.628,83.24,27.6,64.0,1005.0,10.55,0,1,0.49999999999999994,-0.8660254037844387,0.9749279121818236,-0.22252093395631434,405.9122124594624,75.51727721196325,0,0,1,1
2026-07-29 11:00:00,4709.0,22.0,0.511,78.91999999999999,26.8,66.0,1005.0,9.345,0,0,0.258819045102521,-0.9659258262890682,0.9749279121818236,-0.22252093395631434,405.9122124594624,75.51727721196325,0,0,0,0
2026-07-29 12:00:00,2787.0,27.3,0.394,74.6,26.0,68.0,1005.0,8.14,0,0,1.2246467991473532e-16,-1.0,0.9749279121818236,-0.22252093395631434,405.9122124594624,75.51727721196325,0,0,1,1
2026-07-29 13:00:00,2748.6666666666665,28.866666666666667,0.359,74.25999999999999,25.6,69.66666666666667,1005.3333333333334,8.21,0,0,-0.2588190451025208,-0.9659258262890683,0.9749279121818236,-0.22252093395631434,405.9122124594624,75.51727721196325,0,0,0,0
2026-07-29 14:00:00,2710.3333333333335,30.433333333333334,0.324,73.92,25.2,71.33333333333333,1005.6666666666666,8.28,0,0,-0.4999999999999997,-0.8660254037844388,0.9749279121818236,-0.22252093395631434,405.9122124594624,75.51727721196325,0,0,0,0
2026-07-29 15:00:00,2672.0,32.0,0.289,73.58,24.8,73.0,1006.0,8.35,0,0,-0.7071067811865471,-0.7071067811865479,0.9749279121818236,-0.22252093395631434,405.9122124594624,75.51727721196325,0,0,1,1
2026-07-29 16:00:00,2813.0,26.3,0.416,74.82,23.8,77.0,1008.0,8.67,0,0,-0.8660254037844385,-0.5000000000000004,0.9749279121818236,-0.22252093395631434,405.9122124594624,75.51727721196325,0,0,1,1
2026-07-29 17:00:00,4899.5,19.75,0.5615,79.46,23.5,77.5,1007.5,8.565000000000001,0,1,-0.9659258262890683,-0.25881904510252063,0.9749279121818236,-0.22252093395631434,405.9122124594624,75.51727721196325,0,0,0,0
2026-07-29 18:00:00,6986.0,13.2,0.707,84.1,23.2,78.0,1007.0,8.46,0,1,-1.0,-1.8369701987210297e-16,0.9749279121818236,-0.22252093395631434,405.9122124594624,75.51727721196325,0,0,1,1
2026-07-29 19:00:00,7088.0,7.4,0.837,85.2,22.6,80.0,1007.0,9.33,0,1,-0.9659258262890684,0.2588190451025203,0.9749279121818236,-0.22252093395631434,405.9122124594624,75.51727721196325,0,0,1,1
2026-07-29 20:00:00,7273.0,7.0,0.844,85.37,22.6,81.0,1006.0,8.71,0,1,-0.8660254037844386,0.5000000000000001,0.9749279121818236,-0.22252093395631434,405.9122124594624,75.51727721196325,0,0,1,1
2026-07-29 21:00:00,2797.0,28.2,0.373,74.45,22.6,81.0,1006.0,8.39,0,0,-0.7071067811865477,0.7071067811865474,0.9749279121818236,-0.22252093395631434,405.9122124594624,75.51727721196325,0,0,1,1
2026-07-29 22:00:00,2843.0,25.75,0.428,74.96000000000001,22.6,81.0,1006.0,8.335,0,0,-0.5000000000000004,0.8660254037844384,0.9749279121818236,-0.22252093395631434,405.9122124594624,75.51727721196325,0,0,0,0
2026-07-29 23:00:00,2889.0,23.3,0.483,75.47,22.6,81.0,1006.0,8.28,0,0,-0.25881904510252157,0.9659258262890681,0.9749279121818236,-0.22252093395631434,405.9122124594624,75.51727721196325,0,0,1,1
2026-07-30 00:00:00,2798.0,31.3,0.304,73.9,22.0,84.0,1006.0,8.54,0,0,0.0,1.0,0.43388373911755823,-0.900968867902419,405.9122124594624,75.51727721196325,0,0,1,1
2026-07-30 01:00:00,2774.3333333333335,29.433333333333334,0.3456666666666667,74.19666666666667,22.2,83.66666666666667,1006.3333333333334,9.16,0,0,0.25881904510252074,0.9659258262890683,0.43388373911755823,-0.900968867902419,405.9122124594624,75.51727721196325,0,0,0,0
2026-07-30 02:00:00,2750.6666666666665,27.566666666666666,0.3873333333333333,74.49333333333334,22.400000000000002,83.33333333333333,1006.6666666666666,9.78,0,0,0.49999999999999994,0.8660254037844387,0.43388373911755823,-0.900968867902419,405.9122124594624,75.51727721196325,0,0,0,0
2026-07-30 03:00:00,2727.0,25.7,0.429,74.79,22.6,83.0,1007.0,10.4,0,0,0.7071067811865476,0.7071067811865476,0.43388373911755823,-0.900968867902419,405.9122124594624,75.51727721196325,0,0,1,1
2026-07-30 04:00:00,2805.3333333333335,27.666666666666668,0.3853333333333333,74.56,23.2,81.0,1006.6666666666666,10.663333333333334,0,0,0.8660254037844386,0.5000000000000001,0.43388373911755823,-0.900968867902419,405.9122124594624,75.51727721196325,0,0,0,0
2026-07-30 05:00:00,2883.6666666666665,29.633333333333333,0.3416666666666667,74.33,23.8,79.0,1006.3333333333334,10.926666666666666,0,0,0.9659258262890683,0.25881904510252074,0.43388373911755823,-0.900968867902419,405.9122124594624,75.51727721196325,0,0,0,0
2026-07-30 06:00:00,2962.0,31.6,0.298,74.1,24.4,77.0,1006.0,11.19,0,0,1.0,6.123233995736766e-17,0.43388373911755823,-0.900968867902419,405.9122124594624,75.51727721196325,0,0,1,1
2026-07-30 07:00:00,4238.666666666667,26.900000000000002,0.40199999999999997,77.13333333333333,24.766666666666666,77.0,1005.3333333333334,11.219999999999999,0,1,0.9659258262890683,-0.25881904510252063,0.43388373911755823,-0.900968867902419,405.9122124594624,75.51727721196325,0,0,0,0
2026-07-30 08:00:00,5515.333333333334,22.200000000000003,0.506,80.16666666666667,25.133333333333333,77.0,1004.6666666666666,11.25,0,1,0.8660254037844387,-0.4999999999999998,0.43388373911755823,-0.900968867902419,405.9122124594624,75.51727721196325,0,0,0,0
2026-07-30 09:00:00,6792.0,17.5,0.61,83.2,25.5,77.0,1004.0,11.28,0,1,0.7071067811865476,-0.7071067811865475,0.43388373911755823,-0.900968867902419,405.9122124594624,75.51727721196325,0,0,1,1
2026-07-30 10:00:00,4799.0,26.45,0.4115,78.19,26.0,71.5,1004.5,11.004999999999999,0,1,0.49999999999999994,-0.8660254037844387,0.43388373911755823,-0.900968867902419,405.9122124594624,75.51727721196325,0,0,0,0
2026-07-30 11:00:00,2806.0,35.4,0.213,73.18,26.5,66.0,1005.0,10.73,0,0,0.258819045102521,-0.9659258262890682,0.43388373911755823,-0.900968867902419,405.9122124594624,75.51727721196325,0,0,1,1
2026-07-30 12:00:00,2605.5,31.7,0.2955,73.51,25.95,68.5,1005.5,10.015,0,0,1.2246467991473532e-16,-1.0,0.43388373911755823,-0.900968867902419,405.9122124594624,75.51727721196325,0,0,0,0
2026-07-30 13:00:00,2405.0,28.0,0.378,73.84,25.4,71.0,1006.0,9.3,0,0,-0.2588190451025208,-0.9659258262890683,0.43388373911755823,-0.900968867902419,405.9122124594624,75.51727721196325,0,0,1,1
2026-07-30 14:00:00,2433.0,26.15,0.4185,74.21000000000001,24.75,73.0,1006.5,9.105,0,0,-0.4999999999999997,-0.8660254037844388,0.43388373911755823,-0.900968867902419,405.9122124594624,75.51727721196325,0,0,0,0
2026-07-30 15:00:00,2461.0,24.3,0.459,74.58,24.1,75.0,1007.0,8.91,0,0,-0.7071067811865471,-0.7071067811865479,0.43388373911755823,-0.900968867902419,405.9122124594624,75.51727721196325,0,0,1,1
2026-07-30 16:00:00,4546.5,20.15,0.552,78.97999999999999,23.6,76.5,1007.5,8.855,0,0,-0.8660254037844385,-0.5000000000000004,0.43388373911755823,-0.900968867902419,405.9122124594624,75.51727721196325,0,0,0,0
2026-07-30 17:00:00,6632.0,16.0,0.645,83.38,23.1,78.0,1008.0,8.8,0,1,-0.9659258262890683,-0.25881904510252063,0.43388373911755823,-0.900968867902419,405.9122124594624,75.51727721196325,0,0,1,1
2026-07-30 18:00:00,7105.0,8.0,0.823,85.1,22.6,81.0,1007.0,8.96,0,1,-1.0,-1.8369701987210297e-16,0.43388373911755823,-0.900968867902419,405.9122124594624,75.51727721196325,0,0,1,1
2026-07-30 19:00:00,6910.5,10.5,0.7669999999999999,84.53,22.6,82.0,1007.0,8.670000000000002,0,1,-0.9659258262890684,0.2588190451025203,0.43388373911755823,-0.900968867902419,405.9122124594624,75.51727721196325,0,0,0,0
2026-07-30 20:00:00,6716.0,13.0,0.711,83.96,22.6,83.0,1007.0,8.38,0,1,-0.8660254037844386,0.5000000000000001,0.43388373911755823,-0.900968867902419,405.9122124594624,75.51727721196325,0,0,1,1
2026-07-30 21:00:00,2798.0,35.0,0.222,73.24,22.1,84.0,1005.0,8.86,0,0,-0.7071067811865477,0.7071067811865474,0.43388373911755823,-0.900968867902419,405.9122124594624,75.51727721196325,0,0,1,1
2026-07-30 22:00:00,2823.5,32.45,0.279,73.735,22.1,84.0,1005.5,8.71,0,0,-0.5000000000000004,0.8660254037844384,0.43388373911755823,-0.900968867902419,405.9122124594624,75.51727721196325,0,0,0,0
2026-07-30 23:00:00,2849.0,29.9,0.336,74.23,22.1,84.0,1006.0,8.56,0,0,-0.25881904510252157,0.9659258262890681,0.43388373911755823,-0.900968867902419,405.9122124594624,75.51727721196325,0,0,1,1
2026-07-31 00:00:00,3033.5,30.2,0.329,74.44,22.05,84.5,1006.0,8.36,0,0,0.0,1.0,-0.433883739117558,-0.9009688679024191,405.9122124594624,75.51727721196325,0,0,0,0
2026-07-31 01:00:00,3218.0,30.5,0.322,74.65,22.0,85.0,1006.0,8.16,0,0,0.25881904510252074,0.9659258262890683,-0.433883739117558,-0.9009688679024191,405.9122124594624,75.51727721196325,0,0,1,1
2026-07-31 02:00:00,3162.0,29.933333333333334,0.33466666666666667,74.67333333333333,24.233333333333334,75.0,1006.3333333333334,8.983333333333334,0,0,0.49999999999999994,0.8660254037844387,-0.433883739117558,-0.9009688679024191,405.9122124594624,75.51727721196325,0,0,0,0
2026-07-31 03:00:00,3106.0,29.366666666666667,0.3473333333333333,74.69666666666667,26.466666666666665,65.0,1006.6666666666666,9.806666666666667,0,0,0.7071067811865476,0.7071067811865476,-0.433883739117558,-0.9009688679024191,405.9122124594624,75.51727721196325,0,0,0,0
2026-07-31 04:00:00,3050.0,28.8,0.36,74.72,28.7,55.0,1007.0,10.63,0,0,0.8660254037844386,0.5000000000000001,-0.433883739117558,-0.9009688679024191,405.9122124594624,75.51727721196325,0,0,1,1
2026-07-31 05:00:00,4306.0,23.066666666666666,0.4876666666666667,77.90666666666667,29.0,54.0,1006.3333333333334,10.616666666666667,0,0,0.9659258262890683,0.25881904510252074,-0.433883739117558,-0.9009688679024191,405.9122124594624,75.51727721196325,0,0,0,0
2026-07-31 06:00:00,5562.0,17.333333333333332,0.6153333333333333,81.09333333333333,29.3,53.0,1005.6666666666666,10.603333333333333,0,0,1.0,6.123233995736766e-17,-0.433883739117558,-0.9009688679024191,405.9122124594624,75.51727721196325,0,0,0,0
2026-07-31 07:00:00,6818.0,11.6,0.743,84.28,29.6,52.0,1005.0,10.59,0,1,0.9659258262890683,-0.25881904510252063,-0.433883739117558,-0.9009688679024191,405.9122124594624,75.51727721196325,0,0,1,1
2026-07-31 08:00:00,7016.666666666667,9.9,0.7806666666666666,84.70333333333333,29.400000000000002,53.333333333333336,1004.6666666666666,10.163333333333334,0,1,0.8660254037844387,-0.4999999999999998,-0.433883739117558,-0.9009688679024191,405.9122124594624,75.51727721196325,0,0,0,0
2026-07-31 09:00:00,7215.333333333333,8.2,0.8183333333333334,85.12666666666667,29.2,54.666666666666664,1004.3333333333334,9.736666666666666,0,1,0.7071067811865476,-0.7071067811865475,-0.433883739117558,-0.9009688679024191,405.9122124594624,75.51727721196325,0,0,0,0
2026-07-31 10:00:00,7414.0,6.5,0.856,85.55,29.0,56.0,1004.0,9.31,0,1,0.49999999999999994,-0.8660254037844387,-0.433883739117558,-0.9009688679024191,405.9122124594624,75.51727721196325,0,0,1,1
2026-07-31 11:00:00,5071.5,17.4,0.614,79.945,27.7,61.0,1005.0,8.74,0,0,0.258819045102521,-0.9659258262890682,-0.433883739117558,-0.9009688679024191,405.9122124594624,75.51727721196325,0,0,0,0
2026-07-31 12:00:00,2729.0,28.3,0.372,74.34,26.4,66.0,1006.0,8.17,0,0,1.2246467991473532e-16,-1.0,-0.433883739117558,-0.9009688679024191,405.9122124594624,75.51727721196325,0,0,1,1
2026-07-31 13:00:00,2661.0,30.3,0.327,73.86666666666667,25.5,70.0,1007.0,8.08,0,0,-0.2588190451025208,-0.9659258262890683,-0.433883739117558,-0.9009688679024191,405.9122124594624,75.51727721196325,0,0,0,0
2026-07-31 14:00:00,2593.0,32.3,0.28200000000000003,73.39333333333333,24.599999999999998,74.0,1008.0,7.99,0,0,-0.4999999999999997,-0.8660254037844388,-0.433883739117558,-0.9009688679024191,405.9122124594624,75.51727721196325,0,0,0,0
2026-07-31 15:00:00,2525.0,34.3,0.237,72.92,23.7,78.0,1009.0,7.9,0,0,-0.7071067811865471,-0.7071067811865479,-0.433883739117558,-0.9009688679024191,405.9122124594624,75.51727721196325,0,0,1,1
2026-07-31 16:00:00,4692.0,24.2,0.4615,78.38499999999999,23.4,78.5,1009.0,7.640000000000001,0,0,-0.8660254037844385,-0.5000000000000004,-0.433883739117558,-0.9009688679024191,405.9122124594624,75.51727721196325,0,0,0,0
2026-07-31 17:00:00,6859.0,14.1,0.686,83.85,23.1,79.0,1009.0,7.38,0,1,-0.9659258262890683,-0.25881904510252063,-0.433883739117558,-0.9009688679024191,405.9122124594624,75.51727721196325,0,0,1,1
2026-07-31 18:00:00,7074.0,8.2,0.817,85.03,22.6,82.0,1007.0,7.14,0,1,-1.0,-1.8369701987210297e-16,-0.433883739117558,-0.9009688679024191,405.9122124594624,75.51727721196325,0,0,1,1
2026-07-31 19:00:00,7058.0,7.699999999999999,0.8285,85.11500000000001,22.6,82.5,1007.5,6.869999999999999,0,1,-0.9659258262890684,0.2588190451025203,-0.433883739117558,-0.9009688679024191,405.9122124594624,75.51727721196325,0,0,0,0
2026-07-31 20:00:00,7042.0,7.2,0.84,85.2,22.6,83.0,1008.0,6.6,0,1,-0.8660254037844386,0.5000000000000001,-0.433883739117558,-0.9009688679024191,405.9122124594624,75.51727721196325,0,0,1,1
2026-07-31 21:00:00,2831.0,26.1,0.42,74.88,22.6,84.0,1007.0,6.83,0,0,-0.7071067811865477,0.7071067811865474,-0.433883739117558,-0.9009688679024191,405.9122124594624,75.51727721196325,0,0,1,1
2026-07-31 22:00:00,2727.0,28.9,0.357,74.21,22.0,84.0,1007.0,8.22,0,0,-0.5000000000000004,0.8660254037844384,-0.433883739117558,-0.9009688679024191,405.9122124594624,75.51727721196325,0,0,1,1
2026-07-31 23:00:00,2257.5,35.15,0.218,72.185,22.3,84.0,1007.0,7.855,0,0,-0.25881904510252157,0.9659258262890681,-0.433883739117558,-0.9009688679024191,405.9122124594624,75.51727721196325,0,0,0,0
2026-08-01 00:00:00,1788.0,41.4,0.079,70.16,22.6,84.0,1007.0,7.49,1,0,0.0,1.0,-0.9749279121818236,-0.2225209339563146,405.9122124594624,75.51727721196325,0,0,1,1
2026-08-01 01:00:00,1729.75,40.6,0.09725,70.1525,23.0,82.25,1007.5,7.8375,1,0,0.25881904510252074,0.9659258262890683,-0.9749279121818236,-0.2225209339563146,405.9122124594624,75.51727721196325,0,0,0,0
2026-08-01 02:00:00,1671.5,39.8,0.11549999999999999,70.145,23.4,80.5,1008.0,8.185,1,0,0.49999999999999994,0.8660254037844387,-0.9749279121818236,-0.2225209339563146,405.9122124594624,75.51727721196325,0,0,0,0
2026-08-01 03:00:00,1613.25,39.0,0.13375,70.13749999999999,23.8,78.75,1008.5,8.5325,1,0,0.7071067811865476,0.7071067811865476,-0.9749279121818236,-0.2225209339563146,405.9122124594624,75.51727721196325,0,0,0,0
2026-08-01 04:00:00,1555.0,38.2,0.152,70.13,24.2,77.0,1009.0,8.88,1,0,0.8660254037844386,0.5000000000000001,-0.9749279121818236,-0.2225209339563146,405.9122124594624,75.51727721196325,0,0,1,1
2026-08-01 05:00:00,1563.0,40.3,0.1055,69.78,26.7,65.5,1008.5,8.965,1,0,0.9659258262890683,0.25881904510252074,-0.9749279121818236,-0.2225209339563146,405.9122124594624,75.51727721196325,0,0,0,0
2026-08-01 06:00:00,1571.0,42.4,0.059,69.43,29.2,54.0,1008.0,9.05,1,0,1.0,6.123233995736766e-17,-0.9749279121818236,-0.2225209339563146,405.9122124594624,75.51727721196325,0,0,1,1
2026-08-01 07:00:00,1569.0,41.93333333333333,0.06899999999999999,69.50666666666667,28.866666666666667,56.666666666666664,1008.0,8.863333333333333,1,0,0.9659258262890683,-0.25881904510252063,-0.9749279121818236,-0.2225209339563146,405.9122124594624,75.51727721196325,0,0,0,0
2026-08-01 08:00:00,1567.0,41.46666666666667,0.079,69.58333333333333,28.53333333333333,59.333333333333336,1008.0,8.676666666666668,1,0,0.8660254037844387,-0.4999999999999998,-0.9749279121818236,-0.2225209339563146,405.9122124594624,75.51727721196325,0,0,0,0
2026-08-01 09:00:00,1565.0,41.0,0.089,69.66,28.2,62.0,1008.0,8.49,1,0,0.7071067811865476,-0.7071067811865475,-0.9749279121818236,-0.2225209339563146,405.9122124594624,75.51727721196325,0,0,1,1
2026-08-01 10:00:00,952.0,43.6,0.032,67.04,29.3,55.0,1007.0,8.23,1,0,0.49999999999999994,-0.8660254037844387,-0.9749279121818236,-0.2225209339563146,405.9122124594624,75.51727721196325,0,0,1,1
2026-08-01 11:00:00,1200.0,42.25,0.061,68.185,28.5,58.0,1007.0,8.295,1,0,0.258819045102521,-0.9659258262890682,-0.9749279121818236,-0.2225209339563146,405.9122124594624,75.51727721196325,0,0,0,0
2026-08-01 12:00:00,1448.0,40.9,0.09,69.33,27.7,61.0,1007.0,8.36,1,0,1.2246467991473532e-16,-1.0,-0.9749279121818236,-0.2225209339563146,405.9122124594624,75.51727721196325,0,0,1,1
2026-08-01 13:00:00,1498.0,40.0,0.1105,69.64,26.6,66.0,1008.0,8.254999999999999,1,0,-0.2588190451025208,-0.9659258262890683,-0.9749279121818236,-0.2225209339563146,405.9122124594624,75.51727721196325,0,0,0,0
2026-08-01 14:00:00,1548.0,39.1,0.131,69.95,25.5,71.0,1009.0,8.15,1,0,-0.4999999999999997,-0.8660254037844388,-0.9749279121818236,-0.2225209339563146,405.9122124594624,75.51727721196325,0,0,1,1
2026-08-01 15:00:00,1441.0,38.9,0.135,69.67,24.5,73.0,1010.0,7.69,1,0,-0.7071067811865471,-0.7071067811865479,-0.9749279121818236,-0.2225209339563146,405.9122124594624,75.51727721196325,0,0,1,1
2026-08-01 16:00:00,1560.0,42.0,0.066,69.46,24.2,73.0,1011.0,7.66,1,0,-0.8660254037844385,-0.5000000000000004,-0.9749279121818236,-0.2225209339563146,405.9122124594624,75.51727721196325,0,0,1,1
2026-08-01 17:00:00,1646.5,40.95,0.0895,69.875,23.95,74.0,1011.0,7.725,1,0,-0.9659258262890683,-0.25881904510252063,-0.9749279121818236,-0.2225209339563146,405.9122124594624,75.51727721196325,0,0,0,0
2026-08-01 18:00:00,1733.0,39.9,0.113,70.29,23.7,75.0,1011.0,7.79,1,0,-1.0,-1.8369701987210297e-16,-0.9749279121818236,-0.2225209339563146,405.9122124594624,75.51727721196325,0,0,1,1
2026-08-01 19:00:00,1326.0,39.3,0.126,69.23,23.1,78.0,1010.0,7.55,1,0,-0.9659258262890684,0.2588190451025203,-0.9749279121818236,-0.2225209339563146,405.9122124594624,75.51727721196325,0,0,1,1
2026-08-01 20:00:00,1262.0,38.6,0.143,69.15,22.6,81.0,1009.0,7.53,1,0,-0.8660254037844386,0.5000000000000001,-0.9749279121818236,-0.2225209339563146,405.9122124594624,75.51727721196325,0,0,1,1
2026-08-01 21:00:00,1455.0,43.8,0.026,68.84,22.6,81.0,1009.0,7.18,1,0,-0.7071067811865477,0.7071067811865474,-0.9749279121818236,-0.2225209339563146,405.9122124594624,75.51727721196325,0,0,1,1
2026-08-01 22:00:00,1599.0,44.2,0.018,69.18,22.6,81.0,1009.0,7.24,1,0,-0.5000000000000004,0.8660254037844384,-0.9749279121818236,-0.2225209339563146,405.9122124594624,75.51727721196325,0,0,1,1
2026-08-01 23:00:00,1263.0,36.1,0.198,69.6,22.6,82.0,1010.0,7.56,1,0,-0.25881904510252157,0.9659258262890681,-0.9749279121818236,-0.2225209339563146,405.9122124594624,75.51727721196325,0,0,1,1
2026-08-02 00:00:00,1398.3333333333333,38.53333333333333,0.14400000000000002,69.57,22.76666666666667,81.33333333333333,1010.3333333333334,7.386666666666667,1,0,0.0,1.0,-0.7818314824680299,0.6234898018587334,405.9122124594624,75.51727721196325,0,0,0,0
2026-08-02 01:00:00,1533.6666666666667,40.96666666666667,0.09000000000000001,69.54,22.933333333333334,80.66666666666667,1010.6666666666666,7.213333333333333,1,0,0.25881904510252074,0.9659258262890683,-0.7818314824680299,0.6234898018587334,405.9122124594624,75.51727721196325,0,0,0,0
2026-08-02 02:00:00,1669.0,43.4,0.036,69.51,23.1,80.0,1011.0,7.04,1,0,0.49999999999999994,0.8660254037844387,-0.7818314824680299,0.6234898018587334,405.9122124594624,75.51727721196325,0,0,1,1
2026-08-02 03:00:00,1606.3333333333333,39.96666666666667,0.11233333333333334,69.95,24.1,75.66666666666667,1011.0,7.256666666666667,1,0,0.7071067811865476,0.7071067811865476,-0.7818314824680299,0.6234898018587334,405.9122124594624,75.51727721196325,0,0,0,0
2026-08-02 04:00:00,1543.6666666666667,36.53333333333333,0.18866666666666668,70.39,25.1,71.33333333333333,1011.0,7.473333333333334,1,0,0.8660254037844386,0.5000000000000001,-0.7818314824680299,0.6234898018587334,405.9122124594624,75.51727721196325,0,0,0,0
2026-08-02 05:00:00,1481.0,33.1,0.265,70.83,26.1,67.0,1011.0,7.69,1,0,0.9659258262890683,0.25881904510252074,-0.7818314824680299,0.6234898018587334,405.9122124594624,75.51727721196325,0,0,1,1
2026-08-02 06:00:00,1455.0,35.56666666666667,0.20966666666666667,70.30666666666667,27.333333333333336,61.666666666666664,1010.3333333333334,7.803333333333334,1,0,1.0,6.123233995736766e-17,-0.7818314824680299,0.6234898018587334,405.9122124594624,75.51727721196325,0,0,0,0
2026-08-02 07:00:00,1429.0,38.03333333333333,0.15433333333333335,69.78333333333333,28.566666666666666,56.333333333333336,1009.6666666666666,7.916666666666666,1,0,0.9659258262890683,-0.25881904510252063,-0.7818314824680299,0.6234898018587334,405.9122124594624,75.51727721196325,0,0,0,0
2026-08-02 08:00:00,1403.0,40.5,0.099,69.26,29.8,51.0,1009.0,8.03,1,0,0.8660254037844387,-0.4999999999999998,-0.7818314824680299,0.6234898018587334,405.9122124594624,75.51727721196325,0,0,1,1
2026-08-02 09:00:00,1508.5,41.05,0.087,69.47,29.75,51.0,1008.5,7.41,1,0,0.7071067811865476,-0.7071067811865475,-0.7818314824680299,0.6234898018587334,405.9122124594624,75.51727721196325,0,0,0,0
2026-08-02 10:00:00,1614.0,41.6,0.075,69.68,29.7,51.0,1008.0,6.79,1,0,0.49999999999999994,-0.8660254037844387,-0.7818314824680299,0.6234898018587334,405.9122124594624,75.51727721196325,0,0,1,1
2026-08-02 11:00:00,1572.0,41.2,0.085,69.64,27.1,65.0,1008.0,6.55,1,0,0.258819045102521,-0.9659258262890682,-0.7818314824680299,0.6234898018587334,405.9122124594624,75.51727721196325,0,0,1,1
2026-08-02 12:00:00,1563.5,41.35,0.0815,69.59,26.75,65.5,1009.0,6.42,1,0,1.2246467991473532e-16,-1.0,-0.7818314824680299,0.6234898018587334,405.9122124594624,75.51727721196325,0,0,0,0
2026-08-02 13:00:00,1555.0,41.5,0.078,69.54,26.4,66.0,1010.0,6.29,1,0,-0.2588190451025208,-0.9659258262890683,-0.7818314824680299,0.6234898018587334,405.9122124594624,75.51727721196325,0,0,1,1
2026-08-02 14:00:00,1476.0,42.1,0.065,69.21,25.2,73.0,1010.0,6.4,1,0,-0.4999999999999997,-0.8660254037844388,-0.7818314824680299,0.6234898018587334,405.9122124594624,75.51727721196325,0,0,1,1
2026-08-02 15:00:00,1094.0,36.0,0.199,68.98,24.7,76.0,1011.0,6.11,1,0,-0.7071067811865471,-0.7071067811865479,-0.7818314824680299,0.6234898018587334,405.9122124594624,75.51727721196325,0,0,1,1
2026-08-02 16:00:00,1328.0,37.85,0.158,69.42500000000001,23.049999999999997,80.0,1011.5,6.01,1,0,-0.8660254037844385,-0.5000000000000004,-0.7818314824680299,0.6234898018587334,405.9122124594624,75.51727721196325,0,0,0,0
2026-08-02 17:00:00,1562.0,39.7,0.117,69.87,21.4,84.0,1012.0,5.91,1,0,-0.9659258262890683,-0.25881904510252063,-0.7818314824680299,0.6234898018587334,405.9122124594624,75.51727721196325,0,0,1,1
2026-08-02 18:00:00,1570.0,38.3,0.149,70.15,22.1,90.0,1011.0,6.05,1,0,-1.0,-1.8369701987210297e-16,-0.7818314824680299,0.6234898018587334,405.9122124594624,75.51727721196325,0,0,1,1
2026-08-02 19:00:00,1964.0,41.2,0.084,70.6,23.6,80.0,1010.0,6.12,1,0,-0.9659258262890684,0.2588190451025203,-0.7818314824680299,0.6234898018587334,405.9122124594624,75.51727721196325,0,0,1,1
2026-08-02 20:00:00,1261.0,43.6,0.031,68.26,23.1,81.0,1010.0,5.91,1,0,-0.8660254037844386,0.5000000000000001,-0.7818314824680299,0.6234898018587334,405.9122124594624,75.51727721196325,0,0,1,1
2026-08-02 21:00:00,1454.0,42.6,0.052,69.04,23.1,81.0,1010.0,5.73,1,0,-0.7071067811865477,0.7071067811865474,-0.7818314824680299,0.6234898018587334,405.9122124594624,75.51727721196325,0,0,1,1
2026-08-02 22:00:00,1413.0,45.3,0.0,70.9,23.1,82.0,1010.0,5.58,1,0,-0.5000000000000004,0.8660254037844384,-0.7818314824680299,0.6234898018587334,405.9122124594624,75.51727721196325,0,0,1,1
2026-08-02 23:00:00,1438.0,41.2,0.085,69.26,22.6,82.0,1010.0,5.91,1,0,-0.25881904510252157,0.9659258262890681,-0.7818314824680299,0.6234898018587334,405.9122124594624,75.51727721196325,0,0,1,1
2026-08-03 00:00:00,1733.0,38.400000000000006,0.14700000000000002,70.405,22.75,81.0,1010.5,6.215,0,0,0.0,1.0,0.0,1.0,405.9122124594624,75.51727721196325,0,0,0,0
2026-08-03 01:00:00,2028.0,35.6,0.20900000000000002,71.55000000000001,22.9,80.0,1011.0,6.52,0,0,0.25881904510252074,0.9659258262890683,0.0,1.0,405.9122124594624,75.51727721196325,0,0,0,0
2026-08-03 02:00:00,2323.0,32.8,0.271,72.69500000000001,23.05,79.0,1011.5,6.825,0,0,0.49999999999999994,0.8660254037844387,0.0,1.0,405.9122124594624,75.51727721196325,0,0,0,0
2026-08-03 03:00:00,2618.0,30.0,0.333,73.84,23.2,78.0,1012.0,7.13,0,0,0.7071067811865476,0.7071067811865476,0.0,1.0,405.9122124594624,75.51727721196325,0,0,1,1
2026-08-03 04:00:00,2630.3333333333335,26.9,0.4016666666666667,74.41,25.0,74.33333333333333,1011.3333333333334,6.93,0,0,0.8660254037844386,0.5000000000000001,0.0,1.0,405.9122124594624,75.51727721196325,0,0,0,0
2026-08-03 05:00:00,2642.6666666666665,23.8,0.4703333333333334,74.98,26.8,70.66666666666667,1010.6666666666666,6.73,0,0,0.9659258262890683,0.25881904510252074,0.0,1.0,405.9122124594624,75.51727721196325,0,0,0,0
2026-08-03 06:00:00,2655.0,20.7,0.539,75.55,28.6,67.0,1010.0,6.53,0,0,1.0,6.123233995736766e-17,0.0,1.0,405.9122124594624,75.51727721196325,0,0,1,1
2026-08-03 07:00:00,3695.75,18.45,0.58925,77.72749999999999,29.05,62.5,1009.5,6.53,0,1,0.9659258262890683,-0.25881904510252063,0.0,1.0,405.9122124594624,75.51727721196325,0,0,0,0
2026-08-03 08:00:00,4736.5,16.2,0.6395,79.905,29.5,58.0,1009.0,6.53,0,1,0.8660254037844387,-0.4999999999999998,0.0,1.0,405.9122124594624,75.51727721196325,0,0,0,0
2026-08-03 09:00:00,5777.25,13.95,0.68975,82.08250000000001,29.95,53.5,1008.5,6.53,0,1,0.7071067811865476,-0.7071067811865475,0.0,1.0,405.9122124594624,75.51727721196325,0,0,0,0
2026-08-03 10:00:00,6818.0,11.7,0.74,84.26,30.4,49.0,1008.0,6.53,0,1,0.49999999999999994,-0.8660254037844387,0.0,1.0,405.9122124594624,75.51727721196325,0,0,1,1
2026-08-03 11:00:00,5451.0,17.03333333333333,0.6216666666666667,80.98,28.766666666666666,56.666666666666664,1008.6666666666666,6.333333333333334,0,0,0.258819045102521,-0.9659258262890682,0.0,1.0,405.9122124594624,75.51727721196325,0,0,0,0
2026-08-03 12:00:00,4084.0,22.366666666666667,0.5033333333333333,77.7,27.133333333333333,64.33333333333333,1009.3333333333334,6.136666666666667,0,0,1.2246467991473532e-16,-1.0,0.0,1.0,405.9122124594624,75.51727721196325,0,0,0,0
2026-08-03 13:00:00,2717.0,27.7,0.385,74.42,25.5,72.0,1010.0,5.94,0,0,-0.2588190451025208,-0.9659258262890683,0.0,1.0,405.9122124594624,75.51727721196325,0,0,1,1
2026-08-03 14:00:00,2780.0,28.5,0.367,74.37333333333333,25.133333333333333,71.66666666666667,1011.0,5.970000000000001,0,0,-0.4999999999999997,-0.8660254037844388,0.0,1.0,405.9122124594624,75.51727721196325,0,0,0,0
2026-08-03 15:00:00,2843.0,29.3,0.34900000000000003,74.32666666666667,24.766666666666666,71.33333333333333,1012.0,6.0,0,0,-0.7071067811865471,-0.7071067811865479,0.0,1.0,405.9122124594624,75.51727721196325,0,0,0,0
2026-08-03 16:00:00,2906.0,30.1,0.331,74.28,24.4,71.0,1013.0,6.03,0,0,-0.8660254037844385,-0.5000000000000004,0.0,1.0,405.9122124594624,75.51727721196325,0,0,1,1
2026-08-03 17:00:00,5117.5,22.0,0.511,79.23,23.549999999999997,76.5,1012.5,5.645,0,1,-0.9659258262890683,-0.25881904510252063,0.0,1.0,405.9122124594624,75.51727721196325,0,0,0,0
2026-08-03 18:00:00,7329.0,13.9,0.691,84.18,22.7,82.0,1012.0,5.26,0,1,-1.0,-1.8369701987210297e-16,0.0,1.0,405.9122124594624,75.51727721196325,0,0,1,1
2026-08-03 19:00:00,7326.0,10.75,0.7609999999999999,84.73500000000001,22.7,80.5,1012.0,5.42,0,1,-0.9659258262890684,0.2588190451025203,0.0,1.0,405.9122124594624,75.51727721196325,0,0,0,0
2026-08-03 20:00:00,7323.0,7.6,0.831,85.29,22.7,79.0,1012.0,5.58,0,1,-0.8660254037844386,0.5000000000000001,0.0,1.0,405.9122124594624,75.51727721196325,0,0,1,1
2026-08-03 21:00:00,2637.0,30.5,0.323,73.8,22.1,80.0,1011.0,5.46,0,0,-0.7071067811865477,0.7071067811865474,0.0,1.0,405.9122124594624,75.51727721196325,0,0,1,1
2026-08-03 22:00:00,2684.0,25.9,0.425,74.69,22.1,82.0,1010.0,5.58,0,0,-0.5000000000000004,0.8660254037844384,0.0,1.0,405.9122124594624,75.51727721196325,0,0,1,1
2026-08-03 23:00:00,2737.5,25.549999999999997,0.433,74.84,21.85,83.0,1010.5,5.484999999999999,0,0,-0.25881904510252157,0.9659258262890681,0.0,1.0,405.9122124594624,75.51727721196325,0,0,0,0
2026-08-04 00:00:00,2791.0,25.2,0.441,74.99,21.6,84.0,1011.0,5.39,0,0,0.0,1.0,0.7818314824680298,0.6234898018587336,405.9122124594624,75.51727721196325,0,0,1,1
2026-08-04 01:00:00,2843.0,21.8,0.5163333333333333,75.67,22.333333333333336,81.66666666666667,1011.6666666666666,6.0633333333333335,0,0,0.25881904510252074,0.9659258262890683,0.7818314824680298,0.6234898018587336,405.9122124594624,75.51727721196325,0,0,0,0
2026-08-04 02:00:00,2895.0,18.4,0.5916666666666667,76.35,23.066666666666666,79.33333333333333,1012.3333333333334,6.736666666666666,0,0,0.49999999999999994,0.8660254037844387,0.7818314824680298,0.6234898018587336,405.9122124594624,75.51727721196325,0,0,0,0
2026-08-04 03:00:00,2947.0,15.0,0.667,77.03,23.8,77.0,1013.0,7.41,0,0,0.7071067811865476,0.7071067811865476,0.7818314824680298,0.6234898018587336,405.9122124594624,75.51727721196325,0,0,1,1
2026-08-04 04:00:00,2906.6666666666665,17.166666666666668,0.6186666666666667,76.58333333333333,24.166666666666668,75.33333333333333,1012.6666666666666,7.256666666666667,0,0,0.8660254037844386,0.5000000000000001,0.7818314824680298,0.6234898018587336,405.9122124594624,75.51727721196325,0,0,0,0
2026-08-04 05:00:00,2866.3333333333335,19.333333333333332,0.5703333333333334,76.13666666666667,24.53333333333333,73.66666666666667,1012.3333333333334,7.1033333333333335,0,0,0.9659258262890683,0.25881904510252074,0.7818314824680298,0.6234898018587336,405.9122124594624,75.51727721196325,0,0,0,0
2026-08-04 06:00:00,2826.0,21.5,0.522,75.69,24.9,72.0,1012.0,6.95,0,0,1.0,6.123233995736766e-17,0.7818314824680298,0.6234898018587336,405.9122124594624,75.51727721196325,0,0,1,1
2026-08-04 07:00:00,4400.333333333333,16.666666666666664,0.6293333333333333,78.97,26.099999999999998,67.33333333333333,1011.6666666666666,6.963333333333334,0,1,0.9659258262890683,-0.25881904510252063,0.7818314824680298,0.6234898018587336,405.9122124594624,75.51727721196325,0,0,0,0
2026-08-04 08:00:00,5974.666666666666,11.833333333333332,0.7366666666666667,82.25,27.3,62.666666666666664,1011.3333333333334,6.976666666666667,0,1,0.8660254037844387,-0.4999999999999998,0.7818314824680298,0.6234898018587336,405.9122124594624,75.51727721196325,0,0,0,0
2026-08-04 09:00:00,7549.0,7.0,0.844,85.53,28.5,58.0,1011.0,6.99,0,1,0.7071067811865476,-0.7071067811865475,0.7818314824680298,0.6234898018587336,405.9122124594624,75.51727721196325,0,0,1,1
2026-08-04 10:00:00,4995.5,18.45,0.5895,79.545,28.9,55.5,1010.0,6.63,0,1,0.49999999999999994,-0.8660254037844387,0.7818314824680298,0.6234898018587336,405.9122124594624,75.51727721196325,0,0,0,0
2026-08-04 11:00:00,2442.0,29.9,0.335,73.56,29.3,53.0,1009.0,6.27,0,0,0.258819045102521,-0.9659258262890682,0.7818314824680298,0.6234898018587336,405.9122124594624,75.51727721196325,0,0,1,1
2026-08-04 12:00:00,2445.3333333333335,29.7,0.3393333333333333,73.60000000000001,27.233333333333334,63.0,1010.0,6.16,0,0,1.2246467991473532e-16,-1.0,0.7818314824680298,0.6234898018587336,405.9122124594624,75.51727721196325,0,0,0,0
2026-08-04 13:00:00,2448.6666666666665,29.5,0.3436666666666667,73.64,25.166666666666668,73.0,1011.0,6.05,0,0,-0.2588190451025208,-0.9659258262890683,0.7818314824680298,0.6234898018587336,405.9122124594624,75.51727721196325,0,0,0,0
2026-08-04 14:00:00,2452.0,29.3,0.348,73.68,23.1,83.0,1012.0,5.94,0,0,-0.4999999999999997,-0.8660254037844388,0.7818314824680298,0.6234898018587336,405.9122124594624,75.51727721196325,0,0,1,1
2026-08-04 15:00:00,2855.0,29.65,0.33999999999999997,74.23500000000001,22.3,86.0,1013.0,5.97,0,0,-0.7071067811865471,-0.7071067811865479,0.7818314824680298,0.6234898018587336,405.9122124594624,75.51727721196325,0,0,0,0
2026-08-04 16:00:00,3258.0,30.0,0.332,74.79,21.5,89.0,1014.0,6.0,0,0,-0.8660254037844385,-0.5000000000000004,0.7818314824680298,0.6234898018587336,405.9122124594624,75.51727721196325,0,0,1,1
2026-08-04 17:00:00,5163.5,20.75,0.5385,79.62,21.5,87.0,1013.0,5.83,0,1,-0.9659258262890683,-0.25881904510252063,0.7818314824680298,0.6234898018587336,405.9122124594624,75.51727721196325,0,0,0,0
2026-08-04 18:00:00,7069.0,11.5,0.745,84.45,21.5,85.0,1012.0,5.66,0,1,-1.0,-1.8369701987210297e-16,0.7818314824680298,0.6234898018587336,405.9122124594624,75.51727721196325,0,0,1,1
2026-08-04 19:00:00,7057.0,10.5,0.767,84.62,21.5,85.5,1012.0,5.8149999999999995,0,1,-0.9659258262890684,0.2588190451025203,0.7818314824680298,0.6234898018587336,405.9122124594624,75.51727721196325,0,0,0,0
2026-08-04 20:00:00,7045.0,9.5,0.789,84.79,21.5,86.0,1012.0,5.97,0,1,-0.8660254037844386,0.5000000000000001,0.7818314824680298,0.6234898018587336,405.9122124594624,75.51727721196325,0,0,1,1
2026-08-04 21:00:00,2489.0,27.1,0.398,74.14,21.5,87.0,1010.0,5.63,0,0,-0.7071067811865477,0.7071067811865474,0.7818314824680298,0.6234898018587336,405.9122124594624,75.51727721196325,0,0,1,1
2026-08-04 22:00:00,2634.5,28.05,0.377,74.215,21.5,86.5,1010.5,5.515000000000001,0,0,-0.5000000000000004,0.8660254037844384,0.7818314824680298,0.6234898018587336,405.9122124594624,75.51727721196325,0,0,0,0
2026-08-04 23:00:00,2780.0,29.0,0.356,74.29,21.5,86.0,1011.0,5.4,0,0,-0.25881904510252157,0.9659258262890681,0.7818314824680298,0.6234898018587336,405.9122124594624,75.51727721196325,0,0,1,1
2026-08-05 00:00:00,2759.0,29.4,0.347,74.18,21.5,86.0,1011.0,6.01,0,0,0.0,1.0,0.9749279121818236,-0.22252093395631434,405.9122124594624,75.51727721196325,0,0,1,1
2026-08-05 01:00:00,2132.25,31.7,0.296,71.17500000000001,21.9,84.0,1011.25,6.3825,0,0,0.25881904510252074,0.9659258262890683,0.9749279121818236,-0.22252093395631434,405.9122124594624,75.51727721196325,0,0,0,0
2026-08-05 02:00:00,1505.5,34.0,0.245,68.17,22.3,82.0,1011.5,6.755,0,0,0.49999999999999994,0.8660254037844387,0.9749279121818236,-0.22252093395631434,405.9122124594624,75.51727721196325,0,0,0,0
2026-08-05 03:00:00,878.7500000000002,36.3,0.19399999999999998,65.16499999999999,22.700000000000003,80.0,1011.75,7.1274999999999995,0,0,0.7071067811865476,0.7071067811865476,0.9749279121818236,-0.22252093395631434,405.9122124594624,75.51727721196325,0,0,0,0
2026-08-05 04:00:00,252.0,38.6,0.143,62.16,23.1,78.0,1012.0,7.5,0,0,0.8660254037844386,0.5000000000000001,0.9749279121818236,-0.22252093395631434,405.9122124594624,75.51727721196325,0,0,1,1
2026-08-05 05:00:00,2473.6666666666665,29.96666666666667,0.33499999999999996,69.49,24.96666666666667,70.66666666666667,1011.6666666666666,7.766666666666667,0,0,0.9659258262890683,0.25881904510252074,0.9749279121818236,-0.22252093395631434,405.9122124594624,75.51727721196325,0,0,0,0
2026-08-05 06:00:00,4695.333333333333,21.333333333333336,0.527,76.82000000000001,26.833333333333332,63.33333333333333,1011.3333333333334,8.033333333333333,0,0,1.0,6.123233995736766e-17,0.9749279121818236,-0.22252093395631434,405.9122124594624,75.51727721196325,0,0,0,0
2026-08-05 07:00:00,6917.0,12.7,0.719,84.15,28.7,56.0,1011.0,8.3,0,1,0.9659258262890683,-0.25881904510252063,0.9749279121818236,-0.22252093395631434,405.9122124594624,75.51727721196325,0,0,1,1
2026-08-05 08:00:00,6950.0,10.133333333333333,0.7756666666666666,84.62333333333333,28.733333333333334,56.333333333333336,1010.0,8.06,0,1,0.8660254037844387,-0.4999999999999998,0.9749279121818236,-0.22252093395631434,405.9122124594624,75.51727721196325,0,0,0,0
2026-08-05 09:00:00,6983.0,7.566666666666666,0.8323333333333334,85.09666666666666,28.766666666666666,56.666666666666664,1009.0,7.82,0,1,0.7071067811865476,-0.7071067811865475,0.9749279121818236,-0.22252093395631434,405.9122124594624,75.51727721196325,0,0,0,0
2026-08-05 10:00:00,7016.0,5.0,0.889,85.57,28.8,57.0,1008.0,7.58,0,1,0.49999999999999994,-0.8660254037844387,0.9749279121818236,-0.22252093395631434,405.9122124594624,75.51727721196325,0,0,1,1
2026-08-05 11:00:00,4915.5,16.5,0.633,80.03999999999999,29.05,55.5,1008.0,7.1850000000000005,0,0,0.258819045102521,-0.9659258262890682,0.9749279121818236,-0.22252093395631434,405.9122124594624,75.51727721196325,0,0,0,0
2026-08-05 12:00:00,2815.0,28.0,0.377,74.51,29.3,54.0,1008.0,6.79,0,0,1.2246467991473532e-16,-1.0,0.9749279121818236,-0.22252093395631434,405.9122124594624,75.51727721196325,0,0,1,1
2026-08-05 13:00:00,2908.5,30.1,0.33099999999999996,74.28,26.25,66.5,1009.0,6.140000000000001,0,0,-0.2588190451025208,-0.9659258262890683,0.9749279121818236,-0.22252093395631434,405.9122124594624,75.51727721196325,0,0,0,0
2026-08-05 14:00:00,3002.0,32.2,0.285,74.05,23.2,79.0,1010.0,5.49,0,0,-0.4999999999999997,-0.8660254037844388,0.9749279121818236,-0.22252093395631434,405.9122124594624,75.51727721196325,0,0,1,1
2026-08-05 15:00:00,2983.5,29.85,0.3375,74.445,23.15,80.0,1011.0,5.3149999999999995,0,0,-0.7071067811865471,-0.7071067811865479,0.9749279121818236,-0.22252093395631434,405.9122124594624,75.51727721196325,0,0,0,0
2026-08-05 16:00:00,2965.0,27.5,0.39,74.84,23.1,81.0,1012.0,5.14,0,0,-0.8660254037844385,-0.5000000000000004,0.9749279121818236,-0.22252093395631434,405.9122124594624,75.51727721196325,0,0,1,1
2026-08-05 17:00:00,4946.0,19.8,0.5605,79.545,22.6,84.0,1011.5,5.52,0,1,-0.9659258262890683,-0.25881904510252063,0.9749279121818236,-0.22252093395631434,405.9122124594624,75.51727721196325,0,0,0,0
2026-08-05 18:00:00,6927.0,12.1,0.731,84.25,22.1,87.0,1011.0,5.9,0,1,-1.0,-1.8369701987210297e-16,0.9749279121818236,-0.22252093395631434,405.9122124594624,75.51727721196325,0,0,1,1
2026-08-05 19:00:00,7091.5,8.95,0.8009999999999999,84.91,22.05,86.5,1011.0,6.025,0,1,-0.9659258262890684,0.2588190451025203,0.9749279121818236,-0.22252093395631434,405.9122124594624,75.51727721196325,0,0,0,0
2026-08-05 20:00:00,7256.0,5.8,0.871,85.57,22.0,86.0,1011.0,6.15,0,1,-0.8660254037844386,0.5000000000000001,0.9749279121818236,-0.22252093395631434,405.9122124594624,75.51727721196325,0,0,1,1
2026-08-05 21:00:00,2724.0,27.7,0.383,74.42,21.5,86.0,1009.0,6.12,0,0,-0.7071067811865477,0.7071067811865474,0.9749279121818236,-0.22252093395631434,405.9122124594624,75.51727721196325,0,0,1,1
2026-08-05 22:00:00,2681.0,28.6,0.364,74.19,21.5,86.0,1009.0,6.01,0,0,-0.5000000000000004,0.8660254037844384,0.9749279121818236,-0.22252093395631434,405.9122124594624,75.51727721196325,0,0,1,1
2026-08-05 23:00:00,2785.0,27.3,0.3935,74.59,21.5,86.5,1009.0,5.9399999999999995,0,0,-0.25881904510252157,0.9659258262890681,0.9749279121818236,-0.22252093395631434,405.9122124594624,75.51727721196325,0,0,0,0
2026-08-06 00:00:00,2889.0,26.0,0.423,74.99,21.5,87.0,1009.0,5.87,0,0,0.0,1.0,0.43388373911755823,-0.900968867902419,405.9122124594624,75.51727721196325,0,0,1,1
2026-08-06 01:00:00,2915.0,25.233333333333334,0.43966666666666665,75.16333333333333,21.866666666666667,85.0,1009.6666666666666,6.26,0,0,0.25881904510252074,0.9659258262890683,0.43388373911755823,-0.900968867902419,405.9122124594624,75.51727721196325,0,0,0,0
2026-08-06 02:00:00,2941.0,24.466666666666665,0.4563333333333333,75.33666666666667,22.233333333333334,83.0,1010.3333333333334,6.65,0,0,0.49999999999999994,0.8660254037844387,0.43388373911755823,-0.900968867902419,405.9122124594624,75.51727721196325,0,0,0,0
2026-08-06 03:00:00,2967.0,23.7,0.473,75.51,22.6,81.0,1011.0,7.04,0,0,0.7071067811865476,0.7071067811865476,0.43388373911755823,-0.900968867902419,405.9122124594624,75.51727721196325,0,0,1,1
2026-08-06 04:00:00,2915.6666666666665,23.8,0.4713333333333333,75.42,24.333333333333336,75.0,1010.6666666666666,7.04,0,0,0.8660254037844386,0.5000000000000001,0.43388373911755823,-0.900968867902419,405.9122124594624,75.51727721196325,0,0,0,0
2026-08-06 05:00:00,2864.3333333333335,23.9,0.4696666666666667,75.33,26.066666666666666,69.0,1010.3333333333334,7.04,0,0,0.9659258262890683,0.25881904510252074,0.43388373911755823,-0.900968867902419,405.9122124594624,75.51727721196325,0,0,0,0
2026-08-06 06:00:00,2813.0,24.0,0.468,75.24,27.8,63.0,1010.0,7.04,0,0,1.0,6.123233995736766e-17,0.43388373911755823,-0.900968867902419,405.9122124594624,75.51727721196325,0,0,1,1
2026-08-06 07:00:00,4226.666666666667,20.066666666666666,0.555,78.26666666666667,27.7,63.666666666666664,1009.6666666666666,6.983333333333333,0,1,0.9659258262890683,-0.25881904510252063,0.43388373911755823,-0.900968867902419,405.9122124594624,75.51727721196325,0,0,0,0
2026-08-06 08:00:00,5640.333333333334,16.133333333333333,0.642,81.29333333333332,27.6,64.33333333333333,1009.3333333333334,6.926666666666667,0,1,0.8660254037844387,-0.4999999999999998,0.43388373911755823,-0.900968867902419,405.9122124594624,75.51727721196325,0,0,0,0
2026-08-06 09:00:00,7054.0,12.2,0.729,84.32,27.5,65.0,1009.0,6.87,0,1,0.7071067811865476,-0.7071067811865475,0.43388373911755823,-0.900968867902419,405.9122124594624,75.51727721196325,0,0,1,1
2026-08-06 10:00:00,5000.0,16.1,0.6425000000000001,80.22999999999999,25.35,74.0,1008.5,6.835,0,1,0.49999999999999994,-0.8660254037844387,0.43388373911755823,-0.900968867902419,405.9122124594624,75.51727721196325,0,0,0,0
2026-08-06 11:00:00,2946.0,20.0,0.556,76.14,23.2,83.0,1008.0,6.8,0,0,0.258819045102521,-0.9659258262890682,0.43388373911755823,-0.900968867902419,405.9122124594624,75.51727721196325,0,0,1,1
2026-08-06 12:00:00,2874.0,22.6,0.49800000000000005,75.56666666666666,23.0,84.0,1009.0,7.173333333333333,0,0,1.2246467991473532e-16,-1.0,0.43388373911755823,-0.900968867902419,405.9122124594624,75.51727721196325,0,0,0,0
2026-08-06 13:00:00,2802.0,25.2,0.44000000000000006,74.99333333333334,22.8,85.0,1010.0,7.546666666666667,0,0,-0.2588190451025208,-0.9659258262890683,0.43388373911755823,-0.900968867902419,405.9122124594624,75.51727721196325,0,0,0,0
2026-08-06 14:00:00,2730.0,27.8,0.382,74.42,22.6,86.0,1011.0,7.92,0,0,-0.4999999999999997,-0.8660254037844388,0.43388373911755823,-0.900968867902419,405.9122124594624,75.51727721196325,0,0,1,1
2026-08-06 15:00:00,2783.8,27.79,0.38230000000000003,74.5,22.490000000000002,86.0,1010.9,7.875,0,0,-0.7071067811865471,-0.7071067811865479,0.43388373911755823,-0.900968867902419,405.9122124594624,75.51727721196325,0,0,0,0
2026-08-06 16:00:00,2837.6,27.78,0.3826,74.58,22.380000000000003,86.0,1010.8,7.83,0,0,-0.8660254037844385,-0.5000000000000004,0.43388373911755823,-0.900968867902419,405.9122124594624,75.51727721196325,0,0,0,0
2026-08-06 17:00:00,2891.4,27.77,0.3829,74.66,22.27,86.0,1010.7,7.785,0,1,-0.9659258262890683,-0.25881904510252063,0.43388373911755823,-0.900968867902419,405.9122124594624,75.51727721196325,0,0,0,0
2026-08-06 18:00:00,,,0.38320000000000004,74.74,,,,,0,1,-1.0,-1.8369701987210297e-16,0.43388373911755823,-0.900968867902419,405.9122124594624,75.51727721196325,0,0,0,0
2026-08-06 19:00:00,,,0.3835,74.82,,,,,0,1,-0.9659258262890684,0.2588190451025203,0.43388373911755823,-0.900968867902419,405.9122124594624,75.51727721196325,0,0,0,0
2026-08-06 20:00:00,,,0.38380000000000003,74.89999999999999,,,,,0,1,-0.8660254037844386,0.5000000000000001,0.43388373911755823,-0.900968867902419,405.9122124594624,75.51727721196325,0,0,0,0
2026-08-06 21:00:00,,,,,,,,,0,0,-0.7071067811865477,0.7071067811865474,0.43388373911755823,-0.900968867902419,405.9122124594624,75.51727721196325,0,0,0,0
2026-08-06 22:00:00,,,,,,,,,0,0,-0.5000000000000004,0.8660254037844384,0.43388373911755823,-0.900968867902419,405.9122124594624,75.51727721196325,0,0,0,0
2026-08-06 23:00:00,,,,,,,,,0,0,-0.25881904510252157,0.9659258262890681,0.43388373911755823,-0.900968867902419,405.9122124594624,75.51727721196325,0,0,0,0
2026-08-07 00:00:00,3268.0,27.7,0.385,75.22,21.5,86.0,1010.0,7.47,0,0,0.0,1.0,-0.433883739117558,-0.9009688679024191,405.9122124594624,75.51727721196325,0,0,1,1
2026-08-07 01:00:00,3141.3333333333335,28.03333333333333,0.37766666666666665,74.98333333333333,21.9,83.66666666666667,1010.3333333333334,7.823333333333333,0,0,0.25881904510252074,0.9659258262890683,-0.433883739117558,-0.9009688679024191,405.9122124594624,75.51727721196325,0,0,0,0
2026-08-07 02:00:00,3014.6666666666665,28.366666666666667,0.37033333333333335,74.74666666666667,22.3,81.33333333333333,1010.6666666666666,8.176666666666666,0,0,0.49999999999999994,0.8660254037844387,-0.433883739117558,-0.9009688679024191,405.9122124594624,75.51727721196325,0,0,0,0
2026-08-07 03:00:00,2888.0,28.7,0.363,74.51,22.7,79.0,1011.0,8.53,0,0,0.7071067811865476,0.7071067811865476,-0.433883739117558,-0.9009688679024191,405.9122124594624,75.51727721196325,0,0,1,1
2026-08-07 04:00:00,2985.5,28.4,0.369,74.7,24.15,75.5,1010.5,8.719999999999999,0,0,0.8660254037844386,0.5000000000000001,-0.433883739117558,-0.9009688679024191,405.9122124594624,75.51727721196325,0,0,0,0
2026-08-07 05:00:00,3083.0,28.1,0.375,74.89,25.6,72.0,1010.0,8.91,0,0,0.9659258262890683,0.25881904510252074,-0.433883739117558,-0.9009688679024191,405.9122124594624,75.51727721196325,0,0,1,1
2026-08-07 06:00:00,2950.0,25.4,0.435,75.18,27.4,63.0,1008.0,8.7,0,0,1.0,6.123233995736766e-17,-0.433883739117558,-0.9009688679024191,405.9122124594624,75.51727721196325,0,0,1,1
2026-08-07 07:00:00,4867.0,20.75,0.539,79.32,27.85,59.5,1008.5,8.649999999999999,0,1,0.9659258262890683,-0.25881904510252063,-0.433883739117558,-0.9009688679024191,405.9122124594624,75.51727721196325,0,0,0,0
2026-08-07 08:00:00,6784.0,16.1,0.643,83.46,28.3,56.0,1009.0,8.6,0,1,0.8660254037844387,-0.4999999999999998,-0.433883739117558,-0.9009688679024191,405.9122124594624,75.51727721196325,0,0,1,1
2026-08-07 09:00:00,6694.0,8.6,0.809,84.73,28.6,59.0,1007.0,7.93,0,1,0.7071067811865476,-0.7071067811865475,-0.433883739117558,-0.9009688679024191,405.9122124594624,75.51727721196325,0,0,1,1
2026-08-07 10:00:00,7319.0,8.7,0.806,85.09,28.0,64.0,1007.0,7.5,0,1,0.49999999999999994,-0.8660254037844387,-0.433883739117558,-0.9009688679024191,405.9122124594624,75.51727721196325,0,0,1,1
2026-08-07 11:00:00,2695.0,25.7,0.428,74.73,27.3,78.0,1007.0,6.52,0,0,0.258819045102521,-0.9659258262890682,-0.433883739117558,-0.9009688679024191,405.9122124594624,75.51727721196325,0,0,1,1
2026-08-07 12:00:00,2753.0,21.3,0.526,75.61,22.7,86.0,1008.0,6.2,0,0,1.2246467991473532e-16,-1.0,-0.433883739117558,-0.9009688679024191,405.9122124594624,75.51727721196325,0,0,1,1
2026-08-07 13:00:00,2659.0,24.3,0.459,74.92,22.35,86.5,1009.0,6.385,0,0,-0.2588190451025208,-0.9659258262890683,-0.433883739117558,-0.9009688679024191,405.9122124594624,75.51727721196325,0,0,0,0
2026-08-07 14:00:00,2565.0,27.3,0.392,74.23,22.0,87.0,1010.0,6.57,0,0,-0.4999999999999997,-0.8660254037844388,-0.433883739117558,-0.9009688679024191,405.9122124594624,75.51727721196325,0,0,1,1
2026-08-07 15:00:00,2791.0,34.6,0.23,73.3,22.0,87.0,1011.0,6.6,0,0,-0.7071067811865471,-0.7071067811865479,-0.433883739117558,-0.9009688679024191,405.9122124594624,75.51727721196325,0,0,1,1
2026-08-07 16:00:00,2930.0,28.8,0.361,74.56,22.0,87.0,1012.0,6.84,0,0,-0.8660254037844385,-0.5000000000000004,-0.433883739117558,-0.9009688679024191,405.9122124594624,75.51727721196325,0,0,1,1
2026-08-07 17:00:00,7194.0,9.5,0.789,84.88,22.0,88.0,1012.0,7.21,0,1,-0.9659258262890683,-0.25881904510252063,-0.433883739117558,-0.9009688679024191,405.9122124594624,75.51727721196325,0,0,1,1
2026-08-07 18:00:00,7035.0,8.0,0.823,85.06,21.5,89.0,1010.0,7.47,0,1,-1.0,-1.8369701987210297e-16,-0.433883739117558,-0.9009688679024191,405.9122124594624,75.51727721196325,0,0,1,1
2026-08-07 19:00:00,7101.0,7.2,0.84,85.23,21.5,89.0,1009.0,7.25,0,1,-0.9659258262890684,0.2588190451025203,-0.433883739117558,-0.9009688679024191,405.9122124594624,75.51727721196325,0,0,1,1
2026-08-07 20:00:00,6942.0,17.3,0.616,83.34,21.5,89.0,1009.0,7.46,0,1,-0.8660254037844386,0.5000000000000001,-0.433883739117558,-0.9009688679024191,405.9122124594624,75.51727721196325,0,0,1,1
2026-08-07 21:00:00,2970.0,34.2,0.241,73.66,21.5,88.0,1009.0,6.74,0,0,-0.7071067811865477,0.7071067811865474,-0.433883739117558,-0.9009688679024191,405.9122124594624,75.51727721196325,0,0,1,1
2026-08-07 22:00:00,3104.0,32.8,0.27,74.08,21.5,87.0,1009.0,7.1,0,0,-0.5000000000000004,0.8660254037844384,-0.433883739117558,-0.9009688679024191,405.9122124594624,75.51727721196325,0,0,1,1
2026-08-07 23:00:00,3302.0,30.7,0.318,74.73,21.5,87.0,1009.0,7.22,0,0,-0.25881904510252157,0.9659258262890681,-0.433883739117558,-0.9009688679024191,405.9122124594624,75.51727721196325,0,0,1,1
2026-08-08 00:00:00,2366.0,34.0,0.2445,72.325,21.25,87.5,1009.5,7.369999999999999,1,0,0.0,1.0,-0.9749279121818236,-0.2225209339563146,405.9122124594624,75.51727721196325,0,0,0,0
2026-08-08 01:00:00,1430.0,37.3,0.171,69.92,21.0,88.0,1010.0,7.52,1,0,0.25881904510252074,0.9659258262890683,-0.9749279121818236,-0.2225209339563146,405.9122124594624,75.51727721196325,0,0,1,1
2026-08-08 02:00:00,1317.0,38.95,0.135,69.25999999999999,21.5,85.5,1010.5,8.08,1,0,0.49999999999999994,0.8660254037844387,-0.9749279121818236,-0.2225209339563146,405.9122124594624,75.51727721196325,0,0,0,0
2026-08-08 03:00:00,1204.0,40.6,0.099,68.6,22.0,83.0,1011.0,8.64,1,0,0.7071067811865476,0.7071067811865476,-0.9749279121818236,-0.2225209339563146,405.9122124594624,75.51727721196325,0,0,1,1
2026-08-08 04:00:00,1551.0,42.1,0.064,69.42,25.7,75.0,1010.0,8.56,1,0,0.8660254037844386,0.5000000000000001,-0.9749279121818236,-0.2225209339563146,405.9122124594624,75.51727721196325,0,0,1,1
2026-08-08 05:00:00,1519.0,39.2,0.128,69.84,25.9,73.0,1010.0,8.06,1,0,0.9659258262890683,0.25881904510252074,-0.9749279121818236,-0.2225209339563146,405.9122124594624,75.51727721196325,0,0,1,1
2026-08-08 06:00:00,1204.0,43.2,0.039,68.12,27.1,66.0,1009.0,7.5,1,0,1.0,6.123233995736766e-17,-0.9749279121818236,-0.2225209339563146,405.9122124594624,75.51727721196325,0,0,1,1
2026-08-08 07:00:00,1466.0,40.3,0.105,69.5,27.4,65.0,1009.0,7.31,1,0,0.9659258262890683,-0.25881904510252063,-0.9749279121818236,-0.2225209339563146,405.9122124594624,75.51727721196325,0,0,1,1
2026-08-08 08:00:00,1485.0,38.8,0.139,69.83,27.5,65.0,1008.0,7.34,1,0,0.8660254037844387,-0.4999999999999998,-0.9749279121818236,-0.2225209339563146,405.9122124594624,75.51727721196325,0,0,1,1
2026-08-08 09:00:00,1547.0,38.1,0.153,70.12,27.7,66.0,1007.0,6.84,1,0,0.7071067811865476,-0.7071067811865475,-0.9749279121818236,-0.2225209339563146,405.9122124594624,75.51727721196325,0,0,1,1
2026-08-08 10:00:00,1272.0,41.1,0.088,68.75,28.2,64.0,1007.0,6.18,1,0,0.49999999999999994,-0.8660254037844387,-0.9749279121818236,-0.2225209339563146,405.9122124594624,75.51727721196325,0,0,1,1
2026-08-08 11:00:00,1644.5,37.599999999999994,0.1645,70.39,28.4,63.0,1008.0,6.275,1,0,0.258819045102521,-0.9659258262890682,-0.9749279121818236,-0.2225209339563146,405.9122124594624,75.51727721196325,0,0,1,1
2026-08-08 12:00:00,1278.0,35.9,0.202,69.68,27.5,64.0,1009.0,6.21,1,0,1.2246467991473532e-16,-1.0,-0.9749279121818236,-0.2225209339563146,405.9122124594624,75.51727721196325,0,0,1,1
2026-08-08 13:00:00,1020.0,38.7,0.14,68.21,22.1,90.0,1009.0,6.38,1,0,-0.2588190451025208,-0.9659258262890683,-0.9749279121818236,-0.2225209339563146,405.9122124594624,75.51727721196325,0,0,1,1
2026-08-08 14:00:00,1578.0,35.1,0.221,70.75,22.6,89.0,1010.0,6.64,1,0,-0.4999999999999997,-0.8660254037844388,-0.9749279121818236,-0.2225209339563146,405.9122124594624,75.51727721196325,0,0,1,1
2026-08-08 15:00:00,1424.5,40.3,0.1045,69.36,22.6,87.5,1011.0,6.605,1,0,-0.7071067811865471,-0.7071067811865479,-0.9749279121818236,-0.2225209339563146,405.9122124594624,75.51727721196325,0,0,1,1
2026-08-08 16:00:00,1219.0,35.4,0.214,69.57,22.6,86.0,1012.0,6.55,1,0,-0.8660254037844385,-0.5000000000000004,-0.9749279121818236,-0.2225209339563146,405.9122124594624,75.51727721196325,0,0,1,1
2026-08-08 17:00:00,1485.5,38.55,0.143,69.825,22.0,84.5,1012.5,6.5649999999999995,1,0,-0.9659258262890683,-0.25881904510252063,-0.9749279121818236,-0.2225209339563146,405.9122124594624,75.51727721196325,0,0,1,1
2026-08-08 18:00:00,1434.0,43.5,0.034,68.84,22.0,85.0,1011.0,6.7,1,0,-1.0,-1.8369701987210297e-16,-0.9749279121818236,-0.2225209339563146,405.9122124594624,75.51727721196325,0,0,1,1
2026-08-08 19:00:00,1580.0,41.1,0.0865,69.67500000000001,21.5,85.0,1011.0,6.535,1,0,-0.9659258262890684,0.2588190451025203,-0.9749279121818236,-0.2225209339563146,405.9122124594624,75.51727721196325,0,0,1,1
2026-08-08 20:00:00,1132.5,39.55,0.121,68.51,21.5,86.0,1010.5,6.465,1,0,-0.8660254037844386,0.5000000000000001,-0.9749279121818236,-0.2225209339563146,405.9122124594624,75.51727721196325,0,0,1,1
2026-08-08 21:00:00,1623.0,42.4,0.058,69.57,21.5,87.0,1010.0,6.97,1,0,-0.7071067811865477,0.7071067811865474,-0.9749279121818236,-0.2225209339563146,405.9122124594624,75.51727721196325,0,0,1,1
2026-08-08 22:00:00,1295.5,42.4,0.0575,68.53,21.0,87.5,1010.0,6.73,1,0,-0.5000000000000004,0.8660254037844384,-0.9749279121818236,-0.2225209339563146,405.9122124594624,75.51727721196325,0,0,1,1
2026-08-08 23:00:00,1589.0,43.5,0.032,69.27,21.0,88.0,1010.0,6.64,1,0,-0.25881904510252157,0.9659258262890681,-0.9749279121818236,-0.2225209339563146,405.9122124594624,75.51727721196325,0,0,1,1
2026-08-09 00:00:00,1384.5,41.5,0.0775,68.985,21.0,88.0,1010.0,6.775,1,0,0.0,1.0,-0.7818314824680299,0.6234898018587334,405.9122124594624,75.51727721196325,0,0,0,0
2026-08-09 01:00:00,1180.0,39.5,0.123,68.7,21.0,88.0,1010.0,6.91,1,0,0.25881904510252074,0.9659258262890683,-0.7818314824680299,0.6234898018587334,405.9122124594624,75.51727721196325,0,0,1,1
2026-08-09 02:00:00,1252.0,41.65,0.0745,68.565,22.7,83.5,1010.5,7.195,1,0,0.49999999999999994,0.8660254037844387,-0.7818314824680299,0.6234898018587334,405.9122124594624,75.51727721196325,0,0,0,0
2026-08-09 03:00:00,1324.0,43.8,0.026,68.43,24.4,79.0,1011.0,7.48,1,0,0.7071067811865476,0.7071067811865476,-0.7818314824680299,0.6234898018587334,405.9122124594624,75.51727721196325,0,0,1,1
2026-08-09 04:00:00,1413.5,44.15,0.019,68.65,26.15,70.0,1011.0,7.495,1,0,0.8660254037844386,0.5000000000000001,-0.7818314824680299,0.6234898018587334,405.9122124594624,75.51727721196325,0,0,0,0
2026-08-09 05:00:00,1503.0,44.5,0.012,68.87,27.9,61.0,1011.0,7.51,1,0,0.9659258262890683,0.25881904510252074,-0.7818314824680299,0.6234898018587334,405.9122124594624,75.51727721196325,0,0,1,1
2026-08-09 06:00:00,1529.0,32.8,0.271,71.01,26.7,75.0,1010.0,7.04,1,0,1.0,6.123233995736766e-17,-0.7818314824680299,0.6234898018587334,405.9122124594624,75.51727721196325,0,0,1,1
2026-08-09 07:00:00,1148.0,38.1,0.153,68.82,28.1,61.0,1009.0,6.26,1,0,0.9659258262890683,-0.25881904510252063,-0.7818314824680299,0.6234898018587334,405.9122124594624,75.51727721196325,0,0,1,1
2026-08-09 08:00:00,1508.0,40.8,0.094,69.54,28.0,62.0,1009.0,5.47,1,0,0.8660254037844387,-0.4999999999999998,-0.7818314824680299,0.6234898018587334,405.9122124594624,75.51727721196325,0,0,1,1
2026-08-09 09:00:00,1225.0,36.7,0.185,69.36,28.6,57.0,1008.0,4.95,1,0,0.7071067811865476,-0.7071067811865475,-0.7818314824680299,0.6234898018587334,405.9122124594624,75.51727721196325,0,0,1,1
2026-08-09 10:00:00,1498.0,37.3,0.172,70.13,28.4,60.0,1008.0,4.51,1,0,0.49999999999999994,-0.8660254037844387,-0.7818314824680299,0.6234898018587334,405.9122124594624,75.51727721196325,0,0,1,1
2026-08-09 11:00:00,1230.0,41.8,0.07100000000000001,68.4,27.700000000000003,65.0,1009.0,5.09,1,0,0.258819045102521,-0.9659258262890682,-0.7818314824680299,0.6234898018587334,405.9122124594624,75.51727721196325,0,0,1,1
2026-08-09 12:00:00,1555.0,37.0,0.179,70.35,27.7,67.0,1010.0,4.45,1,0,1.2246467991473532e-16,-1.0,-0.7818314824680299,0.6234898018587334,405.9122124594624,75.51727721196325,0,0,1,1
2026-08-09 13:00:00,1333.0,40.5,0.1,69.05,27.6,69.0,1010.0,4.98,1,0,-0.2588190451025208,-0.9659258262890683,-0.7818314824680299,0.6234898018587334,405.9122124594624,75.51727721196325,0,0,1,1
2026-08-09 14:00:00,1634.0,47.9,0.0,71.53,25.7,78.0,1011.0,5.22,1,0,-0.4999999999999997,-0.8660254037844388,-0.7818314824680299,0.6234898018587334,405.9122124594624,75.51727721196325,0,0,1,1
2026-08-09 15:00:00,1306.0,33.1,0.265,70.28,24.4,75.0,1013.0,5.22,1,0,-0.7071067811865471,-0.7071067811865479,-0.7818314824680299,0.6234898018587334,405.9122124594624,75.51727721196325,0,0,1,1
2026-08-09 16:00:00,1527.5,37.25,0.172,70.21,23.85,78.5,1012.0,5.265,1,0,-0.8660254037844385,-0.5000000000000004,-0.7818314824680299,0.6234898018587334,405.9122124594624,75.51727721196325,0,0,1,1
2026-08-09 17:00:00,1696.0,37.8,0.159,70.57,23.1,82.0,1013.0,5.27,1,0,-0.9659258262890683,-0.25881904510252063,-0.7818314824680299,0.6234898018587334,405.9122124594624,75.51727721196325,0,0,1,1
2026-08-09 18:00:00,1716.0,40.5,0.1,70.15,23.1,83.0,1012.0,5.4,1,0,-1.0,-1.8369701987210297e-16,-0.7818314824680299,0.6234898018587334,405.9122124594624,75.51727721196325,0,0,1,1
2026-08-09 19:00:00,1359.0,42.35,0.059000000000000004,68.805,22.3,85.5,1011.5,5.44,1,0,-0.9659258262890684,0.2588190451025203,-0.7818314824680299,0.6234898018587334,405.9122124594624,75.51727721196325,0,0,1,1
2026-08-09 20:00:00,1536.0,42.3,0.061,69.35,22.0,87.0,1010.0,5.59,1,0,-0.8660254037844386,0.5000000000000001,-0.7818314824680299,0.6234898018587334,405.9122124594624,75.51727721196325,0,0,1,1
2026-08-09 21:00:00,1341.0,39.3,0.126,69.28,22.0,87.0,1010.0,5.44,1,0,-0.7071067811865477,0.7071067811865474,-0.7818314824680299,0.6234898018587334,405.9122124594624,75.51727721196325,0,0,1,1
2026-08-09 22:00:00,1572.0,41.349999999999994,0.0845,70.805,21.5,87.0,1010.0,5.34,1,0,-0.5000000000000004,0.8660254037844384,-0.7818314824680299,0.6234898018587334,405.9122124594624,75.51727721196325,0,0,1,1
2026-08-09 23:00:00,1162.0,39.6,0.119,68.6,21.5,87.0,1010.0,4.94,1,0,-0.25881904510252157,0.9659258262890681,-0.7818314824680299,0.6234898018587334,405.9122124594624,75.51727721196325,0,0,1,1
2026-08-10 00:00:00,2080.5,32.75,0.272,71.88499999999999,21.5,86.0,1010.5,5.19,0,0,0.0,1.0,0.0,1.0,405.9122124594624,75.51727721196325,0,0,0,0
2026-08-10 01:00:00,2999.0,25.9,0.425,75.17,21.5,85.0,1011.0,5.44,0,0,0.25881904510252074,0.9659258262890683,0.0,1.0,405.9122124594624,75.51727721196325,0,0,1,1
2026-08-10 02:00:00,2981.5,27.2,0.39549999999999996,74.91,22.65,81.0,1011.5,5.85,0,0,0.49999999999999994,0.8660254037844387,0.0,1.0,405.9122124594624,75.51727721196325,0,0,0,0
2026-08-10 03:00:00,2964.0,28.5,0.366,74.65,23.8,77.0,1012.0,6.26,0,0,0.7071067811865476,0.7071067811865476,0.0,1.0,405.9122124594624,75.51727721196325,0,0,1,1
2026-08-10 04:00:00,3011.5,27.3,0.3935,74.935,25.65,71.5,1012.0,6.275,0,0,0.8660254037844386,0.5000000000000001,0.0,1.0,405.9122124594624,75.51727721196325,0,0,0,0
2026-08-10 05:00:00,3059.0,26.1,0.421,75.22,27.5,66.0,1012.0,6.29,0,0,0.9659258262890683,0.25881904510252074,0.0,1.0,405.9122124594624,75.51727721196325,0,0,1,1
2026-08-10 06:00:00,2801.0,25.8,0.427,74.89,28.2,62.0,1010.0,5.82,0,0,1.0,6.123233995736766e-17,0.0,1.0,405.9122124594624,75.51727721196325,0,0,1,1
2026-08-10 07:00:00,4961.5,15.45,0.657,80.255,28.75,58.0,1009.5,5.57,0,1,0.9659258262890683,-0.25881904510252063,0.0,1.0,405.9122124594624,75.51727721196325,0,0,0,0
2026-08-10 08:00:00,7122.0,5.1,0.887,85.62,29.3,54.0,1009.0,5.32,0,1,0.8660254037844387,-0.4999999999999998,0.0,1.0,405.9122124594624,75.51727721196325,0,0,1,1
2026-08-10 09:00:00,7040.0,7.9,0.824,85.07,28.6,61.0,1007.0,4.44,0,1,0.7071067811865476,-0.7071067811865475,0.0,1.0,405.9122124594624,75.51727721196325,0,0,1,1
2026-08-10 10:00:00,4793.5,18.200000000000003,0.596,79.535,28.55,62.0,1008.0,4.25,0,1,0.49999999999999994,-0.8660254037844387,0.0,1.0,405.9122124594624,75.51727721196325,0,0,0,0
2026-08-10 11:00:00,2547.0,28.5,0.368,74.0,28.5,63.0,1009.0,4.06,0,0,0.258819045102521,-0.9659258262890682,0.0,1.0,405.9122124594624,75.51727721196325,0,0,1,1
2026-08-10 12:00:00,3029.0,19.0,0.579,76.44,28.6,64.0,1008.0,4.93,0,0,1.2246467991473532e-16,-1.0,0.0,1.0,405.9122124594624,75.51727721196325,0,0,1,1
2026-08-10 13:00:00,2812.0,19.9,0.557,75.95,27.8,69.0,1008.0,4.29,0,0,-0.2588190451025208,-0.9659258262890683,0.0,1.0,405.9122124594624,75.51727721196325,0,0,1,1
2026-08-10 14:00:00,3096.0,26.5,0.412,75.2,23.1,85.0,1010.0,5.44,0,0,-0.4999999999999997,-0.8660254037844388,0.0,1.0,405.9122124594624,75.51727721196325,0,0,1,1
2026-08-10 15:00:00,2747.0,29.85,0.3365,74.045,23.1,84.5,1010.5,5.335,0,0,-0.7071067811865471,-0.7071067811865479,0.0,1.0,405.9122124594624,75.51727721196325,0,0,0,0
2026-08-10 16:00:00,2398.0,33.2,0.261,72.89,23.1,84.0,1011.0,5.23,0,0,-0.8660254037844385,-0.5000000000000004,0.0,1.0,405.9122124594624,75.51727721196325,0,0,1,1
2026-08-10 17:00:00,6592.0,23.9,0.469,81.94,23.1,84.0,1012.0,5.76,0,1,-0.9659258262890683,-0.25881904510252063,0.0,1.0,405.9122124594624,75.51727721196325,0,0,1,1
2026-08-10 18:00:00,7263.0,6.8,0.85,85.41,22.6,85.0,1011.0,5.13,0,1,-1.0,-1.8369701987210297e-16,0.0,1.0,405.9122124594624,75.51727721196325,0,0,1,1
2026-08-10 19:00:00,7343.0,8.0,0.823,85.24,22.6,86.0,1011.0,5.44,0,1,-0.9659258262890684,0.2588190451025203,0.0,1.0,405.9122124594624,75.51727721196325,0,0,1,1
2026-08-10 20:00:00,7217.0,5.8,0.87,85.54,22.1,87.0,1011.0,5.62,0,1,-0.8660254037844386,0.5000000000000001,0.0,1.0,405.9122124594624,75.51727721196325,0,0,1,1
2026-08-10 21:00:00,2596.0,27.8,0.382,74.2,22.1,87.0,1010.0,5.51,0,0,-0.7071067811865477,0.7071067811865474,0.0,1.0,405.9122124594624,75.51727721196325,0,0,1,1
2026-08-10 22:00:00,2754.0,33.4,0.258,73.46,21.5,87.0,1010.0,5.14,0,0,-0.5000000000000004,0.8660254037844384,0.0,1.0,405.9122124594624,75.51727721196325,0,0,1,1
2026-08-10 23:00:00,2941.0,28.4,0.37,74.64,21.5,88.0,1010.0,5.26,0,0,-0.25881904510252157,0.9659258262890681,0.0,1.0,405.9122124594624,75.51727721196325,0,0,1,1
2026-08-11 00:00:00,2786.0,27.5,0.39,74.57,21.5,86.0,1009.0,5.04,0,0,0.0,1.0,0.7818314824680298,0.6234898018587336,405.9122124594624,75.51727721196325,0,0,1,1
2026-08-11 01:00:00,2743.5,30.65,0.3195,73.94,21.75,85.5,1010.0,5.575,0,0,0.25881904510252074,0.9659258262890683,0.7818314824680298,0.6234898018587336,405.9122124594624,75.51727721196325,0,0,0,0
2026-08-11 02:00:00,2701.0,33.8,0.249,73.31,22.0,85.0,1011.0,6.11,0,0,0.49999999999999994,0.8660254037844387,0.7818314824680298,0.6234898018587336,405.9122124594624,75.51727721196325,0,0,1,1
2026-08-11 03:00:00,2863.0,29.9,0.33599999999999997,74.25,22.65,82.0,1011.0,6.1850000000000005,0,0,0.7071067811865476,0.7071067811865476,0.7818314824680298,0.6234898018587336,405.9122124594624,75.51727721196325,0,0,0,0
2026-08-11 04:00:00,3025.0,26.0,0.423,75.19,23.3,79.0,1011.0,6.26,0,0,0.8660254037844386,0.5000000000000001,0.7818314824680298,0.6234898018587336,405.9122124594624,75.51727721196325,0,0,1,1
2026-08-11 05:00:00,3211.0,24.3,0.459,75.74,28.2,62.0,1009.0,6.43,0,0,0.9659258262890683,0.25881904510252074,0.7818314824680298,0.6234898018587336,405.9122124594624,75.51727721196325,0,0,1,1
2026-08-11 06:00:00,5034.5,20.4,0.5465,79.58500000000001,28.25,62.0,1009.0,6.46,0,0,1.0,6.123233995736766e-17,0.7818314824680298,0.6234898018587336,405.9122124594624,75.51727721196325,0,0,0,0
2026-08-11 07:00:00,6858.0,16.5,0.634,83.43,28.3,62.0,1009.0,6.49,0,1,0.9659258262890683,-0.25881904510252063,0.7818314824680298,0.6234898018587336,405.9122124594624,75.51727721196325,0,0,1,1
2026-08-11 08:00:00,6869.0,17.2,0.618,83.31,29.0,55.0,1006.0,6.67,0,1,0.8660254037844387,-0.4999999999999998,0.7818314824680298,0.6234898018587336,405.9122124594624,75.51727721196325,0,0,1,1
2026-08-11 09:00:00,6963.0,17.6,0.609,83.3,29.4,54.0,1007.0,6.1,0,1,0.7071067811865476,-0.7071067811865475,0.7818314824680298,0.6234898018587336,405.9122124594624,75.51727721196325,0,0,1,1
2026-08-11 10:00:00,7205.0,8.7,0.806,85.02,28.9,57.0,1006.0,5.27,0,1,0.49999999999999994,-0.8660254037844387,0.7818314824680298,0.6234898018587336,405.9122124594624,75.51727721196325,0,0,1,1
2026-08-11 11:00:00,2880.0,23.6,0.475,75.39,28.8,58.0,1007.0,4.52,0,0,0.258819045102521,-0.9659258262890682,0.7818314824680298,0.6234898018587336,405.9122124594624,75.51727721196325,0,0,1,1
2026-08-11 12:00:00,3059.0,35.7,0.208,73.52,28.3,61.0,1007.0,5.15,0,0,1.2246467991473532e-16,-1.0,0.7818314824680298,0.6234898018587336,405.9122124594624,75.51727721196325,0,0,1,1
2026-08-11 13:00:00,3036.5,26.1,0.42100000000000004,75.19,27.1,66.0,1008.5,5.745,0,0,-0.2588190451025208,-0.9659258262890683,0.7818314824680298,0.6234898018587336,405.9122124594624,75.51727721196325,0,0,0,0
2026-08-11 14:00:00,3014.0,16.5,0.634,76.86,25.9,71.0,1010.0,6.34,0,0,-0.4999999999999997,-0.8660254037844388,0.7818314824680298,0.6234898018587336,405.9122124594624,75.51727721196325,0,0,1,1
2026-08-11 15:00:00,2557.0,18.1,0.598,75.86,23.7,78.0,1011.0,7.04,0,0,-0.7071067811865471,-0.7071067811865479,0.7818314824680298,0.6234898018587336,405.9122124594624,75.51727721196325,0,0,1,1
2026-08-11 16:00:00,3000.0,33.4,0.257,73.83,24.2,75.0,1012.0,6.55,0,0,-0.8660254037844385,-0.5000000000000004,0.7818314824680298,0.6234898018587336,405.9122124594624,75.51727721196325,0,0,1,1
2026-08-11 17:00:00,7075.0,6.4,0.858,85.36,23.7,77.0,1013.0,6.79,0,1,-0.9659258262890683,-0.25881904510252063,0.7818314824680298,0.6234898018587336,405.9122124594624,75.51727721196325,0,0,1,1
2026-08-11 18:00:00,7120.0,6.6,0.853,85.35,22.8,82.0,1012.0,6.45,0,1,-1.0,-1.8369701987210297e-16,0.7818314824680298,0.6234898018587336,405.9122124594624,75.51727721196325,0,0,1,1
2026-08-11 19:00:00,7092.0,5.0,0.889,85.62,22.3,83.0,1010.0,6.29,0,1,-0.9659258262890684,0.2588190451025203,0.7818314824680298,0.6234898018587336,405.9122124594624,75.51727721196325,0,0,1,1
2026-08-11 20:00:00,6817.0,22.9,0.491,82.26,22.6,82.0,1010.0,6.17,0,1,-0.8660254037844386,0.5000000000000001,0.7818314824680298,0.6234898018587336,405.9122124594624,75.51727721196325,0,0,1,1
2026-08-11 21:00:00,2798.0,28.8,0.36,74.35,22.0,83.0,1009.0,6.07,0,0,-0.7071067811865477,0.7071067811865474,0.7818314824680298,0.6234898018587336,405.9122124594624,75.51727721196325,0,0,1,1
2026-08-11 22:00:00,2473.0,39.5,0.121,71.9,21.5,84.0,1009.0,6.07,0,0,-0.5000000000000004,0.8660254037844384,0.7818314824680298,0.6234898018587336,405.9122124594624,75.51727721196325,0,0,1,1
2026-08-11 23:00:00,770.0,44.0,0.022,66.04,21.5,84.0,1010.0,5.73,0,0,-0.25881904510252157,0.9659258262890681,0.7818314824680298,0.6234898018587336,405.9122124594624,75.51727721196325,0,0,1,1
2026-08-12 00:00:00,1740.5,38.1,0.15349999999999997,69.825,21.5,84.5,1010.5,6.3100000000000005,0,0,0.0,1.0,0.9749279121818236,-0.22252093395631434,405.9122124594624,75.51727721196325,0,0,0,0
2026-08-12 01:00:00,2711.0,32.2,0.285,73.61,21.5,85.0,1011.0,6.89,0,0,0.25881904510252074,0.9659258262890683,0.9749279121818236,-0.22252093395631434,405.9122124594624,75.51727721196325,0,0,1,1
2026-08-12 02:00:00,2712.6666666666665,31.06666666666667,0.31,73.81333333333333,22.933333333333334,80.66666666666667,1011.3333333333334,7.046666666666667,0,0,0.49999999999999994,0.8660254037844387,0.9749279121818236,-0.22252093395631434,405.9122124594624,75.51727721196325,0,0,0,0
2026-08-12 03:00:00,2714.3333333333335,29.933333333333334,0.33499999999999996,74.01666666666667,24.366666666666667,76.33333333333333,1011.6666666666666,7.203333333333333,0,0,0.7071067811865476,0.7071067811865476,0.9749279121818236,-0.22252093395631434,405.9122124594624,75.51727721196325,0,0,0,0
2026-08-12 04:00:00,2716.0,28.8,0.36,74.22,25.8,72.0,1012.0,7.36,0,0,0.8660254037844386,0.5000000000000001,0.9749279121818236,-0.22252093395631434,405.9122124594624,75.51727721196325,0,0,1,1
2026-08-12 05:00:00,3347.0,25.2,0.44,75.77,28.3,62.0,1011.0,7.43,0,0,0.9659258262890683,0.25881904510252074,0.9749279121818236,-0.22252093395631434,405.9122124594624,75.51727721196325,0,0,1,1
2026-08-12 06:00:00,5192.5,15.35,0.6585,80.63,28.450000000000003,61.0,1011.0,7.14,0,0,1.0,6.123233995736766e-17,0.9749279121818236,-0.22252093395631434,405.9122124594624,75.51727721196325,0,0,0,0
2026-08-12 07:00:00,7038.0,5.5,0.877,85.49,28.6,60.0,1011.0,6.85,0,1,0.9659258262890683,-0.25881904510252063,0.9749279121818236,-0.22252093395631434,405.9122124594624,75.51727721196325,0,0,1,1
2026-08-12 08:00:00,6641.0,15.7,0.651,83.43,28.7,58.0,1008.0,6.17,0,1,0.8660254037844387,-0.4999999999999998,0.9749279121818236,-0.22252093395631434,405.9122124594624,75.51727721196325,0,0,1,1
2026-08-12 09:00:00,6675.5,15.1,0.664,83.555,28.799999999999997,58.0,1007.5,5.654999999999999,0,1,0.7071067811865476,-0.7071067811865475,0.9749279121818236,-0.22252093395631434,405.9122124594624,75.51727721196325,0,0,0,0
2026-08-12 10:00:00,6710.0,14.5,0.677,83.68,28.9,58.0,1007.0,5.14,0,1,0.49999999999999994,-0.8660254037844387,0.9749279121818236,-0.22252093395631434,405.9122124594624,75.51727721196325,0,0,1,1
2026-08-12 11:00:00,2626.0,25.6,0.431,74.64,28.8,59.0,1008.0,5.14,0,0,0.258819045102521,-0.9659258262890682,0.9749279121818236,-0.22252093395631434,405.9122124594624,75.51727721196325,0,0,1,1
2026-08-12 12:00:00,3210.0,25.0,0.444,75.62,28.6,62.0,1009.0,4.12,0,0,1.2246467991473532e-16,-1.0,0.9749279121818236,-0.22252093395631434,405.9122124594624,75.51727721196325,0,0,1,1
2026-08-12 13:00:00,2874.0,29.2,0.35,74.38,28.4,62.0,1011.0,5.7,0,0,-0.2588190451025208,-0.9659258262890683,0.9749279121818236,-0.22252093395631434,405.9122124594624,75.51727721196325,0,0,1,1
2026-08-12 14:00:00,2987.0,27.8,0.383,74.82,28.0,64.0,1012.0,6.49,0,0,-0.4999999999999997,-0.8660254037844388,0.9749279121818236,-0.22252093395631434,405.9122124594624,75.51727721196325,0,0,1,1
2026-08-12 15:00:00,2770.5,28.450000000000003,0.368,74.36,26.05,71.5,1013.0,5.8149999999999995,0,0,-0.7071067811865471,-0.7071067811865479,0.9749279121818236,-0.22252093395631434,405.9122124594624,75.51727721196325,0,0,0,0
2026-08-12 16:00:00,2554.0,29.1,0.353,73.9,24.1,79.0,1014.0,5.14,0,0,-0.8660254037844385,-0.5000000000000004,0.9749279121818236,-0.22252093395631434,405.9122124594624,75.51727721196325,0,0,1,1
2026-08-12 17:00:00,7303.0,5.6,0.876,85.64,23.3,82.0,1015.0,4.12,0,1,-0.9659258262890683,-0.25881904510252063,0.9749279121818236,-0.22252093395631434,405.9122124594624,75.51727721196325,0,0,1,1
2026-08-12 18:00:00,7413.0,5.9,0.868,85.64,23.3,81.0,1014.0,6.33,0,1,-1.0,-1.8369701987210297e-16,0.9749279121818236,-0.22252093395631434,405.9122124594624,75.51727721196325,0,0,1,1
2026-08-12 19:00:00,7293.0,7.5,0.833,85.29,22.9,83.0,1013.0,4.63,0,1,-0.9659258262890684,0.2588190451025203,0.9749279121818236,-0.22252093395631434,405.9122124594624,75.51727721196325,0,0,1,1
2026-08-12 20:00:00,7044.0,9.1,0.797,84.85,22.6,81.0,1011.0,6.06,0,1,-0.8660254037844386,0.5000000000000001,0.9749279121818236,-0.22252093395631434,405.9122124594624,75.51727721196325,0,0,1,1
2026-08-12 21:00:00,2978.0,30.6,0.321,74.31,22.5,81.0,1011.0,5.98,0,0,-0.7071067811865477,0.7071067811865474,0.9749279121818236,-0.22252093395631434,405.9122124594624,75.51727721196325,0,0,1,1
2026-08-12 22:00:00,3176.0,31.9,0.292,74.35,21.4,89.0,1012.0,4.12,0,0,-0.5000000000000004,0.8660254037844384,0.9749279121818236,-0.22252093395631434,405.9122124594624,75.51727721196325,0,0,1,1
2026-08-12 23:00:00,2479.0,36.4,0.192,72.48,21.4,89.0,1012.0,3.6,0,0,-0.25881904510252157,0.9659258262890681,0.9749279121818236,-0.22252093395631434,405.9122124594624,75.51727721196325,0,0,1,1
2026-08-13 00:00:00,2593.5,30.45,0.3235,73.725,21.4,89.0,1012.5,3.8600000000000003,0,0,0.0,1.0,0.43388373911755823,-0.900968867902419,405.9122124594624,75.51727721196325,0,0,0,0
2026-08-13 01:00:00,2708.0,24.5,0.455,74.97,21.4,89.0,1013.0,4.12,0,0,0.25881904510252074,0.9659258262890683,0.43388373911755823,-0.900968867902419,405.9122124594624,75.51727721196325,0,0,1,1
2026-08-13 02:00:00,2788.0,23.833333333333332,0.4703333333333333,75.21333333333334,22.5,84.66666666666667,1013.3333333333334,4.46,0,0,0.49999999999999994,0.8660254037844387,0.43388373911755823,-0.900968867902419,405.9122124594624,75.51727721196325,0,0,0,0
2026-08-13 03:00:00,2868.0,23.166666666666668,0.4856666666666667,75.45666666666666,23.599999999999998,80.33333333333333,1013.6666666666666,4.8,0,0,0.7071067811865476,0.7071067811865476,0.43388373911755823,-0.900968867902419,405.9122124594624,75.51727721196325,0,0,0,0
2026-08-13 04:00:00,2948.0,22.5,0.501,75.7,24.7,76.0,1014.0,5.14,0,0,0.8660254037844386,0.5000000000000001,0.43388373911755823,-0.900968867902419,405.9122124594624,75.51727721196325,0,0,1,1
2026-08-13 05:00:00,2554.0,22.2,0.507,75.13,26.6,69.0,1013.0,7.2,0,0,0.9659258262890683,0.25881904510252074,0.43388373911755823,-0.900968867902419,405.9122124594624,75.51727721196325,0,0,1,1
2026-08-13 06:00:00,4787.0,15.1,0.6645,80.08500000000001,27.700000000000003,63.5,1013.0,7.2,0,0,1.0,6.123233995736766e-17,0.43388373911755823,-0.900968867902419,405.9122124594624,75.51727721196325,0,0,0,0
2026-08-13 07:00:00,7020.0,8.0,0.822,85.04,28.8,58.0,1013.0,7.2,0,1,0.9659258262890683,-0.25881904510252063,0.43388373911755823,-0.900968867902419,405.9122124594624,75.51727721196325,0,0,1,1
2026-08-13 08:00:00,7101.0,6.6,0.853,85.34,29.2,57.0,1011.0,5.66,0,1,0.8660254037844387,-0.4999999999999998,0.43388373911755823,-0.900968867902419,405.9122124594624,75.51727721196325,0,0,1,1
2026-08-13 09:00:00,7090.5,8.649999999999999,0.808,84.97,32.2,56.0,1011.5,5.734999999999999,0,1,0.7071067811865476,-0.7071067811865475,0.43388373911755823,-0.900968867902419,405.9122124594624,75.51727721196325,0,0,0,0
2026-08-13 10:00:00,7080.0,10.7,0.763,84.6,35.2,55.0,1012.0,5.81,0,1,0.49999999999999994,-0.8660254037844387,0.43388373911755823,-0.900968867902419,405.9122124594624,75.51727721196325,0,0,1,1
2026-08-13 11:00:00,2607.0,22.6,0.499,75.15,29.4,58.0,1010.0,5.66,0,0,0.258819045102521,-0.9659258262890682,0.43388373911755823,-0.900968867902419,405.9122124594624,75.51727721196325,0,0,1,1
2026-08-13 12:00:00,2918.0,33.2,0.262,73.75,28.5,60.0,1011.0,4.63,0,0,1.2246467991473532e-16,-1.0,0.43388373911755823,-0.900968867902419,405.9122124594624,75.51727721196325,0,0,1,1
2026-08-13 13:00:00,2790.0,29.9,0.336,74.14,27.8,65.0,1011.0,5.2,0,0,-0.2588190451025208,-0.9659258262890683,0.43388373911755823,-0.900968867902419,405.9122124594624,75.51727721196325,0,0,1,1
2026-08-13 14:00:00,3005.0,29.6,0.343,74.52,23.4,86.0,1012.0,5.87,0,0,-0.4999999999999997,-0.8660254037844388,0.43388373911755823,-0.900968867902419,405.9122124594624,75.51727721196325,0,0,1,1
2026-08-13 15:00:00,2766.0,28.25,0.37300000000000005,74.38499999999999,23.25,86.0,1013.5,4.735,0,0,-0.7071067811865471,-0.7071067811865479,0.43388373911755823,-0.900968867902419,405.9122124594624,75.51727721196325,0,0,0,0
2026-08-13 16:00:00,2527.0,26.9,0.403,74.25,23.1,86.0,1015.0,3.6,0,0,-0.8660254037844385,-0.5000000000000004,0.43388373911755823,-0.900968867902419,405.9122124594624,75.51727721196325,0,0,1,1
2026-08-13 17:00:00,6844.0,14.9,0.669,83.71,23.6,81.0,1015.0,6.0,0,1,-0.9659258262890683,-0.25881904510252063,0.43388373911755823,-0.900968867902419,405.9122124594624,75.51727721196325,0,0,1,1
2026-08-13 18:00:00,7061.0,10.6,0.765,84.61,22.7,83.0,1013.0,5.68,0,1,-1.0,-1.8369701987210297e-16,0.43388373911755823,-0.900968867902419,405.9122124594624,75.51727721196325,0,0,1,1
2026-08-13 19:00:00,7000.0,15.9,0.646,83.62,22.2,85.0,1013.0,3.6,0,1,-0.9659258262890684,0.2588190451025203,0.43388373911755823,-0.900968867902419,405.9122124594624,75.51727721196325,0,0,1,1
2026-08-13 20:00:00,7351.0,8.9,0.803,85.09,22.5,82.0,1012.0,5.97,0,1,-0.8660254037844386,0.5000000000000001,0.43388373911755823,-0.900968867902419,405.9122124594624,75.51727721196325,0,0,1,1
2026-08-13 21:00:00,2535.0,24.6,0.453,74.66,21.4,89.0,1012.0,4.63,0,0,-0.7071067811865477,0.7071067811865474,0.43388373911755823,-0.900968867902419,405.9122124594624,75.51727721196325,0,0,1,1
2026-08-13 22:00:00,2446.0,28.6,0.364,73.8,22.0,84.0,1012.0,5.86,0,0,-0.5000000000000004,0.8660254037844384,0.43388373911755823,-0.900968867902419,405.9122124594624,75.51727721196325,0,0,1,1
2026-08-13 23:00:00,2964.0,25.1,0.443,75.26,21.4,84.0,1012.0,5.52,0,0,-0.25881904510252157,0.9659258262890681,0.43388373911755823,-0.900968867902419,405.9122124594624,75.51727721196325,0,0,1,1
2026-08-14 00:00:00,2964.0,28.85,0.359,74.59,21.299999999999997,86.5,1012.5,4.56,0,0,0.0,1.0,-0.433883739117558,-0.9009688679024191,405.9122124594624,75.51727721196325,0,0,0,0
2026-08-14 01:00:00,2964.0,32.6,0.275,73.92,21.2,89.0,1013.0,3.6,0,0,0.25881904510252074,0.9659258262890683,-0.433883739117558,-0.9009688679024191,405.9122124594624,75.51727721196325,0,0,1,1
2026-08-14 02:00:00,2965.3333333333335,29.96666666666667,0.33366666666666667,74.39,22.099999999999998,85.66666666666667,1013.6666666666666,4.286666666666667,0,0,0.49999999999999994,0.8660254037844387,-0.433883739117558,-0.9009688679024191,405.9122124594624,75.51727721196325,0,0,0,0
2026-08-14 03:00:00,2966.6666666666665,27.333333333333332,0.39233333333333337,74.86,23.0,82.33333333333333,1014.3333333333334,4.973333333333334,0,0,0.7071067811865476,0.7071067811865476,-0.433883739117558,-0.9009688679024191,405.9122124594624,75.51727721196325,0,0,0,0
2026-08-14 04:00:00,2968.0,24.7,0.451,75.33,23.9,79.0,1015.0,5.66,0,0,0.8660254037844386,0.5000000000000001,-0.433883739117558,-0.9009688679024191,405.9122124594624,75.51727721196325,0,0,1,1
2026-08-14 05:00:00,2871.0,28.0,0.378,74.6,26.4,69.0,1013.0,5.66,0,0,0.9659258262890683,0.25881904510252074,-0.433883739117558,-0.9009688679024191,405.9122124594624,75.51727721196325,0,0,1,1
2026-08-14 06:00:00,4947.0,19.9,0.558,79.485,27.049999999999997,66.5,1013.0,5.915,0,0,1.0,6.123233995736766e-17,-0.433883739117558,-0.9009688679024191,405.9122124594624,75.51727721196325,0,0,0,0
2026-08-14 07:00:00,7023.0,11.8,0.738,84.37,27.7,64.0,1013.0,6.17,0,1,0.9659258262890683,-0.25881904510252063,-0.433883739117558,-0.9009688679024191,405.9122124594624,75.51727721196325,0,0,1,1
2026-08-14 08:00:00,7181.0,5.9,0.869,85.51,29.4,57.0,1009.0,6.98,0,1,0.8660254037844387,-0.4999999999999998,-0.433883739117558,-0.9009688679024191,405.9122124594624,75.51727721196325,0,0,1,1
2026-08-14 09:00:00,7103.0,7.9,0.823,85.1,28.2,62.0,1010.0,4.12,0,1,0.7071067811865476,-0.7071067811865475,-0.433883739117558,-0.9009688679024191,405.9122124594624,75.51727721196325,0,0,1,1
2026-08-14 10:00:00,5062.0,20.15,0.5515,79.57,28.45,61.5,1010.5,4.63,0,1,0.49999999999999994,-0.8660254037844387,-0.433883739117558,-0.9009688679024191,405.9122124594624,75.51727721196325,0,0,0,0
2026-08-14 11:00:00,3021.0,32.4,0.28,74.04,28.7,61.0,1011.0,5.14,0,0,0.258819045102521,-0.9659258262890682,-0.433883739117558,-0.9009688679024191,405.9122124594624,75.51727721196325,0,0,1,1
2026-08-14 12:00:00,2975.0,24.8,0.448,75.32,27.9,63.0,1010.0,4.12,0,0,1.2246467991473532e-16,-1.0,-0.433883739117558,-0.9009688679024191,405.9122124594624,75.51727721196325,0,0,1,1
2026-08-14 13:00:00,2752.0,26.4,0.413,74.7,26.0,69.0,1011.0,4.12,0,0,-0.2588190451025208,-0.9659258262890683,-0.433883739117558,-0.9009688679024191,405.9122124594624,75.51727721196325,0,0,1,1
2026-08-14 14:00:00,2679.0,36.2,0.195,72.84,25.6,72.0,1012.0,5.14,0,0,-0.4999999999999997,-0.8660254037844388,-0.433883739117558,-0.9009688679024191,405.9122124594624,75.51727721196325,0,0,1,1
2026-08-14 15:00:00,2500.0,26.9,0.403,74.2,23.2,86.0,1013.0,2.06,0,0,-0.7071067811865471,-0.7071067811865479,-0.433883739117558,-0.9009688679024191,405.9122124594624,75.51727721196325,0,0,1,1
2026-08-14 16:00:00,2766.0,27.1,0.398,74.6,23.3,84.0,1013.0,6.52,0,0,-0.8660254037844385,-0.5000000000000004,-0.433883739117558,-0.9009688679024191,405.9122124594624,75.51727721196325,0,0,1,1
2026-08-14 17:00:00,7157.0,7.3,0.837,85.24,23.1,84.0,1013.0,4.12,0,1,-0.9659258262890683,-0.25881904510252063,-0.433883739117558,-0.9009688679024191,405.9122124594624,75.51727721196325,0,0,1,1
2026-08-14 18:00:00,6549.0,15.3,0.659,83.43,22.0,94.0,1013.0,5.14,0,1,-1.0,-1.8369701987210297e-16,-0.433883739117558,-0.9009688679024191,405.9122124594624,75.51727721196325,0,0,1,1
2026-08-14 19:00:00,6686.0,10.0,0.778,84.48,21.8,89.0,1012.0,5.14,0,1,-0.9659258262890684,0.2588190451025203,-0.433883739117558,-0.9009688679024191,405.9122124594624,75.51727721196325,0,0,1,1
2026-08-14 20:00:00,7183.0,6.699999999999999,0.8505,85.36500000000001,21.75,86.5,1012.5,4.63,0,1,-0.8660254037844386,0.5000000000000001,-0.433883739117558,-0.9009688679024191,405.9122124594624,75.51727721196325,0,0,1,1
2026-08-14 21:00:00,2738.0,31.05,0.31,73.85,21.4,84.0,1013.0,5.14,0,0,-0.7071067811865477,0.7071067811865474,-0.433883739117558,-0.9009688679024191,405.9122124594624,75.51727721196325,0,0,1,1
2026-08-14 22:00:00,2821.5,29.049999999999997,0.354,74.33500000000001,21.299999999999997,85.0,1013.0,4.885,0,0,-0.5000000000000004,0.8660254037844384,-0.433883739117558,-0.9009688679024191,405.9122124594624,75.51727721196325,0,0,1,1
2026-08-14 23:00:00,2793.0,28.15,0.374,74.44999999999999,20.6,89.5,1013.5,4.375,0,0,-0.25881904510252157,0.9659258262890681,-0.433883739117558,-0.9009688679024191,405.9122124594624,75.51727721196325,0,0,1,1
2026-08-15 00:00:00,1875.0,34.375,0.2355,71.02,20.5,89.25,1013.75,4.2475000000000005,1,0,0.0,1.0,-0.9749279121818236,-0.2225209339563146,405.9122124594624,75.51727721196325,0,0,0,0
2026-08-15 01:00:00,957.0,40.6,0.097,67.59,20.4,89.0,1014.0,4.12,1,0,0.25881904510252074,0.9659258262890683,-0.9749279121818236,-0.2225209339563146,405.9122124594624,75.51727721196325,0,0,1,1
2026-08-15 02:00:00,1569.0,37.9,0.158,70.22,21.4,85.0,1014.0,4.63,1,0,0.49999999999999994,0.8660254037844387,-0.9749279121818236,-0.2225209339563146,405.9122124594624,75.51727721196325,0,0,1,1
2026-08-15 03:00:00,1632.0,39.9,0.114,70.04,23.6,80.0,1014.0,5.66,1,0,0.7071067811865476,0.7071067811865476,-0.9749279121818236,-0.2225209339563146,405.9122124594624,75.51727721196325,0,0,1,1
2026-08-15 04:00:00,1401.5,40.85,0.0925,69.15,24.5,73.5,1014.5,6.945,1,0,0.8660254037844386,0.5000000000000001,-0.9749279121818236,-0.2225209339563146,405.9122124594624,75.51727721196325,0,0,1,1
2026-08-15 05:00:00,1394.0,40.65,0.102,70.46000000000001,26.15,67.0,1014.0,6.43,1,0,0.9659258262890683,0.25881904510252074,-0.9749279121818236,-0.2225209339563146,405.9122124594624,75.51727721196325,0,0,1,1
2026-08-15 06:00:00,1289.0,42.8,0.048,68.49,26.3,67.0,1012.0,6.69,1,0,1.0,6.123233995736766e-17,-0.9749279121818236,-0.2225209339563146,405.9122124594624,75.51727721196325,0,0,1,1
2026-08-15 07:00:00,1473.0,40.75,0.095,69.435,28.1,58.0,1012.0,6.6850000000000005,1,0,0.9659258262890683,-0.25881904510252063,-0.9749279121818236,-0.2225209339563146,405.9122124594624,75.51727721196325,0,0,1,1
2026-08-15 08:00:00,1291.5,37.7,0.162,69.37,28.7,55.0,1011.5,7.205,1,0,0.8660254037844387,-0.4999999999999998,-0.9749279121818236,-0.2225209339563146,405.9122124594624,75.51727721196325,0,0,1,1
2026-08-15 09:00:00,1265.0,42.25,0.061,68.50999999999999,29.049999999999997,53.0,1011.0,5.915,1,0,0.7071067811865476,-0.7071067811865475,-0.9749279121818236,-0.2225209339563146,405.9122124594624,75.51727721196325,0,0,1,1
2026-08-15 10:00:00,1215.5,39.0,0.134,68.83500000000001,28.5,55.0,1010.5,5.915,1,0,0.49999999999999994,-0.8660254037844387,-0.9749279121818236,-0.2225209339563146,405.9122124594624,75.51727721196325,0,0,1,1
2026-08-15 11:00:00,1269.0,38.9,0.1365,69.10499999999999,28.0,56.0,1010.5,5.14,1,0,0.258819045102521,-0.9659258262890682,-0.9749279121818236,-0.2225209339563146,405.9122124594624,75.51727721196325,0,0,1,1
2026-08-15 12:00:00,1207.0,39.2,0.13,68.86,27.8,57.0,1010.0,6.17,1,0,1.2246467991473532e-16,-1.0,-0.9749279121818236,-0.2225209339563146,405.9122124594624,75.51727721196325,0,0,1,1
2026-08-15 13:00:00,1696.5,42.0,0.067,69.81,26.45,60.5,1011.5,4.890000000000001,1,0,-0.2588190451025208,-0.9659258262890683,-0.9749279121818236,-0.2225209339563146,405.9122124594624,75.51727721196325,0,0,1,1
2026-08-15 14:00:00,1269.0,43.7,0.029500000000000002,68.24000000000001,25.55,63.0,1012.5,3.09,1,0,-0.4999999999999997,-0.8660254037844388,-0.9749279121818236,-0.2225209339563146,405.9122124594624,75.51727721196325,0,0,1,1
2026-08-15 15:00:00,1401.5,39.7,0.117,69.4,24.450000000000003,70.0,1013.0,3.09,1,0,-0.7071067811865471,-0.7071067811865479,-0.9749279121818236,-0.2225209339563146,405.9122124594624,75.51727721196325,0,0,1,1
2026-08-15 16:00:00,1304.5,40.8,0.0935,68.89500000000001,23.65,74.0,1014.0,5.145,1,0,-0.8660254037844385,-0.5000000000000004,-0.9749279121818236,-0.2225209339563146,405.9122124594624,75.51727721196325,0,0,1,1
2026-08-15 17:00:00,1642.0,39.25,0.1285,70.175,23.200000000000003,76.0,1014.5,4.63,1,0,-0.9659258262890683,-0.25881904510252063,-0.9749279121818236,-0.2225209339563146,405.9122124594624,75.51727721196325,0,0,1,1
2026-08-15 18:00:00,1500.0,43.3,0.0485,70.34,22.799999999999997,78.5,1013.5,4.12,1,0,-1.0,-1.8369701987210297e-16,-0.9749279121818236,-0.2225209339563146,405.9122124594624,75.51727721196325,0,0,1,1
2026-08-15 19:00:00,1440.5,40.349999999999994,0.10400000000000001,69.41499999999999,22.2,82.0,1012.5,5.14,1,0,-0.9659258262890684,0.2588190451025203,-0.9749279121818236,-0.2225209339563146,405.9122124594624,75.51727721196325,0,0,1,1
2026-08-15 20:00:00,1268.0,38.05,0.155,69.235,21.45,84.0,1012.5,5.14,1,0,-0.8660254037844386,0.5000000000000001,-0.9749279121818236,-0.2225209339563146,405.9122124594624,75.51727721196325,0,0,1,1
2026-08-15 21:00:00,1427.5,36.9,0.18,69.985,21.299999999999997,84.0,1012.0,5.14,1,0,-0.7071067811865477,0.7071067811865474,-0.9749279121818236,-0.2225209339563146,405.9122124594624,75.51727721196325,0,0,1,1
2026-08-15 22:00:00,1261.0,38.65,0.14100000000000001,69.1,21.2,84.5,1012.0,4.885,1,0,-0.5000000000000004,0.8660254037844384,-0.9749279121818236,-0.2225209339563146,405.9122124594624,75.51727721196325,0,0,1,1
2026-08-15 23:00:00,1574.0,39.1,0.1305,70.015,21.2,85.0,1012.5,4.12,1,0,-0.25881904510252157,0.9659258262890681,-0.9749279121818236,-0.2225209339563146,405.9122124594624,75.51727721196325,0,0,1,1
2026-08-16 00:00:00,1465.5,42.1,0.06525,70.3725,20.799999999999997,87.0,1012.75,4.63,1,0,0.0,1.0,-0.7818314824680299,0.6234898018587334,405.9122124594624,75.51727721196325,0,0,0,0
2026-08-16 01:00:00,1357.0,45.1,0.0,70.73,20.4,89.0,1013.0,5.14,1,0,0.25881904510252074,0.9659258262890683,-0.7818314824680299,0.6234898018587334,405.9122124594624,75.51727721196325,0,0,1,1
2026-08-16 02:00:00,1739.0,37.6,0.164,70.71,22.8,81.0,1013.0,5.14,1,0,0.49999999999999994,0.8660254037844387,-0.7818314824680299,0.6234898018587334,405.9122124594624,75.51727721196325,0,0,1,1
2026-08-16 03:00:00,1614.0,38.2,0.151,70.29,23.7,77.0,1013.0,5.14,1,0,0.7071067811865476,0.7071067811865476,-0.7818314824680299,0.6234898018587334,405.9122124594624,75.51727721196325,0,0,1,1
2026-08-16 04:00:00,1080.0,41.3,0.082,67.99,25.0,74.0,1013.0,5.66,1,0,0.8660254037844386,0.5000000000000001,-0.7818314824680299,0.6234898018587334,405.9122124594624,75.51727721196325,0,0,1,1
2026-08-16 05:00:00,1559.5,39.85,0.115,69.84,27.3,63.0,1013.0,6.945,1,0,0.9659258262890683,0.25881904510252074,-0.7818314824680299,0.6234898018587334,405.9122124594624,75.51727721196325,0,0,1,1
2026-08-16 06:00:00,1685.0,39.3,0.127,70.28,27.1,62.0,1012.0,6.17,1,0,1.0,6.123233995736766e-17,-0.7818314824680299,0.6234898018587334,405.9122124594624,75.51727721196325,0,0,1,1
2026-08-16 07:00:00,1291.0,39.95,0.1125,68.995,28.8,56.0,1011.5,6.43,1,0,0.9659258262890683,-0.25881904510252063,-0.7818314824680299,0.6234898018587334,405.9122124594624,75.51727721196325,0,0,1,1
2026-08-16 08:00:00,1349.0,40.95,0.0895,68.93,29.15,54.5,1010.5,6.43,1,0,0.8660254037844387,-0.4999999999999998,-0.7818314824680299,0.6234898018587334,405.9122124594624,75.51727721196325,0,0,1,1
2026-08-16 09:00:00,1286.0,39.1,0.131,69.08500000000001,29.15,54.0,1009.0,5.654999999999999,1,0,0.7071067811865476,-0.7071067811865475,-0.7818314824680299,0.6234898018587334,405.9122124594624,75.51727721196325,0,0,1,1
2026-08-16 10:00:00,1447.5,39.599999999999994,0.1205,69.565,29.1,53.0,1010.0,5.145,1,0,0.49999999999999994,-0.8660254037844387,-0.7818314824680299,0.6234898018587334,405.9122124594624,75.51727721196325,0,0,1,1
2026-08-16 11:00:00,1016.5,40.25,0.10600000000000001,67.92,28.549999999999997,56.5,1010.5,5.66,1,0,0.258819045102521,-0.9659258262890682,-0.7818314824680299,0.6234898018587334,405.9122124594624,75.51727721196325,0,0,1,1
2026-08-16 12:00:00,1545.0,37.9,0.157,70.15,27.5,63.0,1010.0,4.63,1,0,1.2246467991473532e-16,-1.0,-0.7818314824680299,0.6234898018587334,405.9122124594624,75.51727721196325,0,0,1,1
2026-08-16 13:00:00,1482.0,43.7,0.045,70.24,26.950000000000003,63.5,1011.5,4.375,1,0,-0.2588190451025208,-0.9659258262890683,-0.7818314824680299,0.6234898018587334,405.9122124594624,75.51727721196325,0,0,1,1
2026-08-16 14:00:00,1396.5,36.25,0.194,70.005,26.299999999999997,66.5,1012.5,2.83,1,0,-0.4999999999999997,-0.8660254037844388,-0.7818314824680299,0.6234898018587334,405.9122124594624,75.51727721196325,0,0,1,1
2026-08-16 15:00:00,1207.0,43.05,0.043,68.16,25.9,67.5,1013.5,3.8600000000000003,1,0,-0.7071067811865471,-0.7071067811865479,-0.7818314824680299,0.6234898018587334,405.9122124594624,75.51727721196325,0,0,1,1
2026-08-16 16:00:00,1334.0,41.0,0.08900000000000001,68.92500000000001,24.65,73.5,1014.5,3.605,1,0,-0.8660254037844385,-0.5000000000000004,-0.7818314824680299,0.6234898018587334,405.9122124594624,75.51727721196325,0,0,1,1
2026-08-16 17:00:00,1341.5,42.75,0.054,69.905,24.0,76.0,1015.0,4.63,1,0,-0.9659258262890683,-0.25881904510252063,-0.7818314824680299,0.6234898018587334,405.9122124594624,75.51727721196325,0,0,1,1
2026-08-16 18:00:00,1416.5,40.849999999999994,0.092,69.23,23.3,79.0,1013.5,3.3449999999999998,1,0,-1.0,-1.8369701987210297e-16,-0.7818314824680299,0.6234898018587334,405.9122124594624,75.51727721196325,0,0,1,1
2026-08-16 19:00:00,1440.5,41.4,0.08,69.22,23.15,79.0,1014.0,4.63,1,0,-0.9659258262890684,0.2588190451025203,-0.7818314824680299,0.6234898018587334,405.9122124594624,75.51727721196325,0,0,1,1
2026-08-16 20:00:00,1482.0,36.65,0.185,70.185,22.299999999999997,81.0,1013.0,4.115,1,0,-0.8660254037844386,0.5000000000000001,-0.7818314824680299,0.6234898018587334,405.9122124594624,75.51727721196325,0,0,1,1
2026-08-16 21:00:00,1351.0,38.3,0.14850000000000002,69.43,22.1,80.5,1013.0,4.63,1,0,-0.7071067811865477,0.7071067811865474,-0.7818314824680299,0.6234898018587334,405.9122124594624,75.51727721196325,0,0,1,1
2026-08-16 22:00:00,1664.0,43.599999999999994,0.0315,69.455,21.7,84.0,1012.0,4.965,1,0,-0.5000000000000004,0.8660254037844384,-0.7818314824680299,0.6234898018587334,405.9122124594624,75.51727721196325,0,0,1,1
2026-08-16 23:00:00,1358.5,40.25,0.1215,70.5,21.2,88.5,1013.0,4.63,1,0,-0.25881904510252157,0.9659258262890681,-0.7818314824680299,0.6234898018587334,405.9122124594624,75.51727721196325,0,0,1,1
2026-08-17 00:00:00,2101.25,35.325,0.22325,72.32,21.2,88.75,1013.5,4.885,0,0,0.0,1.0,0.0,1.0,405.9122124594624,75.51727721196325,0,0,0,0
2026-08-17 01:00:00,2844.0,30.4,0.325,74.14,21.2,89.0,1014.0,5.14,0,0,0.25881904510252074,0.9659258262890683,0.0,1.0,405.9122124594624,75.51727721196325,0,0,1,1
2026-08-17 02:00:00,2996.0,25.0,0.445,75.33,22.5,82.0,1014.0,4.12,0,0,0.49999999999999994,0.8660254037844387,0.0,1.0,405.9122124594624,75.51727721196325,0,0,1,1
2026-08-17 03:00:00,2459.0,34.5,0.233,72.77,24.7,72.0,1014.0,6.69,0,0,0.7071067811865476,0.7071067811865476,0.0,1.0,405.9122124594624,75.51727721196325,0,0,1,1
2026-08-17 04:00:00,2835.0,23.6,0.475,75.33,25.7,66.0,1014.0,5.66,0,0,0.8660254037844386,0.5000000000000001,0.0,1.0,405.9122124594624,75.51727721196325,0,0,1,1
2026-08-17 05:00:00,2530.0,30.9,0.313,73.54,26.8,62.0,1013.0,6.69,0,0,0.9659258262890683,0.25881904510252074,0.0,1.0,405.9122124594624,75.51727721196325,0,0,1,1
2026-08-17 06:00:00,2405.0,26.0,0.422,74.19,27.1,61.0,1013.0,5.14,0,0,1.0,6.123233995736766e-17,0.0,1.0,405.9122124594624,75.51727721196325,0,0,1,1
2026-08-17 07:00:00,7096.0,7.8,0.827,85.13,28.8,55.0,1012.0,6.69,0,1,0.9659258262890683,-0.25881904510252063,0.0,1.0,405.9122124594624,75.51727721196325,0,0,1,1
2026-08-17 08:00:00,7368.0,8.0,0.822,85.25,28.6,54.0,1010.0,4.12,0,1,0.8660254037844387,-0.4999999999999998,0.0,1.0,405.9122124594624,75.51727721196325,0,0,1,1
2026-08-17 09:00:00,6952.0,12.5,0.721,84.19,28.6,55.0,1009.0,5.14,0,1,0.7071067811865476,-0.7071067811865475,0.0,1.0,405.9122124594624,75.51727721196325,0,0,1,1
2026-08-17 10:00:00,7199.5,15.55,0.6555,83.81,28.2,56.5,1009.5,5.654999999999999,0,1,0.49999999999999994,-0.8660254037844387,0.0,1.0,405.9122124594624,75.51727721196325,0,0,1,1
2026-08-17 11:00:00,2613.0,24.6,0.453,74.8,27.4,60.0,1011.0,6.17,0,0,0.258819045102521,-0.9659258262890682,0.0,1.0,405.9122124594624,75.51727721196325,0,0,1,1
2026-08-17 12:00:00,2716.0,28.0,0.378,74.36,27.5,60.0,1011.0,3.6,0,0,1.2246467991473532e-16,-1.0,0.0,1.0,405.9122124594624,75.51727721196325,0,0,1,1
2026-08-17 13:00:00,2701.0,35.4,0.214,73.03,26.3,67.0,1012.0,2.57,0,0,-0.2588190451025208,-0.9659258262890683,0.0,1.0,405.9122124594624,75.51727721196325,0,0,1,1
2026-08-17 14:00:00,2791.0,27.6,0.38749999999999996,74.56,25.1,73.5,1013.5,4.115,0,0,-0.4999999999999997,-0.8660254037844388,0.0,1.0,405.9122124594624,75.51727721196325,0,0,1,1
2026-08-17 15:00:00,2905.5,24.5,0.4555,75.275,24.1,78.0,1014.5,4.12,0,0,-0.7071067811865471,-0.7071067811865479,0.0,1.0,405.9122124594624,75.51727721196325,0,0,1,1
2026-08-17 16:00:00,2765.0,26.95,0.401,74.625,23.1,81.0,1015.5,4.885,0,0,-0.8660254037844385,-0.5000000000000004,0.0,1.0,405.9122124594624,75.51727721196325,0,0,1,1
2026-08-17 17:00:00,7352.0,7.9,0.825,85.265,22.950000000000003,81.0,1016.0,4.885,0,1,-0.9659258262890683,-0.25881904510252063,0.0,1.0,405.9122124594624,75.51727721196325,0,0,1,1
2026-08-17 18:00:00,7345.0,8.2,0.817,85.2,22.6,84.0,1015.0,4.63,0,1,-1.0,-1.8369701987210297e-16,0.0,1.0,405.9122124594624,75.51727721196325,0,0,1,1
2026-08-17 19:00:00,7185.5,8.75,0.8055,85.00999999999999,22.25,81.5,1014.5,3.6,0,1,-0.9659258262890684,0.2588190451025203,0.0,1.0,405.9122124594624,75.51727721196325,0,0,1,1
2026-08-17 20:00:00,6902.5,8.95,0.8015,84.8,22.1,81.0,1014.0,3.8600000000000003,0,1,-0.8660254037844386,0.5000000000000001,0.0,1.0,405.9122124594624,75.51727721196325,0,0,1,1
2026-08-17 21:00:00,2797.5,25.6,0.432,74.91999999999999,21.7,82.5,1014.0,3.8600000000000003,0,0,-0.7071067811865477,0.7071067811865474,0.0,1.0,405.9122124594624,75.51727721196325,0,0,1,1
2026-08-17 22:00:00,2900.0,28.7,0.3615,74.515,21.4,84.0,1013.5,4.375,0,0,-0.5000000000000004,0.8660254037844384,0.0,1.0,405.9122124594624,75.51727721196325,0,0,1,1
2026-08-17 23:00:00,2894.0,26.6,0.4095,74.89,21.2,85.0,1014.0,4.375,0,0,-0.25881904510252157,0.9659258262890681,0.0,1.0,405.9122124594624,75.51727721196325,0,0,1,1
2026-08-18 00:00:00,2677.5,30.5,0.32325,73.85,21.2,85.0,1014.5,3.9875,0,0,0.0,1.0,0.7818314824680298,0.6234898018587336,405.9122124594624,75.51727721196325,0,0,0,0
2026-08-18 01:00:00,2461.0,34.4,0.237,72.81,21.2,85.0,1015.0,3.6,0,0,0.25881904510252074,0.9659258262890683,0.7818314824680298,0.6234898018587336,405.9122124594624,75.51727721196325,0,0,1,1
2026-08-18 02:00:00,2563.0,21.7,0.517,75.22,22.3,84.0,1015.0,5.14,0,0,0.49999999999999994,0.8660254037844387,0.7818314824680298,0.6234898018587336,405.9122124594624,75.51727721196325,0,0,1,1
2026-08-18 03:00:00,2802.0,25.1,0.442,75.01,24.5,72.0,1015.0,5.14,0,0,0.7071067811865476,0.7071067811865476,0.7818314824680298,0.6234898018587336,405.9122124594624,75.51727721196325,0,0,1,1
2026-08-18 04:00:00,2978.0,29.0,0.355,74.58,25.2,70.0,1015.0,4.12,0,0,0.8660254037844386,0.5000000000000001,0.7818314824680298,0.6234898018587336,405.9122124594624,75.51727721196325,0,0,1,1
2026-08-18 05:00:00,3194.0,29.4,0.347,74.81,26.950000000000003,63.0,1015.0,5.654999999999999,0,0,0.9659258262890683,0.25881904510252074,0.7818314824680298,0.6234898018587336,405.9122124594624,75.51727721196325,0,0,1,1
2026-08-18 06:00:00,2757.0,28.8,0.36,74.28,29.1,55.0,1012.0,6.69,0,0,1.0,6.123233995736766e-17,0.7818314824680298,0.6234898018587336,405.9122124594624,75.51727721196325,0,0,1,1
2026-08-18 07:00:00,7143.0,7.1,0.841,85.27,29.7,52.0,1010.0,4.12,0,1,0.9659258262890683,-0.25881904510252063,0.7818314824680298,0.6234898018587336,405.9122124594624,75.51727721196325,0,0,1,1
2026-08-18 08:00:00,7125.0,7.9,0.825,85.13,29.9,52.0,1010.0,5.66,0,1,0.8660254037844387,-0.4999999999999998,0.7818314824680298,0.6234898018587336,405.9122124594624,75.51727721196325,0,0,1,1
2026-08-18 09:00:00,6772.0,15.4,0.658,83.57,30.1,51.0,1011.0,4.63,0,1,0.7071067811865476,-0.7071067811865475,0.7818314824680298,0.6234898018587336,405.9122124594624,75.51727721196325,0,0,1,1
2026-08-18 10:00:00,7173.5,7.6,0.8314999999999999,85.21000000000001,30.200000000000003,51.0,1011.0,3.86,0,1,0.49999999999999994,-0.8660254037844387,0.7818314824680298,0.6234898018587336,405.9122124594624,75.51727721196325,0,0,1,1
2026-08-18 11:00:00,2758.0,30.05,0.33299999999999996,74.065,29.75,53.5,1011.5,3.3449999999999998,0,0,0.258819045102521,-0.9659258262890682,0.7818314824680298,0.6234898018587336,405.9122124594624,75.51727721196325,0,0,1,1
2026-08-18 12:00:00,2840.0,28.9,0.357,74.39,28.8,56.0,1011.0,4.12,0,0,1.2246467991473532e-16,-1.0,0.7818314824680298,0.6234898018587336,405.9122124594624,75.51727721196325,0,0,1,1
2026-08-18 13:00:00,2969.0,25.4,0.436,75.21,28.0,57.0,1012.0,3.09,0,0,-0.2588190451025208,-0.9659258262890683,0.7818314824680298,0.6234898018587336,405.9122124594624,75.51727721196325,0,0,1,1
2026-08-18 14:00:00,2851.0,30.7,0.318,74.09,26.5,67.0,1014.0,5.14,0,0,-0.4999999999999997,-0.8660254037844388,0.7818314824680298,0.6234898018587336,405.9122124594624,75.51727721196325,0,0,1,1
2026-08-18 15:00:00,2971.5,31.1,0.3095,74.205,25.299999999999997,70.5,1014.5,4.375,0,0,-0.7071067811865471,-0.7071067811865479,0.7818314824680298,0.6234898018587336,405.9122124594624,75.51727721196325,0,0,1,1
2026-08-18 16:00:00,2935.0,20.1,0.554,76.11,25.1,71.0,1015.0,5.14,0,0,-0.8660254037844385,-0.5000000000000004,0.7818314824680298,0.6234898018587336,405.9122124594624,75.51727721196325,0,0,1,1
2026-08-18 17:00:00,7294.0,7.6,0.831,85.28,24.200000000000003,75.5,1015.0,3.8600000000000003,0,1,-0.9659258262890683,-0.25881904510252063,0.7818314824680298,0.6234898018587336,405.9122124594624,75.51727721196325,0,0,1,1
2026-08-18 18:00:00,6892.0,15.7,0.65,83.58,24.1,77.0,1014.0,5.14,0,1,-1.0,-1.8369701987210297e-16,0.7818314824680298,0.6234898018587336,405.9122124594624,75.51727721196325,0,0,1,1
2026-08-18 19:00:00,6909.0,15.850000000000001,0.6475,83.575,23.200000000000003,80.0,1014.0,3.8600000000000003,0,1,-0.9659258262890684,0.2588190451025203,0.7818314824680298,0.6234898018587336,405.9122124594624,75.51727721196325,0,0,1,1
2026-08-18 20:00:00,6770.0,18.0,0.5995,83.1,23.0,80.0,1014.0,4.375,0,1,-0.8660254037844386,0.5000000000000001,0.7818314824680298,0.6234898018587336,405.9122124594624,75.51727721196325,0,0,1,1
2026-08-18 21:00:00,2856.0,29.6,0.342,74.28999999999999,22.2,83.5,1013.5,3.3449999999999998,0,0,-0.7071067811865477,0.7071067811865474,0.7818314824680298,0.6234898018587336,405.9122124594624,75.51727721196325,0,0,1,1
2026-08-18 22:00:00,3113.0,29.8,0.3375,74.63,22.2,84.0,1013.5,3.09,0,0,-0.5000000000000004,0.8660254037844384,0.7818314824680298,0.6234898018587336,405.9122124594624,75.51727721196325,0,0,1,1
2026-08-18 23:00:00,2736.0,26.85,0.403,74.59,22.2,84.0,1013.5,4.885,0,0,-0.25881904510252157,0.9659258262890681,0.7818314824680298,0.6234898018587336,405.9122124594624,75.51727721196325,0,0,1,1
2026-08-19 00:00:00,2665.5,28.875,0.358,74.12,22.2,84.5,1013.75,4.5024999999999995,0,0,0.0,1.0,0.9749279121818236,-0.22252093395631434,405.9122124594624,75.51727721196325,0,0,0,0
2026-08-19 01:00:00,2595.0,30.9,0.313,73.65,22.2,85.0,1014.0,4.12,0,0,0.25881904510252074,0.9659258262890683,0.9749279121818236,-0.22252093395631434,405.9122124594624,75.51727721196325,0,0,1,1
2026-08-19 02:00:00,2989.0,33.1,0.264,73.87,22.3,84.0,1014.0,3.6,0,0,0.49999999999999994,0.8660254037844387,0.9749279121818236,-0.22252093395631434,405.9122124594624,75.51727721196325,0,0,1,1
2026-08-19 03:00:00,2341.0,28.1,0.375,73.69,23.1,83.0,1014.0,4.12,0,0,0.7071067811865476,0.7071067811865476,0.9749279121818236,-0.22252093395631434,405.9122124594624,75.51727721196325,0,0,1,1
2026-08-19 04:00:00,3026.0,33.8,0.25,73.81,23.9,79.0,1014.0,5.14,0,0,0.8660254037844386,0.5000000000000001,0.9749279121818236,-0.22252093395631434,405.9122124594624,75.51727721196325,0,0,1,1
2026-08-19 05:00:00,2589.0,23.05,0.488,75.035,26.25,68.0,1015.0,5.14,0,0,0.9659258262890683,0.25881904510252074,0.9749279121818236,-0.22252093395631434,405.9122124594624,75.51727721196325,0,0,1,1
2026-08-19 06:00:00,2930.0,31.1,0.308,74.13,28.6,60.0,1013.0,5.14,0,0,1.0,6.123233995736766e-17,0.9749279121818236,-0.22252093395631434,405.9122124594624,75.51727721196325,0,0,1,1
2026-08-19 07:00:00,7161.0,5.1,0.887,85.65,28.5,59.0,1011.0,5.66,0,1,0.9659258262890683,-0.25881904510252063,0.9749279121818236,-0.22252093395631434,405.9122124594624,75.51727721196325,0,0,1,1
2026-08-19 08:00:00,7241.0,8.6,0.81,85.08,28.0,60.0,1010.0,5.66,0,1,0.8660254037844387,-0.4999999999999998,0.9749279121818236,-0.22252093395631434,405.9122124594624,75.51727721196325,0,0,1,1
2026-08-19 09:00:00,7409.0,11.0,0.756,84.75,29.0,55.0,1011.0,5.14,0,1,0.7071067811865476,-0.7071067811865475,0.9749279121818236,-0.22252093395631434,405.9122124594624,75.51727721196325,0,0,1,1
2026-08-19 10:00:00,7031.5,9.65,0.7855000000000001,84.75,28.85,55.5,1010.5,4.375,0,1,0.49999999999999994,-0.8660254037844387,0.9749279121818236,-0.22252093395631434,405.9122124594624,75.51727721196325,0,0,1,1
2026-08-19 11:00:00,2965.0,26.4,0.4135,75.03,28.6,56.0,1011.5,3.3449999999999998,0,0,0.258819045102521,-0.9659258262890682,0.9749279121818236,-0.22252093395631434,405.9122124594624,75.51727721196325,0,0,1,1
2026-08-19 12:00:00,2906.0,21.9,0.513,75.74,28.3,58.0,1011.0,3.09,0,0,1.2246467991473532e-16,-1.0,0.9749279121818236,-0.22252093395631434,405.9122124594624,75.51727721196325,0,0,1,1
2026-08-19 13:00:00,2559.0,24.7,0.452,74.7,23.0,87.0,1012.0,6.17,0,0,-0.2588190451025208,-0.9659258262890683,0.9749279121818236,-0.22252093395631434,405.9122124594624,75.51727721196325,0,0,1,1
2026-08-19 14:00:00,2934.0,30.3,0.328,74.3,23.0,87.0,1013.0,4.12,0,0,-0.4999999999999997,-0.8660254037844388,0.9749279121818236,-0.22252093395631434,405.9122124594624,75.51727721196325,0,0,1,1
2026-08-19 15:00:00,2693.0,26.799999999999997,0.40449999999999997,74.535,22.799999999999997,85.5,1014.5,2.315,0,0,-0.7071067811865471,-0.7071067811865479,0.9749279121818236,-0.22252093395631434,405.9122124594624,75.51727721196325,0,0,1,1
2026-08-19 16:00:00,2789.0,22.9,0.492,75.39,21.9,94.0,1014.0,2.06,0,0,-0.8660254037844385,-0.5000000000000004,0.9749279121818236,-0.22252093395631434,405.9122124594624,75.51727721196325,0,0,1,1
2026-08-19 17:00:00,7080.0,10.8,0.7595000000000001,84.57499999999999,22.05,90.5,1014.5,3.09,0,1,-0.9659258262890683,-0.25881904510252063,0.9749279121818236,-0.22252093395631434,405.9122124594624,75.51727721196325,0,0,1,1
2026-08-19 18:00:00,7107.0,7.0,0.843,85.26,22.0,92.0,1014.0,3.09,0,1,-1.0,-1.8369701987210297e-16,0.9749279121818236,-0.22252093395631434,405.9122124594624,75.51727721196325,0,0,1,1
2026-08-19 19:00:00,6884.0,13.8,0.693,83.92,22.15,86.0,1014.0,3.6,0,1,-0.9659258262890684,0.2588190451025203,0.9749279121818236,-0.22252093395631434,405.9122124594624,75.51727721196325,0,0,1,1
2026-08-19 20:00:00,7260.0,10.6,0.7645,84.725,22.35,81.0,1013.0,4.4399999999999995,0,1,-0.8660254037844386,0.5000000000000001,0.9749279121818236,-0.22252093395631434,405.9122124594624,75.51727721196325,0,0,1,1
2026-08-19 21:00:00,2578.0,27.6,0.387,74.205,21.6,88.0,1013.0,4.12,0,0,-0.7071067811865477,0.7071067811865474,0.9749279121818236,-0.22252093395631434,405.9122124594624,75.51727721196325,0,0,1,1
2026-08-19 22:00:00,2793.0,31.6,0.2975,73.835,21.4,88.0,1013.5,4.12,0,0,-0.5000000000000004,0.8660254037844384,0.9749279121818236,-0.22252093395631434,405.9122124594624,75.51727721196325,0,0,1,1
2026-08-19 23:00:00,2852.0,26.8,0.404,74.785,21.4,88.0,1013.5,3.09,0,0,-0.25881904510252157,0.9659258262890681,0.9749279121818236,-0.22252093395631434,405.9122124594624,75.51727721196325,0,0,1,1
2026-08-20 00:00:00,2803.5,27.25,0.394,74.6275,21.4,88.5,1013.75,3.605,0,0,0.0,1.0,0.43388373911755823,-0.900968867902419,405.9122124594624,75.51727721196325,0,0,0,0
2026-08-20 01:00:00,2755.0,27.7,0.384,74.47,21.4,89.0,1014.0,4.12,0,0,0.25881904510252074,0.9659258262890683,0.43388373911755823,-0.900968867902419,405.9122124594624,75.51727721196325,0,0,1,1
2026-08-20 02:00:00,3045.0,28.6,0.365,74.76,22.8,84.0,1014.0,4.12,0,0,0.49999999999999994,0.8660254037844387,0.43388373911755823,-0.900968867902419,405.9122124594624,75.51727721196325,0,0,1,1
2026-08-20 03:00:00,2683.0,27.9,0.379,74.32,22.9,88.0,1014.0,4.12,0,0,0.7071067811865476,0.7071067811865476,0.43388373911755823,-0.900968867902419,405.9122124594624,75.51727721196325,0,0,1,1
2026-08-20 04:00:00,2899.0,26.8,0.404,74.85,25.3,73.0,1014.0,4.12,0,0,0.8660254037844386,0.5000000000000001,0.43388373911755823,-0.900968867902419,405.9122124594624,75.51727721196325,0,0,1,1
2026-08-20 05:00:00,2589.5,26.55,0.4105,74.41,26.15,71.5,1013.5,6.33,0,0,0.9659258262890683,0.25881904510252074,0.43388373911755823,-0.900968867902419,405.9122124594624,75.51727721196325,0,0,1,1
2026-08-20 06:00:00,2546.0,22.5,0.501,75.07,28.4,65.0,1011.0,6.96,0,0,1.0,6.123233995736766e-17,0.43388373911755823,-0.900968867902419,405.9122124594624,75.51727721196325,0,0,1,1
2026-08-20 07:00:00,6711.0,16.3,0.638,83.37,28.1,70.0,1010.0,4.63,0,1,0.9659258262890683,-0.25881904510252063,0.43388373911755823,-0.900968867902419,405.9122124594624,75.51727721196325,0,0,1,1
2026-08-20 08:00:00,7019.0,7.8,0.826,85.07,27.9,66.0,1008.0,6.38,0,1,0.8660254037844387,-0.4999999999999998,0.43388373911755823,-0.900968867902419,405.9122124594624,75.51727721196325,0,0,1,1
2026-08-20 09:00:00,7395.0,8.1,0.82,85.25,28.3,66.0,1009.0,6.08,0,1,0.7071067811865476,-0.7071067811865475,0.43388373911755823,-0.900968867902419,405.9122124594624,75.51727721196325,0,0,1,1
2026-08-20 10:00:00,7053.0,14.8,0.671,83.85,29.05,63.5,1009.5,6.01,0,1,0.49999999999999994,-0.8660254037844387,0.43388373911755823,-0.900968867902419,405.9122124594624,75.51727721196325,0,0,1,1
2026-08-20 11:00:00,2792.0,29.6,0.342,74.2,27.7,72.0,1010.0,6.18,0,0,0.258819045102521,-0.9659258262890682,0.43388373911755823,-0.900968867902419,405.9122124594624,75.51727721196325,0,0,1,1
2026-08-20 12:00:00,3000.0,33.6,0.253,73.8,26.7,75.0,1011.0,5.66,0,0,1.2246467991473532e-16,-1.0,0.43388373911755823,-0.900968867902419,405.9122124594624,75.51727721196325,0,0,1,1
2026-08-20 13:00:00,2622.0,35.4,0.214,72.9,28.7,66.0,1011.0,5.63,0,0,-0.2588190451025208,-0.9659258262890683,0.43388373911755823,-0.900968867902419,405.9122124594624,75.51727721196325,0,0,1,1
2026-08-20 14:00:00,3063.0,22.5,0.499,75.85,25.7,75.0,1012.0,5.83,0,0,-0.4999999999999997,-0.8660254037844388,0.43388373911755823,-0.900968867902419,405.9122124594624,75.51727721196325,0,0,1,1
2026-08-20 15:00:00,3135.0,25.8,0.428,75.39,23.5,82.0,1013.0,1.54,0,0,-0.7071067811865471,-0.7071067811865479,0.43388373911755823,-0.900968867902419,405.9122124594624,75.51727721196325,0,0,1,1
2026-08-20 16:00:00,2967.0,33.0,0.267,73.86,22.5,89.0,1014.0,3.09,0,0,-0.8660254037844385,-0.5000000000000004,0.43388373911755823,-0.900968867902419,405.9122124594624,75.51727721196325,0,0,1,1
2026-08-20 17:00:00,7026.0,10.8,0.7595000000000001,84.53999999999999,22.2,89.0,1014.5,3.6,0,1,-0.9659258262890683,-0.25881904510252063,0.43388373911755823,-0.900968867902419,405.9122124594624,75.51727721196325,0,0,1,1
2026-08-20 18:00:00,6971.0,14.1,0.686,83.92,22.1,89.0,1013.0,4.12,0,1,-1.0,-1.8369701987210297e-16,0.43388373911755823,-0.900968867902419,405.9122124594624,75.51727721196325,0,0,1,1
2026-08-20 19:00:00,6932.5,13.600000000000001,0.698,83.995,21.4,89.0,1013.5,3.8600000000000003,0,1,-0.9659258262890684,0.2588190451025203,0.43388373911755823,-0.900968867902419,405.9122124594624,75.51727721196325,0,0,1,1
2026-08-20 20:00:00,6856.0,14.1,0.687,83.86,21.2,89.0,1012.0,4.12,0,1,-0.8660254037844386,0.5000000000000001,0.43388373911755823,-0.900968867902419,405.9122124594624,75.51727721196325,0,0,1,1
2026-08-20 21:00:00,2795.5,24.85,0.4475,75.045,21.1,86.0,1012.5,5.14,0,0,-0.7071067811865477,0.7071067811865474,0.43388373911755823,-0.900968867902419,405.9122124594624,75.51727721196325,0,0,1,1
2026-08-20 22:00:00,2568.0,26.15,0.419,74.45,20.3,90.0,1012.5,4.12,0,0,-0.5000000000000004,0.8660254037844384,0.43388373911755823,-0.900968867902419,405.9122124594624,75.51727721196325,0,0,1,1
2026-08-20 23:00:00,2780.0,27.1,0.398,74.625,20.35,89.5,1012.5,3.605,0,0,-0.25881904510252157,0.9659258262890681,0.43388373911755823,-0.900968867902419,405.9122124594624,75.51727721196325,0,0,1,1
2026-08-21 00:00:00,2926.5,28.85,0.35850000000000004,74.5275,20.275,89.75,1012.75,3.6025,0,0,0.0,1.0,-0.433883739117558,-0.9009688679024191,405.9122124594624,75.51727721196325,0,0,0,0
2026-08-21 01:00:00,3073.0,30.6,0.319,74.43,20.2,90.0,1013.0,3.6,0,0,0.25881904510252074,0.9659258262890683,-0.433883739117558,-0.9009688679024191,405.9122124594624,75.51727721196325,0,0,1,1
2026-08-21 02:00:00,2523.0,32.6,0.275,73.22,21.9,85.0,1014.0,4.12,0,0,0.49999999999999994,0.8660254037844387,-0.433883739117558,-0.9009688679024191,405.9122124594624,75.51727721196325,0,0,1,1
2026-08-21 03:00:00,2655.0,29.8,0.337,73.94,24.9,70.0,1014.0,5.14,0,0,0.7071067811865476,0.7071067811865476,-0.433883739117558,-0.9009688679024191,405.9122124594624,75.51727721196325,0,0,1,1
2026-08-21 04:00:00,2582.0,28.2,0.374,74.11,25.7,66.0,1014.0,5.14,0,0,0.8660254037844386,0.5000000000000001,-0.433883739117558,-0.9009688679024191,405.9122124594624,75.51727721196325,0,0,1,1
2026-08-21 05:00:00,2824.0,28.0,0.378,74.53,27.7,59.0,1013.0,5.66,0,0,0.9659258262890683,0.25881904510252074,-0.433883739117558,-0.9009688679024191,405.9122124594624,75.51727721196325,0,0,1,1
2026-08-21 06:00:00,2789.0,31.8,0.293,73.8,28.2,58.0,1013.0,5.14,0,0,1.0,6.123233995736766e-17,-0.433883739117558,-0.9009688679024191,405.9122124594624,75.51727721196325,0,0,1,1
2026-08-21 07:00:00,6966.0,15.3,0.66,83.71,27.6,64.0,1013.0,4.12,0,1,0.9659258262890683,-0.25881904510252063,-0.433883739117558,-0.9009688679024191,405.9122124594624,75.51727721196325,0,0,1,1
2026-08-21 08:00:00,7202.0,10.4,0.768,84.72,28.5,58.0,1009.0,5.14,0,1,0.8660254037844387,-0.4999999999999998,-0.433883739117558,-0.9009688679024191,405.9122124594624,75.51727721196325,0,0,1,1
2026-08-21 09:00:00,6996.5,10.75,0.7605,84.53,29.1,52.5,1007.5,5.405,0,1,0.7071067811865476,-0.7071067811865475,-0.433883739117558,-0.9009688679024191,405.9122124594624,75.51727721196325,0,0,1,1
2026-08-21 10:00:00,7131.0,6.8,0.848,85.32,28.8,55.0,1009.0,5.88,0,1,0.49999999999999994,-0.8660254037844387,-0.433883739117558,-0.9009688679024191,405.9122124594624,75.51727721196325,0,0,1,1
2026-08-21 11:00:00,2649.5,28.700000000000003,0.3635,74.13999999999999,27.8,63.0,1010.5,4.12,0,0,0.258819045102521,-0.9659258262890682,-0.433883739117558,-0.9009688679024191,405.9122124594624,75.51727721196325,0,0,1,1
2026-08-21 12:00:00,3001.0,22.1,0.508,75.84,27.1,66.0,1011.0,2.57,0,0,1.2246467991473532e-16,-1.0,-0.433883739117558,-0.9009688679024191,405.9122124594624,75.51727721196325,0,0,1,1
2026-08-21 13:00:00,3107.0,30.7,0.317,74.46,22.7,83.0,1012.0,7.72,0,0,-0.2588190451025208,-0.9659258262890683,-0.433883739117558,-0.9009688679024191,405.9122124594624,75.51727721196325,0,0,1,1
2026-08-21 14:00:00,2701.0,31.4,0.301,73.72,21.0,94.0,1013.0,4.12,0,0,-0.4999999999999997,-0.8660254037844388,-0.433883739117558,-0.9009688679024191,405.9122124594624,75.51727721196325,0,0,1,1
2026-08-21 15:00:00,2912.0,32.5,0.279,73.87,22.6,86.0,1014.0,2.57,0,0,-0.7071067811865471,-0.7071067811865479,-0.433883739117558,-0.9009688679024191,405.9122124594624,75.51727721196325,0,0,1,1
2026-08-21 16:00:00,2758.0,27.6,0.386,74.49,22.4,83.0,1014.0,3.6,0,0,-0.8660254037844385,-0.5000000000000004,-0.433883739117558,-0.9009688679024191,405.9122124594624,75.51727721196325,0,0,1,1
2026-08-21 17:00:00,7194.5,7.75,0.8275,85.19,22.1,85.0,1014.5,3.6,0,1,-0.9659258262890683,-0.25881904510252063,-0.433883739117558,-0.9009688679024191,405.9122124594624,75.51727721196325,0,0,1,1
2026-08-21 18:00:00,7090.0,8.2,0.819,85.06,21.4,88.0,1013.0,4.12,0,1,-1.0,-1.8369701987210297e-16,-0.433883739117558,-0.9009688679024191,405.9122124594624,75.51727721196325,0,0,1,1
2026-08-21 19:00:00,7206.0,7.85,0.8245,85.17500000000001,21.200000000000003,89.0,1013.5,4.12,0,1,-0.9659258262890684,0.2588190451025203,-0.433883739117558,-0.9009688679024191,405.9122124594624,75.51727721196325,0,0,1,1
2026-08-21 20:00:00,6656.5,12.5,0.723,84.015,21.299999999999997,84.5,1012.5,5.39,0,1,-0.8660254037844386,0.5000000000000001,-0.433883739117558,-0.9009688679024191,405.9122124594624,75.51727721196325,0,0,1,1
2026-08-21 21:00:00,2688.0,29.05,0.355,74.13499999999999,20.9,86.0,1012.5,4.12,0,0,-0.7071067811865477,0.7071067811865474,-0.433883739117558,-0.9009688679024191,405.9122124594624,75.51727721196325,0,0,1,1
2026-08-21 22:00:00,2799.5,30.25,0.3275,74.08500000000001,20.4,89.0,1012.5,4.12,0,0,-0.5000000000000004,0.8660254037844384,-0.433883739117558,-0.9009688679024191,405.9122124594624,75.51727721196325,0,0,1,1
2026-08-21 23:00:00,2756.0,28.9,0.35850000000000004,74.27000000000001,20.0,89.0,1012.5,4.63,0,0,-0.25881904510252157,0.9659258262890681,-0.433883739117558,-0.9009688679024191,405.9122124594624,75.51727721196325,0,0,1,1
2026-08-22 00:00:00,2120.0,35.599999999999994,0.20925000000000002,71.73,19.8,89.0,1012.75,4.115,1,0,0.0,1.0,-0.9749279121818236,-0.2225209339563146,405.9122124594624,75.51727721196325,0,0,0,0
2026-08-22 01:00:00,1484.0,42.3,0.06,69.19,19.6,89.0,1013.0,3.6,1,0,0.25881904510252074,0.9659258262890683,-0.9749279121818236,-0.2225209339563146,405.9122124594624,75.51727721196325,0,0,1,1
2026-08-22 02:00:00,1332.0,40.9,0.092,68.98,21.4,83.0,1014.0,6.17,1,0,0.49999999999999994,0.8660254037844387,-0.9749279121818236,-0.2225209339563146,405.9122124594624,75.51727721196325,0,0,1,1
2026-08-22 03:00:00,1445.0,37.8,0.16,69.88,22.8,83.0,1014.0,5.14,1,0,0.7071067811865476,0.7071067811865476,-0.9749279121818236,-0.2225209339563146,405.9122124594624,75.51727721196325,0,0,1,1
2026-08-22 04:00:00,1538.0,38.6,0.142,70.01,23.7,77.0,1013.0,7.2,1,0,0.8660254037844386,0.5000000000000001,-0.9749279121818236,-0.2225209339563146,405.9122124594624,75.51727721196325,0,0,1,1
2026-08-22 05:00:00,1495.5,41.4,0.0835,70.61500000000001,24.95,72.5,1013.5,5.654999999999999,1,0,0.9659258262890683,0.25881904510252074,-0.9749279121818236,-0.2225209339563146,405.9122124594624,75.51727721196325,0,0,1,1
2026-08-22 06:00:00,1205.0,36.7,0.185,69.29,26.0,73.0,1011.0,4.12,1,0,1.0,6.123233995736766e-17,-0.9749279121818236,-0.2225209339563146,405.9122124594624,75.51727721196325,0,0,1,1
2026-08-22 07:00:00,1375.0,40.55,0.0985,69.17,26.95,67.5,1012.5,5.48,1,0,0.9659258262890683,-0.25881904510252063,-0.9749279121818236,-0.2225209339563146,405.9122124594624,75.51727721196325,0,0,1,1
2026-08-22 08:00:00,1497.0,43.2,0.04,69.07,27.6,64.0,1010.0,4.63,1,0,0.8660254037844387,-0.4999999999999998,-0.9749279121818236,-0.2225209339563146,405.9122124594624,75.51727721196325,0,0,1,1
2026-08-22 09:00:00,1578.5,40.0,0.11149999999999999,69.87,27.95,63.5,1010.5,4.63,1,0,0.7071067811865476,-0.7071067811865475,-0.9749279121818236,-0.2225209339563146,405.9122124594624,75.51727721196325,0,0,1,1
2026-08-22 10:00:00,1348.0,37.9,0.158,69.545,27.8,65.0,1009.5,4.890000000000001,1,0,0.49999999999999994,-0.8660254037844387,-0.9749279121818236,-0.2225209339563146,405.9122124594624,75.51727721196325,0,0,1,1
2026-08-22 11:00:00,1578.0,40.2,0.1065,69.83500000000001,27.35,67.0,1010.5,6.17,1,0,0.258819045102521,-0.9659258262890682,-0.9749279121818236,-0.2225209339563146,405.9122124594624,75.51727721196325,0,0,1,1
2026-08-22 12:00:00,1431.0,37.2,0.173,69.94,26.2,73.0,1011.0,5.14,1,0,1.2246467991473532e-16,-1.0,-0.9749279121818236,-0.2225209339563146,405.9122124594624,75.51727721196325,0,0,1,1
2026-08-22 13:00:00,1187.5,38.0,0.156,68.97,23.3,84.5,1011.5,3.605,1,0,-0.2588190451025208,-0.9659258262890683,-0.9749279121818236,-0.2225209339563146,405.9122124594624,75.51727721196325,0,0,1,1
2026-08-22 14:00:00,1183.5,40.15,0.10750000000000001,68.56,22.8,86.5,1012.5,3.09,1,0,-0.4999999999999997,-0.8660254037844388,-0.9749279121818236,-0.2225209339563146,405.9122124594624,75.51727721196325,0,0,1,1
2026-08-22 15:00:00,1273.0,37.1,0.1765,69.36,23.0,85.0,1013.0,2.575,1,0,-0.7071067811865471,-0.7071067811865479,-0.9749279121818236,-0.2225209339563146,405.9122124594624,75.51727721196325,0,0,1,1
2026-08-22 16:00:00,1061.5,42.0,0.067,67.795,22.75,83.0,1013.5,3.86,1,0,-0.8660254037844385,-0.5000000000000004,-0.9749279121818236,-0.2225209339563146,405.9122124594624,75.51727721196325,0,0,1,1
2026-08-22 17:00:00,1687.5,42.6,0.053000000000000005,69.655,22.25,85.0,1014.0,4.375,1,0,-0.9659258262890683,-0.25881904510252063,-0.9749279121818236,-0.2225209339563146,405.9122124594624,75.51727721196325,0,0,1,1
2026-08-22 18:00:00,1359.0,42.3,0.060000000000000005,68.81,22.0,85.5,1013.0,4.885,1,0,-1.0,-1.8369701987210297e-16,-0.9749279121818236,-0.2225209339563146,405.9122124594624,75.51727721196325,0,0,1,1
2026-08-22 19:00:00,1379.5,42.25,0.061,68.87,21.4,88.0,1012.5,4.375,1,0,-0.9659258262890684,0.2588190451025203,-0.9749279121818236,-0.2225209339563146,405.9122124594624,75.51727721196325,0,0,1,1
2026-08-22 20:00:00,1375.5,38.349999999999994,0.1475,69.555,21.2,85.5,1012.0,4.375,1,0,-0.8660254037844386,0.5000000000000001,-0.9749279121818236,-0.2225209339563146,405.9122124594624,75.51727721196325,0,0,1,1
2026-08-22 21:00:00,1581.0,40.4,0.1015,69.80000000000001,21.1,86.0,1012.0,4.12,1,0,-0.7071067811865477,0.7071067811865474,-0.9749279121818236,-0.2225209339563146,405.9122124594624,75.51727721196325,0,0,1,1
2026-08-22 22:00:00,1515.5,38.6,0.14200000000000002,69.85499999999999,20.4,90.0,1011.5,4.12,1,0,-0.5000000000000004,0.8660254037844384,-0.9749279121818236,-0.2225209339563146,405.9122124594624,75.51727721196325,0,0,1,1
2026-08-22 23:00:00,1491.5,37.650000000000006,0.1645,70.055,20.9,85.0,1011.5,6.43,1,0,-0.25881904510252157,0.9659258262890681,-0.9749279121818236,-0.2225209339563146,405.9122124594624,75.51727721196325,0,0,1,1
2026-08-23 00:00:00,1573.75,38.925000000000004,0.13575,70.05250000000001,20.95,86.0,1012.25,5.275,1,0,0.0,1.0,-0.7818314824680299,0.6234898018587334,405.9122124594624,75.51727721196325,0,0,0,0
2026-08-23 01:00:00,1656.0,40.2,0.107,70.05,21.0,87.0,1013.0,4.12,1,0,0.25881904510252074,0.9659258262890683,-0.7818314824680299,0.6234898018587334,405.9122124594624,75.51727721196325,0,0,1,1
2026-08-23 02:00:00,1569.0,42.6,0.053,69.38,22.8,84.0,1013.0,4.12,1,0,0.49999999999999994,0.8660254037844387,-0.7818314824680299,0.6234898018587334,405.9122124594624,75.51727721196325,0,0,1,1
2026-08-23 03:00:00,1755.0,39.5,0.122,70.42,23.3,83.0,1014.0,6.17,1,0,0.7071067811865476,0.7071067811865476,-0.7818314824680299,0.6234898018587334,405.9122124594624,75.51727721196325,0,0,1,1
2026-08-23 04:00:00,1692.0,40.3,0.105,70.12,24.2,79.0,1013.0,5.14,1,0,0.8660254037844386,0.5000000000000001,-0.7818314824680299,0.6234898018587334,405.9122124594624,75.51727721196325,0,0,1,1
2026-08-23 05:00:00,1544.0,35.25,0.21550000000000002,70.61,26.25,72.0,1013.0,5.654999999999999,1,0,0.9659258262890683,0.25881904510252074,-0.7818314824680299,0.6234898018587334,405.9122124594624,75.51727721196325,0,0,1,1
2026-08-23 06:00:00,1219.0,39.6,0.121,68.83,27.4,66.0,1012.0,4.63,1,0,1.0,6.123233995736766e-17,-0.7818314824680299,0.6234898018587334,405.9122124594624,75.51727721196325,0,0,1,1
2026-08-23 07:00:00,1057.0,42.7,0.051,67.65,27.7,66.0,1011.0,5.14,1,0,0.9659258262890683,-0.25881904510252063,-0.7818314824680299,0.6234898018587334,405.9122124594624,75.51727721196325,0,0,1,1
2026-08-23 08:00:00,1370.0,39.75,0.11699999999999999,69.295,27.75,67.5,1011.0,4.63,1,0,0.8660254037844387,-0.4999999999999998,-0.7818314824680299,0.6234898018587334,405.9122124594624,75.51727721196325,0,0,1,1
2026-08-23 09:00:00,1626.0,37.9,0.157,70.37,27.9,69.0,1009.0,5.14,1,0,0.7071067811865476,-0.7071067811865475,-0.7818314824680299,0.6234898018587334,405.9122124594624,75.51727721196325,0,0,1,1
2026-08-23 10:00:00,1493.5,37.75,0.162,70.035,28.1,66.0,1009.5,5.175000000000001,1,0,0.49999999999999994,-0.8660254037844387,-0.7818314824680299,0.6234898018587334,405.9122124594624,75.51727721196325,0,0,1,1
2026-08-23 11:00:00,1356.5,41.9,0.074,70.115,25.55,80.0,1010.5,4.12,1,0,0.258819045102521,-0.9659258262890682,-0.7818314824680299,0.6234898018587334,405.9122124594624,75.51727721196325,0,0,1,1
2026-08-23 12:00:00,1559.0,44.7,0.006,68.98,25.5,81.0,1010.0,2.57,1,0,1.2246467991473532e-16,-1.0,-0.7818314824680299,0.6234898018587334,405.9122124594624,75.51727721196325,0,0,1,1
2026-08-23 13:00:00,1399.0,41.3,0.0825,68.995,24.2,82.5,1012.0,6.73,1,0,-0.2588190451025208,-0.9659258262890683,-0.7818314824680299,0.6234898018587334,405.9122124594624,75.51727721196325,0,0,1,1
2026-08-23 14:00:00,1362.5,39.5,0.122,69.31,22.85,90.5,1012.5,2.83,1,0,-0.4999999999999997,-0.8660254037844388,-0.7818314824680299,0.6234898018587334,405.9122124594624,75.51727721196325,0,0,1,1
2026-08-23 15:00:00,1363.5,40.95,0.0905,69.035,22.15,89.0,1013.5,2.575,1,0,-0.7071067811865471,-0.7071067811865479,-0.7818314824680299,0.6234898018587334,405.9122124594624,75.51727721196325,0,0,1,1
2026-08-23 16:00:00,1221.5,43.25,0.038000000000000006,68.16499999999999,22.4,85.0,1014.0,3.09,1,0,-0.8660254037844385,-0.5000000000000004,-0.7818314824680299,0.6234898018587334,405.9122124594624,75.51727721196325,0,0,1,1
2026-08-23 17:00:00,1222.0,39.0,0.1335,68.925,21.75,88.5,1013.5,2.57,1,0,-0.9659258262890683,-0.25881904510252063,-0.7818314824680299,0.6234898018587334,405.9122124594624,75.51727721196325,0,0,1,1
2026-08-23 18:00:00,1590.0,40.5,0.0995,69.81,21.5,89.5,1013.0,3.09,1,0,-1.0,-1.8369701987210297e-16,-0.7818314824680299,0.6234898018587334,405.9122124594624,75.51727721196325,0,0,1,1
2026-08-23 19:00:00,1080.5,40.3,0.10450000000000001,68.16,21.4,90.0,1012.5,4.63,1,0,-0.9659258262890684,0.2588190451025203,-0.7818314824680299,0.6234898018587334,405.9122124594624,75.51727721196325,0,0,1,1
2026-08-23 20:00:00,1296.0,35.55,0.2095,69.78999999999999,21.299999999999997,89.5,1013.0,3.6,1,0,-0.8660254037844386,0.5000000000000001,-0.7818314824680299,0.6234898018587334,405.9122124594624,75.51727721196325,0,0,1,1
2026-08-23 21:00:00,1169.0,35.7,0.20650000000000002,69.275,21.2,90.0,1012.0,4.63,1,0,-0.7071067811865477,0.7071067811865474,-0.7818314824680299,0.6234898018587334,405.9122124594624,75.51727721196325,0,0,1,1
2026-08-23 22:00:00,1513.0,40.0,0.112,69.685,21.2,90.0,1011.5,4.12,1,0,-0.5000000000000004,0.8660254037844384,-0.7818314824680299,0.6234898018587334,405.9122124594624,75.51727721196325,0,0,1,1
2026-08-23 23:00:00,1248.5,40.349999999999994,0.10350000000000001,68.69,21.2,90.0,1011.5,4.12,1,0,-0.25881904510252157,0.9659258262890681,-0.7818314824680299,0.6234898018587334,405.9122124594624,75.51727721196325,0,0,1,1
2026-08-24 00:00:00,1976.75,33.375,0.25825,71.66,21.2,90.0,1012.25,4.890000000000001,0,0,0.0,1.0,0.0,1.0,405.9122124594624,75.51727721196325,0,0,0,0
2026-08-24 01:00:00,2705.0,26.4,0.413,74.63,21.2,90.0,1013.0,5.66,0,0,0.25881904510252074,0.9659258262890683,0.0,1.0,405.9122124594624,75.51727721196325,0,0,1,1
2026-08-24 02:00:00,2793.0,38.8,0.137,72.56,22.0,85.0,1013.0,5.14,0,0,0.49999999999999994,0.8660254037844387,0.0,1.0,405.9122124594624,75.51727721196325,0,0,1,1
2026-08-24 03:00:00,3308.0,25.4,0.435,75.68,23.1,84.0,1013.0,5.66,0,0,0.7071067811865476,0.7071067811865476,0.0,1.0,405.9122124594624,75.51727721196325,0,0,1,1
2026-08-24 04:00:00,2794.0,35.4,0.214,73.17,24.7,79.0,1013.0,5.14,0,0,0.8660254037844386,0.5000000000000001,0.0,1.0,405.9122124594624,75.51727721196325,0,0,1,1
2026-08-24 05:00:00,2507.0,25.9,0.425,74.39,25.4,77.0,1013.0,5.14,0,0,0.9659258262890683,0.25881904510252074,0.0,1.0,405.9122124594624,75.51727721196325,0,0,1,1
2026-08-24 06:00:00,3109.0,35.0,0.223,73.71,25.7,74.0,1012.0,5.66,0,0,1.0,6.123233995736766e-17,0.0,1.0,405.9122124594624,75.51727721196325,0,0,1,1
2026-08-24 07:00:00,6952.0,13.8,0.694,83.97,25.8,77.0,1010.0,5.66,0,1,0.9659258262890683,-0.25881904510252063,0.0,1.0,405.9122124594624,75.51727721196325,0,0,1,1
2026-08-24 08:00:00,7393.0,5.0,0.889,85.8,26.9,72.0,1010.0,6.17,0,1,0.8660254037844387,-0.4999999999999998,0.0,1.0,405.9122124594624,75.51727721196325,0,0,1,1
2026-08-24 09:00:00,6959.0,12.8,0.715,84.15,26.9,72.0,1010.0,5.14,0,1,0.7071067811865476,-0.7071067811865475,0.0,1.0,405.9122124594624,75.51727721196325,0,0,1,1
2026-08-24 10:00:00,6958.0,11.1,0.754,84.46,26.9,71.0,1010.0,8.14,0,1,0.49999999999999994,-0.8660254037844387,0.0,1.0,405.9122124594624,75.51727721196325,0,0,1,1
2026-08-24 11:00:00,2762.5,32.65,0.275,73.61500000000001,26.25,75.0,1010.5,5.654999999999999,0,0,0.258819045102521,-0.9659258262890682,0.0,1.0,405.9122124594624,75.51727721196325,0,0,1,1
2026-08-24 12:00:00,2853.0,34.4,0.235,73.43,22.3,90.0,1011.0,4.12,0,0,1.2246467991473532e-16,-1.0,0.0,1.0,405.9122124594624,75.51727721196325,0,0,1,1
2026-08-24 13:00:00,3004.0,29.4,0.346,74.54,22.6,88.0,1012.0,4.63,0,0,-0.2588190451025208,-0.9659258262890683,0.0,1.0,405.9122124594624,75.51727721196325,0,0,1,1
2026-08-24 14:00:00,3054.0,29.7,0.339,74.56,21.6,91.0,1013.0,2.06,0,0,-0.4999999999999997,-0.8660254037844388,0.0,1.0,405.9122124594624,75.51727721196325,0,0,1,1
2026-08-24 15:00:00,2781.0,30.2,0.329,74.07,21.7,89.0,1014.0,2.06,0,0,-0.7071067811865471,-0.7071067811865479,0.0,1.0,405.9122124594624,75.51727721196325,0,0,1,1
2026-08-24 16:00:00,2756.0,32.5,0.277,73.62,21.7,90.0,1014.0,2.57,0,0,-0.8660254037844385,-0.5000000000000004,0.0,1.0,405.9122124594624,75.51727721196325,0,0,1,1
2026-08-24 17:00:00,6993.0,9.95,0.7789999999999999,84.675,22.15,87.5,1014.5,4.115,0,1,-0.9659258262890683,-0.25881904510252063,0.0,1.0,405.9122124594624,75.51727721196325,0,0,1,1
2026-08-24 18:00:00,7173.0,13.2,0.707,84.21,22.0,86.0,1013.0,4.63,0,1,-1.0,-1.8369701987210297e-16,0.0,1.0,405.9122124594624,75.51727721196325,0,0,1,1
2026-08-24 19:00:00,7181.5,7.25,0.8385,85.27000000000001,21.299999999999997,89.5,1013.0,3.8600000000000003,0,1,-0.9659258262890684,0.2588190451025203,0.0,1.0,405.9122124594624,75.51727721196325,0,0,1,1
2026-08-24 20:00:00,7354.0,6.3,0.859,85.54,21.2,89.0,1013.0,3.6,0,1,-0.8660254037844386,0.5000000000000001,0.0,1.0,405.9122124594624,75.51727721196325,0,0,1,1
2026-08-24 21:00:00,2871.0,30.8,0.315,74.09,21.2,90.0,1012.0,3.8600000000000003,0,0,-0.7071067811865477,0.7071067811865474,0.0,1.0,405.9122124594624,75.51727721196325,0,0,1,1
2026-08-24 22:00:00,3010.5,23.5,0.478,75.61,21.35,88.0,1012.0,5.890000000000001,0,0,-0.5000000000000004,0.8660254037844384,0.0,1.0,405.9122124594624,75.51727721196325,0,0,1,1
2026-08-24 23:00:00,2637.5,26.2,0.4175,74.55,21.2,91.0,1012.5,3.605,0,0,-0.25881904510252157,0.9659258262890681,0.0,1.0,405.9122124594624,75.51727721196325,0,0,1,1
2026-08-25 00:00:00,2895.75,28.5,0.36675,74.535,21.2,90.5,1013.25,3.8625,0,0,0.0,1.0,0.7818314824680298,0.6234898018587336,405.9122124594624,75.51727721196325,0,0,0,0
2026-08-25 01:00:00,3154.0,30.8,0.316,74.52,21.2,90.0,1014.0,4.12,0,0,0.25881904510252074,0.9659258262890683,0.7818314824680298,0.6234898018587336,405.9122124594624,75.51727721196325,0,0,1,1
2026-08-25 02:00:00,2949.0,26.6,0.41,74.98,22.0,90.0,1014.0,4.12,0,0,0.49999999999999994,0.8660254037844387,0.7818314824680298,0.6234898018587336,405.9122124594624,75.51727721196325,0,0,1,1
2026-08-25 03:00:00,2627.0,29.9,0.336,73.88,22.7,87.0,1014.0,3.6,0,0,0.7071067811865476,0.7071067811865476,0.7818314824680298,0.6234898018587336,405.9122124594624,75.51727721196325,0,0,1,1
2026-08-25 04:00:00,3033.0,26.4,0.413,75.12,24.1,83.0,1016.0,5.14,0,0,0.8660254037844386,0.5000000000000001,0.7818314824680298,0.6234898018587336,405.9122124594624,75.51727721196325,0,0,1,1
2026-08-25 05:00:00,2882.0,32.6,0.274,73.79,25.9,76.0,1015.0,8.63,0,0,0.9659258262890683,0.25881904510252074,0.7818314824680298,0.6234898018587336,405.9122124594624,75.51727721196325,0,0,1,1
2026-08-25 06:00:00,2937.0,27.3,0.394,74.83,26.0,76.0,1013.0,5.14,0,0,1.0,6.123233995736766e-17,0.7818314824680298,0.6234898018587336,405.9122124594624,75.51727721196325,0,0,1,1
2026-08-25 07:00:00,7309.0,9.0,0.8,85.04,27.7,67.0,1012.0,6.17,0,1,0.9659258262890683,-0.25881904510252063,0.7818314824680298,0.6234898018587336,405.9122124594624,75.51727721196325,0,0,1,1
2026-08-25 08:00:00,7059.0,7.4,0.837,85.18,26.9,74.0,1012.0,7.2,0,1,0.8660254037844387,-0.4999999999999998,0.7818314824680298,0.6234898018587336,405.9122124594624,75.51727721196325,0,0,1,1
2026-08-25 09:00:00,7311.0,7.0,0.845,85.4,26.3,73.0,1011.0,8.23,0,1,0.7071067811865476,-0.7071067811865475,0.7818314824680298,0.6234898018587336,405.9122124594624,75.51727721196325,0,0,1,1
2026-08-25 10:00:00,7008.5,10.7,0.762,84.55000000000001,26.25,73.5,1010.0,5.4,0,1,0.49999999999999994,-0.8660254037844387,0.7818314824680298,0.6234898018587336,405.9122124594624,75.51727721196325,0,0,1,1
2026-08-25 11:00:00,3004.0,27.6,0.3875,74.87,26.6,70.5,1011.0,7.460000000000001,0,0,0.258819045102521,-0.9659258262890682,0.7818314824680298,0.6234898018587336,405.9122124594624,75.51727721196325,0,0,1,1
2026-08-25 12:00:00,2963.0,23.7,0.472,75.49,25.8,74.0,1011.0,5.66,0,0,1.2246467991473532e-16,-1.0,0.7818314824680298,0.6234898018587336,405.9122124594624,75.51727721196325,0,0,1,1
2026-08-25 13:00:00,2907.0,26.5,0.411,74.92,25.4,75.0,1012.0,4.63,0,0,-0.2588190451025208,-0.9659258262890683,0.7818314824680298,0.6234898018587336,405.9122124594624,75.51727721196325,0,0,1,1
2026-08-25 14:00:00,2929.0,28.3,0.371,74.64,24.5,77.0,1013.0,6.17,0,0,-0.4999999999999997,-0.8660254037844388,0.7818314824680298,0.6234898018587336,405.9122124594624,75.51727721196325,0,0,1,1
2026-08-25 15:00:00,2962.0,28.1,0.375,74.72,24.1,76.0,1014.0,6.69,0,0,-0.7071067811865471,-0.7071067811865479,0.7818314824680298,0.6234898018587336,405.9122124594624,75.51727721196325,0,0,1,1
2026-08-25 16:00:00,2985.0,24.7,0.451,75.36,23.1,80.0,1014.0,5.14,0,0,-0.8660254037844385,-0.5000000000000004,0.7818314824680298,0.6234898018587336,405.9122124594624,75.51727721196325,0,0,1,1
2026-08-25 17:00:00,7172.0,9.85,0.782,84.81,22.4,83.5,1015.0,4.375,0,1,-0.9659258262890683,-0.25881904510252063,0.7818314824680298,0.6234898018587336,405.9122124594624,75.51727721196325,0,0,1,1
2026-08-25 18:00:00,7202.0,8.3,0.815,85.09,22.2,86.0,1014.0,4.12,0,1,-1.0,-1.8369701987210297e-16,0.7818314824680298,0.6234898018587336,405.9122124594624,75.51727721196325,0,0,1,1
2026-08-25 19:00:00,7067.0,9.7,0.784,84.765,21.5,88.5,1013.0,3.605,0,1,-0.9659258262890684,0.2588190451025203,0.7818314824680298,0.6234898018587336,405.9122124594624,75.51727721196325,0,0,1,1
2026-08-25 20:00:00,7017.0,7.4,0.837,85.16,21.5,89.0,1013.0,4.12,0,1,-0.8660254037844386,0.5000000000000001,0.7818314824680298,0.6234898018587336,405.9122124594624,75.51727721196325,0,0,1,1
2026-08-25 21:00:00,2800.0,32.95,0.268,73.62,21.2,89.0,1013.5,3.09,0,0,-0.7071067811865477,0.7071067811865474,0.7818314824680298,0.6234898018587336,405.9122124594624,75.51727721196325,0,0,1,1
2026-08-25 22:00:00,2790.0,24.5,0.4555,75.095,21.2,87.5,1013.5,3.3449999999999998,0,0,-0.5000000000000004,0.8660254037844384,0.7818314824680298,0.6234898018587336,405.9122124594624,75.51727721196325,0,0,1,1
2026-08-25 23:00:00,3075.0,30.25,0.3285,74.485,20.2,92.0,1013.5,3.6,0,0,-0.25881904510252157,0.9659258262890681,0.7818314824680298,0.6234898018587336,405.9122124594624,75.51727721196325,0,0,1,1
2026-08-26 00:00:00,2999.5,30.025,0.33275,74.4225,20.6,91.0,1013.75,3.3449999999999998,0,0,0.0,1.0,0.9749279121818236,-0.22252093395631434,405.9122124594624,75.51727721196325,0,0,0,0
2026-08-26 01:00:00,2924.0,29.8,0.337,74.36,21.0,90.0,1014.0,3.09,0,0,0.25881904510252074,0.9659258262890683,0.9749279121818236,-0.22252093395631434,405.9122124594624,75.51727721196325,0,0,1,1
2026-08-26 02:00:00,2934.0,31.0,0.31,74.15,22.8,84.0,1015.0,4.63,0,0,0.49999999999999994,0.8660254037844387,0.9749279121818236,-0.22252093395631434,405.9122124594624,75.51727721196325,0,0,1,1
2026-08-26 03:00:00,2825.0,16.3,0.638,76.61,24.7,73.0,1015.0,5.14,0,0,0.7071067811865476,0.7071067811865476,0.9749279121818236,-0.22252093395631434,405.9122124594624,75.51727721196325,0,0,1,1
2026-08-26 04:00:00,2573.0,26.2,0.419,74.46,25.8,71.0,1014.0,5.66,0,0,0.8660254037844386,0.5000000000000001,0.9749279121818236,-0.22252093395631434,405.9122124594624,75.51727721196325,0,0,1,1
2026-08-26 05:00:00,2733.0,29.1,0.352,74.18,26.8,68.0,1014.0,5.66,0,0,0.9659258262890683,0.25881904510252074,0.9749279121818236,-0.22252093395631434,405.9122124594624,75.51727721196325,0,0,1,1
2026-08-26 06:00:00,2661.0,29.2,0.351,74.06,27.0,66.0,1013.0,5.66,0,0,1.0,6.123233995736766e-17,0.9749279121818236,-0.22252093395631434,405.9122124594624,75.51727721196325,0,0,1,1
2026-08-26 07:00:00,6872.0,9.9,0.78,84.61,28.0,62.0,1011.0,4.12,0,1,0.9659258262890683,-0.25881904510252063,0.9749279121818236,-0.22252093395631434,405.9122124594624,75.51727721196325,0,0,1,1
2026-08-26 08:00:00,7157.0,8.9,0.801,84.96,28.5,61.0,1008.0,3.09,0,1,0.8660254037844387,-0.4999999999999998,0.9749279121818236,-0.22252093395631434,405.9122124594624,75.51727721196325,0,0,1,1
2026-08-26 09:00:00,7274.0,6.7,0.852,85.43,28.6,64.0,1009.0,4.12,0,1,0.7071067811865476,-0.7071067811865475,0.9749279121818236,-0.22252093395631434,405.9122124594624,75.51727721196325,0,0,1,1
2026-08-26 10:00:00,6923.0,12.9,0.714,84.11,28.6,62.0,1010.0,4.63,0,1,0.49999999999999994,-0.8660254037844387,0.9749279121818236,-0.22252093395631434,405.9122124594624,75.51727721196325,0,0,1,1
2026-08-26 11:00:00,3007.0,27.65,0.3865,74.86,27.6,69.5,1011.0,4.63,0,0,0.258819045102521,-0.9659258262890682,0.9749279121818236,-0.22252093395631434,405.9122124594624,75.51727721196325,0,0,1,1
2026-08-26 12:00:00,2878.0,30.1,0.331,74.24,26.8,72.0,1011.0,2.06,0,0,1.2246467991473532e-16,-1.0,0.9749279121818236,-0.22252093395631434,405.9122124594624,75.51727721196325,0,0,1,1
2026-08-26 13:00:00,2445.0,24.8,0.448,74.47,26.9,72.0,1012.0,2.57,0,0,-0.2588190451025208,-0.9659258262890683,0.9749279121818236,-0.22252093395631434,405.9122124594624,75.51727721196325,0,0,1,1
2026-08-26 14:00:00,3031.0,27.8,0.381,74.86,24.8,81.0,1013.0,2.06,0,0,-0.4999999999999997,-0.8660254037844388,0.9749279121818236,-0.22252093395631434,405.9122124594624,75.51727721196325,0,0,1,1
2026-08-26 15:00:00,2828.0,26.8,0.40349999999999997,74.72999999999999,23.85,83.0,1014.5,2.575,0,0,-0.7071067811865471,-0.7071067811865479,0.9749279121818236,-0.22252093395631434,405.9122124594624,75.51727721196325,0,0,0,0
2026-08-26 16:00:00,2625.0,25.8,0.426,74.6,22.9,85.0,1016.0,3.09,0,0,-0.8660254037844385,-0.5000000000000004,0.9749279121818236,-0.22252093395631434,405.9122124594624,75.51727721196325,0,0,1,1
2026-08-26 17:00:00,4968.5,15.7,0.651,80.125,22.65,86.5,1015.0,4.115,0,1,-0.9659258262890683,-0.25881904510252063,0.9749279121818236,-0.22252093395631434,405.9122124594624,75.51727721196325,0,0,0,0
2026-08-26 18:00:00,7312.0,5.6,0.876,85.65,22.4,88.0,1014.0,5.14,0,1,-1.0,-1.8369701987210297e-16,0.9749279121818236,-0.22252093395631434,405.9122124594624,75.51727721196325,0,0,1,1
2026-08-26 19:00:00,7328.0,6.55,0.8545,85.485,21.9,88.5,1013.5,4.63,0,1,-0.9659258262890684,0.2588190451025203,0.9749279121818236,-0.22252093395631434,405.9122124594624,75.51727721196325,0,0,0,0
2026-08-26 20:00:00,7344.0,7.5,0.833,85.32,21.4,89.0,1013.0,4.12,0,1,-0.8660254037844386,0.5000000000000001,0.9749279121818236,-0.22252093395631434,405.9122124594624,75.51727721196325,0,0,1,1
2026-08-26 21:00:00,6204.5,13.425,0.7015,82.4675,21.299999999999997,89.25,1012.75,4.2475000000000005,0,0,-0.7071067811865477,0.7071067811865474,0.9749279121818236,-0.22252093395631434,405.9122124594624,75.51727721196325,0,0,0,0
2026-08-26 22:00:00,5065.0,19.35,0.57,79.615,21.2,89.5,1012.5,4.375,0,0,-0.5000000000000004,0.8660254037844384,0.9749279121818236,-0.22252093395631434,405.9122124594624,75.51727721196325,0,0,0,0
2026-08-26 23:00:00,3925.5,25.275,0.43849999999999995,76.76249999999999,21.1,89.75,1012.25,4.5024999999999995,0,0,-0.25881904510252157,0.9659258262890681,0.9749279121818236,-0.22252093395631434,405.9122124594624,75.51727721196325,0,0,0,0
2026-08-27 00:00:00,2786.0,31.2,0.307,73.91,21.0,90.0,1012.0,4.63,0,0,0.0,1.0,0.43388373911755823,-0.900968867902419,405.9122124594624,75.51727721196325,0,0,1,1
2026-08-27 01:00:00,3265.916,28.8,0.3602,75.51899999999999,21.73,87.2,1011.9,4.63,0,0,0.25881904510252074,0.9659258262890683,0.43388373911755823,-0.900968867902419,405.9122124594624,75.51727721196325,0,0,0,0
2026-08-27 02:00:00,3745.832,26.4,0.4134,77.128,22.46,84.4,1011.8,4.63,0,0,0.49999999999999994,0.8660254037844387,0.43388373911755823,-0.900968867902419,405.9122124594624,75.51727721196325,0,0,0,0
2026-08-27 03:00:00,4225.748,24.0,0.4666,78.737,23.19,81.6,1011.7,4.63,0,0,0.7071067811865476,0.7071067811865476,0.43388373911755823,-0.900968867902419,405.9122124594624,75.51727721196325,0,0,0,0
2026-08-27 04:00:00,,,0.5198,80.34599999999999,,,,,0,0,0.8660254037844386,0.5000000000000001,0.43388373911755823,-0.900968867902419,405.9122124594624,75.51727721196325,0,0,0,0
2026-08-27 05:00:00,,,0.573,81.955,,,,,0,0,0.9659258262890683,0.25881904510252074,0.43388373911755823,-0.900968867902419,405.9122124594624,75.51727721196325,0,0,0,0
2026-08-27 06:00:00,,,0.6262,83.564,,,,,0,0,1.0,6.123233995736766e-17,0.43388373911755823,-0.900968867902419,405.9122124594624,75.51727721196325,0,0,0,0
2026-08-27 07:00:00,,,,,,,,,0,1,0.9659258262890683,-0.25881904510252063,0.43388373911755823,-0.900968867902419,405.9122124594624,75.51727721196325,0,0,0,0
2026-08-27 08:00:00,,,,,,,,,0,1,0.8660254037844387,-0.4999999999999998,0.43388373911755823,-0.900968867902419,405.9122124594624,75.51727721196325,0,0,0,0
2026-08-27 09:00:00,,,,,,,,,0,1,0.7071067811865476,-0.7071067811865475,0.43388373911755823,-0.900968867902419,405.9122124594624,75.51727721196325,0,0,0,0
2026-08-27 10:00:00,7585.16,7.2,0.839,90.0,28.3,62.0,1011.0,4.63,0,1,0.49999999999999994,-0.8660254037844387,0.43388373911755823,-0.900968867902419,405.9122124594624,75.51727721196325,0,0,1,1
